cve_id,cvss_score,exploit_type,port,priority_label
CVE-2018-19524,9.8,exploitdb,80,medium
CVE-2014-2575,6.5,exploitdb,80,medium
CVE-2015-2794,9.8,exploitdb,80,medium
CVE-2016-6272,7.5,exploitdb,443,medium
CVE-2014-4311,5.0,exploitdb,443,medium
CVE-2014-4312,4.3,exploitdb,443,medium
CVE-2015-5520,4.3,exploitdb,80,medium
CVE-2014-2043,6.5,exploitdb,80,medium
CVE-2019-13493,5.4,exploitdb,443,medium
CVE-2001-0093,7.2,exploitdb,23,medium
CVE-2004-0777,7.5,exploitdb,143,medium
CVE-2003-0849,7.5,exploitdb,5308,medium
CVE-2005-2878,7.5,exploitdb,143,medium
CVE-2001-0029,10.0,exploitdb,3128,medium
CVE-2001-0053,10.0,exploitdb,21,medium
CVE-2015-5452,7.5,exploitdb,443,medium
CVE-2015-5453,6.5,exploitdb,443,medium
CVE-2008-7232,10.0,metasploit,49,high
CVE-2014-5370,7.5,exploitdb,80,medium
CVE-2000-0443,7.5,exploitdb,8000,medium
CVE-2014-6271,9.8,exploitdb,444,high
CVE-2005-2799,7.5,exploitdb,80,medium
CVE-2017-6334,8.8,exploitdb,80,high
CVE-2016-6277,8.8,exploitdb,80,high
CVE-2016-10174,9.8,exploitdb,80,high
CVE-2016-10175,9.8,exploitdb,80,medium
CVE-2016-10176,9.8,exploitdb,80,medium
CVE-2019-9624,7.8,exploitdb,10000,medium
CVE-2014-8387,9.0,exploitdb,80,medium
CVE-2014-9345,7.5,exploitdb,80,medium
CVE-2015-9266,9.8,exploitdb,443,medium
CVE-2007-3010,9.8,exploitdb,443,high
CVE-2018-11509,9.8,exploitdb,8001,medium
CVE-2018-11510,9.8,exploitdb,8001,medium
CVE-2018-11511,9.8,exploitdb,8001,medium
CVE-2015-2248,6.8,exploitdb,443,medium
CVE-2010-3906,4.3,exploitdb,80,medium
CVE-2014-6137,4.3,exploitdb,52311,medium
CVE-2019-8387,9.8,exploitdb,80,medium
CVE-2017-16787,6.5,exploitdb,443,medium
CVE-2015-6023,7.3,exploitdb,80,medium
CVE-2015-6024,9.8,exploitdb,80,medium
CVE-2017-8835,9.8,exploitdb,443,medium
CVE-2017-8836,8.8,exploitdb,443,medium
CVE-2017-8837,9.8,exploitdb,443,medium
CVE-2017-8838,6.1,exploitdb,443,medium
CVE-2017-8839,6.1,exploitdb,443,medium
CVE-2017-8840,5.3,exploitdb,443,medium
CVE-2017-8841,8.1,exploitdb,443,medium
CVE-2018-20326,6.1,exploitdb,80,medium
CVE-2018-20503,6.1,exploitdb,80,medium
CVE-2014-6278,8.8,exploitdb,80,high
CVE-2013-6987,7.5,exploitdb,80,medium
CVE-2015-6911,7.5,exploitdb,5000,medium
CVE-2015-6912,10.0,exploitdb,5000,medium
CVE-2014-3806,5.0,exploitdb,80,medium
CVE-2014-2081,7.5,exploitdb,80,medium
CVE-2014-3976,5.0,exploitdb,80,medium
CVE-2000-0470,7.5,exploitdb,80,medium
CVE-2018-10594,9.8,exploitdb,80,medium
CVE-2013-0229,7.8,exploitdb,1900,medium
CVE-2013-0230,10.0,exploitdb,1900,medium
CVE-2013-4890,7.8,exploitdb,5600,medium
CVE-2015-5374,7.8,exploitdb,50000,medium
CVE-2019-6973,7.5,exploitdb,5000,medium
CVE-2018-15172,7.5,exploitdb,80,medium
CVE-2013-1606,7.5,exploitdb,554,medium
CVE-2015-2857,9.8,exploitdb,443,medium
CVE-2014-9583,10.0,exploitdb,9999,medium
CVE-2013-6343,10.0,exploitdb,80,medium
CVE-2018-5999,9.8,exploitdb,9999,medium
CVE-2018-6000,9.8,exploitdb,9999,medium
CVE-2014-1635,10.0,exploitdb,8080,medium
CVE-2016-6366,8.8,exploitdb,161,high
CVE-2017-3881,9.8,exploitdb,23,high
CVE-2017-3881,9.8,exploitdb,23,high
CVE-2003-0647,7.5,exploitdb,80,medium
CVE-2014-0683,10.0,exploitdb,443,medium
CVE-2015-6396,7.8,exploitdb,443,medium
CVE-2019-1663,9.8,exploitdb,443,medium
CVE-2014-6278,8.8,exploitdb,443,high
CVE-2014-3936,10.0,exploitdb,80,medium
CVE-2014-2927,9.3,exploitdb,22,medium
CVE-2014-3220,9.0,exploitdb,443,medium
CVE-2015-3628,9.0,exploitdb,443,medium
CVE-2005-3757,7.5,exploitdb,80,medium
CVE-2009-2684,4.3,exploitdb,80,medium
CVE-2009-2684,4.3,exploitdb,80,medium
CVE-2017-2741,9.8,exploitdb,9100,medium
CVE-2018-10123,8.8,exploitdb,9100,medium
CVE-2007-0883,5.0,exploitdb,80,medium
CVE-2018-17173,9.8,exploitdb,9080,medium
CVE-2016-1555,9.8,exploitdb,80,high
CVE-2013-2751,10.0,exploitdb,443,medium
CVE-2016-10174,9.8,exploitdb,80,high
CVE-2014-6271,9.8,exploitdb,9993,high
CVE-2014-7169,9.8,exploitdb,9993,high
CVE-2014-7910,7.5,exploitdb,9993,medium
CVE-2009-3710,10.0,exploitdb,8022,medium
CVE-2014-0659,10.0,exploitdb,32764,medium
CVE-2013-3623,10.0,exploitdb,80,medium
CVE-2005-0494,7.5,exploitdb,80,medium
CVE-2019-6989,8.8,exploitdb,80,medium
CVE-2013-6021,9.3,exploitdb,8080,medium
CVE-2017-8221,7.5,exploitdb,80,medium
CVE-2017-8222,7.5,exploitdb,80,medium
CVE-2017-8223,7.5,exploitdb,80,medium
CVE-2017-8224,9.8,exploitdb,80,medium
CVE-2017-8225,9.8,exploitdb,80,medium
CVE-2018-13109,7.5,exploitdb,80,medium
CVE-2018-11510,9.8,exploitdb,443,medium
CVE-2015-2279,9.8,exploitdb,8080,medium
CVE-2019-6967,8.8,exploitdb,80,medium
CVE-2018-17587,6.1,exploitdb,80,medium
CVE-2018-17588,6.1,exploitdb,80,medium
CVE-2018-17590,6.1,exploitdb,80,medium
CVE-2018-17591,6.1,exploitdb,80,medium
CVE-2018-17593,6.1,exploitdb,80,medium
CVE-2015-2805,6.8,exploitdb,80,medium
CVE-2014-1982,10.0,exploitdb,80,medium
CVE-2014-8423,10.0,exploitdb,80,medium
CVE-2014-8424,7.8,exploitdb,80,medium
CVE-2014-8425,7.8,exploitdb,80,medium
CVE-2015-8256,6.1,exploitdb,80,medium
CVE-2014-3792,6.8,exploitdb,80,medium
CVE-2014-2046,9.7,exploitdb,80,medium
CVE-2018-0296,7.5,exploitdb,443,high
CVE-2019-1642,6.1,exploitdb,443,medium
CVE-2013-7204,6.8,exploitdb,80,medium
CVE-2019-6441,9.8,exploitdb,80,medium
CVE-2019-11017,4.8,exploitdb,80,medium
CVE-2013-7051,8.8,exploitdb,80,medium
CVE-2013-7052,9.8,exploitdb,80,medium
CVE-2013-7053,8.8,exploitdb,80,medium
CVE-2013-7054,6.1,exploitdb,80,medium
CVE-2013-7055,9.8,exploitdb,80,medium
CVE-2019-13101,9.8,exploitdb,80,medium
CVE-2013-3612,10.0,exploitdb,37777,medium
CVE-2013-3613,7.8,exploitdb,37777,medium
CVE-2013-3614,9.3,exploitdb,37777,medium
CVE-2013-3615,7.8,exploitdb,37777,medium
CVE-2013-6117,7.5,exploitdb,37777,medium
CVE-2019-10677,6.1,exploitdb,80,medium
CVE-2014-8272,5.0,exploitdb,623,medium
CVE-2018-12705,6.1,exploitdb,80,medium
CVE-2018-13032,8.8,exploitdb,443,medium
CVE-2019-9556,5.4,exploitdb,80,medium
CVE-2018-13374,4.3,exploitdb,443,high
CVE-2013-2574,7.5,exploitdb,80,medium
CVE-2013-7247,5.0,exploitdb,10001,medium
CVE-2013-7248,10.0,exploitdb,10001,medium
CVE-2019-6272,8.8,exploitdb,80,medium
CVE-2019-6273,6.5,exploitdb,80,medium
CVE-2019-6274,8.8,exploitdb,80,medium
CVE-2019-6275,8.8,exploitdb,80,medium
CVE-2018-7921,6.5,exploitdb,80,medium
CVE-2017-17215,8.8,exploitdb,37215,medium
CVE-2019-19516,6.5,exploitdb,80,medium
CVE-2018-16288,8.6,exploitdb,9080,medium
CVE-2018-17173,9.8,exploitdb,9080,medium
CVE-2015-0554,9.4,exploitdb,80,medium
CVE-2019-6282,8.8,exploitdb,80,medium
CVE-2019-6279,8.8,exploitdb,80,medium
CVE-2018-0706,8.8,exploitdb,443,medium
CVE-2018-0707,7.2,exploitdb,443,medium
CVE-2018-0708,8.8,exploitdb,443,medium
CVE-2018-0709,8.8,exploitdb,443,medium
CVE-2018-0710,8.8,exploitdb,443,medium
CVE-2019-7385,7.8,exploitdb,80,medium
CVE-2018-15884,8.8,exploitdb,80,medium
CVE-2018-19616,8.1,exploitdb,80,medium
CVE-2013-5030,7.2,exploitdb,80,medium
CVE-2013-5037,3.3,exploitdb,80,low
CVE-2013-5038,5.8,exploitdb,80,medium
CVE-2013-5039,5.4,exploitdb,80,medium
CVE-2013-5218,2.9,exploitdb,80,low
CVE-2013-5219,3.3,exploitdb,80,low
CVE-2013-5220,6.1,exploitdb,80,medium
CVE-2013-3585,5.0,exploitdb,80,medium
CVE-2013-3586,7.6,exploitdb,80,medium
CVE-2017-6026,9.1,exploitdb,80,medium
CVE-2014-8687,9.8,exploitdb,80,medium
CVE-2019-13529,8.8,exploitdb,80,medium
CVE-2014-9142,4.3,exploitdb,80,medium
CVE-2014-9143,4.3,exploitdb,80,medium
CVE-2014-9144,7.5,exploitdb,80,medium
CVE-2014-1677,7.5,exploitdb,80,medium
CVE-2014-5246,10.0,exploitdb,80,medium
CVE-2018-14497,5.4,exploitdb,80,medium
CVE-2015-5996,8.8,exploitdb,80,medium
CVE-2014-10018,4.3,exploitdb,80,medium
CVE-2019-6971,9.8,exploitdb,80,medium
CVE-2018-13134,6.1,exploitdb,80,medium
CVE-2018-13859,9.8,exploitdb,80,medium
CVE-2014-2225,8.8,exploitdb,80,medium
CVE-2018-14064,9.8,exploitdb,80,medium
CVE-2014-3138,6.5,exploitdb,8080,medium
CVE-2015-7257,7.5,exploitdb,80,medium
CVE-2015-7258,8.8,exploitdb,80,medium
CVE-2015-7259,8.8,exploitdb,80,medium
CVE-2018-7355,6.1,exploitdb,80,medium
CVE-2014-8493,5.0,exploitdb,80,medium
CVE-2014-0329,9.3,exploitdb,80,medium
CVE-2019-6710,8.8,exploitdb,80,medium
CVE-2014-4162,6.8,exploitdb,80,medium
CVE-2019-7391,8.8,exploitdb,80,medium
CVE-2019-9955,6.1,exploitdb,80,medium
CVE-2005-3277,10.0,exploitdb,515,medium
CVE-2002-1473,4.6,exploitdb,515,medium
CVE-2001-0800,10.0,metasploit,515,high
CVE-2016-0709,7.2,exploitdb,8080,medium
CVE-2016-0710,8.8,exploitdb,8080,medium
CVE-2013-4212,6.8,exploitdb,8080,medium
CVE-2012-0394,6.8,exploitdb,8080,medium
CVE-2019-1619,9.8,exploitdb,443,medium
CVE-2019-1620,9.8,exploitdb,443,medium
CVE-2019-1622,5.3,exploitdb,443,medium
CVE-2015-1427,9.8,exploitdb,9200,high
CVE-2014-3120,8.1,exploitdb,9200,high
CVE-2013-6221,10.0,exploitdb,5814,medium
CVE-2015-2342,10.0,exploitdb,1617,medium
CVE-2015-8103,9.8,exploitdb,8080,medium
CVE-2014-8741,9.8,exploitdb,9788,medium
CVE-2014-5301,8.8,exploitdb,8080,medium
CVE-2014-6034,5.0,exploitdb,80,medium
CVE-2011-2653,10.0,exploitdb,8080,medium
CVE-2015-0779,10.0,exploitdb,443,medium
CVE-2016-0491,6.4,exploitdb,8088,medium
CVE-2016-0492,6.4,exploitdb,8088,medium
CVE-2014-8516,9.8,exploitdb,8001,medium
CVE-2018-7739,9.8,exploitdb,3000,medium
CVE-2015-1833,6.4,exploitdb,8080,medium
CVE-2015-0516,4.0,exploitdb,58080,medium
CVE-2018-12090,6.1,exploitdb,8080,medium
CVE-2016-1607,7.2,exploitdb,9443,medium
CVE-2016-1608,8.8,exploitdb,9443,medium
CVE-2016-1609,5.4,exploitdb,9443,medium
CVE-2016-1610,7.5,exploitdb,9443,medium
CVE-2016-1611,7.8,exploitdb,9443,medium
CVE-2016-7065,8.8,exploitdb,8080,medium
CVE-2019-6804,6.1,exploitdb,80,medium
CVE-2019-3799,6.5,exploitdb,8888,medium
CVE-2016-2203,7.8,exploitdb,443,medium
CVE-2015-2746,6.5,exploitdb,9447,medium
CVE-2018-18865,8.1,exploitdb,54890,medium
CVE-2010-1871,8.8,exploitdb,8080,high
CVE-2015-8249,9.8,exploitdb,8020,medium
CVE-2012-3152,9.1,exploitdb,80,high
CVE-2012-3153,6.4,exploitdb,80,medium
CVE-2019-10267,8.8,exploitdb,443,medium
CVE-2019-10266,7.5,exploitdb,80,medium
CVE-2015-3897,5.0,exploitdb,8080,medium
CVE-2015-3898,6.1,exploitdb,8080,medium
CVE-2015-4591,6.1,exploitdb,80,medium
CVE-2015-4592,8.8,exploitdb,80,medium
CVE-2015-4593,8.8,exploitdb,80,medium
CVE-2015-4594,9.8,exploitdb,80,medium
CVE-2014-0864,6.8,exploitdb,80,medium
CVE-2014-0865,4.9,exploitdb,80,medium
CVE-2014-0866,4.3,exploitdb,80,medium
CVE-2014-0867,5.8,exploitdb,80,medium
CVE-2014-0868,4.9,exploitdb,80,medium
CVE-2014-0869,4.3,exploitdb,80,medium
CVE-2014-0870,4.3,exploitdb,80,medium
CVE-2014-0871,4.3,exploitdb,80,medium
CVE-2014-0894,3.5,exploitdb,80,low
CVE-2015-6944,6.8,exploitdb,8081,medium
CVE-2015-6945,4.3,exploitdb,8081,medium
CVE-2014-6037,7.5,exploitdb,8400,medium
CVE-2014-6043,6.5,exploitdb,8400,medium
CVE-2015-6493,6.8,exploitdb,80,medium
CVE-2015-6494,3.5,exploitdb,80,low
CVE-2015-7900,4.3,exploitdb,80,medium
CVE-2015-7901,6.5,exploitdb,80,medium
CVE-2015-7902,5.0,exploitdb,80,medium
CVE-2015-7903,6.5,exploitdb,80,medium
CVE-2015-7904,6.5,exploitdb,80,medium
CVE-2014-2586,4.3,exploitdb,80,medium
CVE-2014-2587,6.5,exploitdb,80,medium
CVE-2014-2588,4.0,exploitdb,80,medium
CVE-2018-18775,6.1,exploitdb,80,medium
CVE-2018-18776,6.1,exploitdb,80,medium
CVE-2018-18777,4.3,exploitdb,80,medium
CVE-2014-9000,6.5,exploitdb,8585,medium
CVE-2014-5216,4.3,exploitdb,8443,medium
CVE-2014-9412,4.3,exploitdb,8443,medium
CVE-2015-6973,6.8,exploitdb,80,medium
CVE-2015-6972,4.3,exploitdb,80,medium
CVE-2015-7707,6.5,exploitdb,80,medium
CVE-2016-0491,6.4,exploitdb,8088,medium
CVE-2016-0492,6.4,exploitdb,8088,medium
CVE-2014-8555,5.0,exploitdb,9090,medium
CVE-2014-0999,5.0,exploitdb,80,medium
CVE-2014-8391,4.0,exploitdb,80,medium
CVE-2016-4315,5.7,exploitdb,9443,medium
CVE-2016-4314,4.9,exploitdb,9443,medium
CVE-2016-4316,6.1,exploitdb,9443,medium
CVE-2015-7346,9.8,exploitdb,8080,medium
CVE-2015-7347,4.8,exploitdb,8080,medium
CVE-2014-4927,7.8,exploitdb,80,medium
CVE-2003-0245,5.0,exploitdb,80,medium
CVE-2018-7286,6.5,exploitdb,5061,medium
CVE-2018-7284,7.5,exploitdb,5060,medium
CVE-2009-3586,7.5,exploitdb,80,medium
CVE-2018-1000115,7.5,exploitdb,11211,medium
CVE-2018-1000115,7.5,exploitdb,11211,medium
CVE-2013-5211,5.0,exploitdb,123,medium
CVE-2019-6442,6.5,exploitdb,123,medium
CVE-2019-6443,9.1,exploitdb,123,medium
CVE-2019-6445,6.5,exploitdb,123,medium
CVE-2019-6444,9.1,exploitdb,123,medium
CVE-2015-6908,5.0,exploitdb,389,medium
CVE-2001-0136,5.0,exploitdb,21,medium
CVE-2001-0136,5.0,exploitdb,21,medium
CVE-2017-6542,9.8,exploitdb,22,medium
CVE-2017-8779,7.5,exploitdb,111,medium
CVE-2013-4124,5.0,exploitdb,139,medium
CVE-2013-5745,7.1,exploitdb,5900,medium
CVE-2016-6662,9.8,exploitdb,3306,medium
CVE-2014-3804,10.0,exploitdb,40007,medium
CVE-2014-3804,10.0,exploitdb,40007,medium
CVE-2014-3805,10.0,exploitdb,40007,medium
CVE-2017-12635,9.8,exploitdb,5984,medium
CVE-2017-12636,7.2,exploitdb,5984,medium
CVE-2003-0842,7.5,exploitdb,80,medium
CVE-2016-3081,8.1,exploitdb,8080,medium
CVE-2018-11776,8.1,exploitdb,8080,high
CVE-2007-6258,7.5,exploitdb,80,medium
CVE-2007-0774,7.5,exploitdb,80,medium
CVE-2003-0380,7.5,exploitdb,69,medium
CVE-2018-10660,9.8,exploitdb,80,medium
CVE-2018-10661,9.8,exploitdb,80,medium
CVE-2018-10662,9.8,exploitdb,80,medium
CVE-2014-6271,9.8,exploitdb,80,high
CVE-2014-7169,9.8,exploitdb,80,high
CVE-2014-7910,7.5,exploitdb,80,medium
CVE-2004-1388,7.5,exploitdb,2947,medium
CVE-2004-1388,7.5,exploitdb,2947,medium
CVE-2004-1388,7.5,exploitdb,2947,medium
CVE-2015-0935,7.5,exploitdb,443,medium
CVE-2007-5243,9.3,exploitdb,3050,medium
CVE-2007-5243,9.3,exploitdb,3050,medium
CVE-2007-5243,9.3,exploitdb,3050,medium
CVE-2007-5244,9.3,exploitdb,3050,medium
CVE-2004-2043,5.0,exploitdb,3050,medium
CVE-2015-0936,9.8,exploitdb,22,medium
CVE-2004-1705,5.0,exploitdb,504,medium
CVE-2004-1705,5.0,exploitdb,504,medium
CVE-2004-1192,10.0,exploitdb,504,medium
CVE-2003-1481,5.8,exploitdb,80,medium
CVE-2007-4060,9.0,exploitdb,80,medium
CVE-2006-1236,7.5,exploitdb,13327,medium
CVE-2014-6271,9.8,exploitdb,631,high
CVE-2014-7169,9.8,exploitdb,631,high
CVE-2014-7910,7.5,exploitdb,631,medium
CVE-2006-2502,5.1,exploitdb,110,medium
CVE-2006-2502,5.1,exploitdb,110,medium
CVE-2009-2765,8.3,exploitdb,80,medium
CVE-2007-1465,10.0,exploitdb,53,medium
CVE-2015-1427,9.8,exploitdb,9200,high
CVE-2015-5082,10.0,exploitdb,10443,medium
CVE-2016-1560,9.8,exploitdb,22,medium
CVE-2016-1561,7.5,exploitdb,22,medium
CVE-2015-0235,10.0,exploitdb,25,medium
CVE-2018-6789,9.8,exploitdb,25,high
CVE-2018-6789,9.8,exploitdb,25,high
CVE-2001-1078,10.0,exploitdb,25,medium
CVE-2007-5466,10.0,exploitdb,4501,medium
CVE-2007-5467,10.0,exploitdb,4501,medium
CVE-2007-5466,10.0,exploitdb,143,medium
CVE-2007-5467,10.0,exploitdb,143,medium
CVE-2008-6825,6.8,exploitdb,80,medium
CVE-2013-2121,6.0,exploitdb,443,medium
CVE-2013-4490,6.5,exploitdb,443,medium
CVE-2005-1100,7.5,exploitdb,2525,medium
CVE-2005-2878,7.5,exploitdb,143,medium
CVE-2005-2878,7.5,exploitdb,143,medium
CVE-2005-1523,7.5,exploitdb,143,medium
CVE-2017-17562,8.1,exploitdb,80,high
CVE-2003-0755,10.0,exploitdb,21,medium
CVE-2015-4624,7.5,exploitdb,1471,medium
CVE-2014-4880,7.5,exploitdb,554,medium
CVE-2014-2624,10.0,exploitdb,7426,medium
CVE-2000-0284,7.5,exploitdb,143,medium
CVE-2000-0284,7.5,exploitdb,143,medium
CVE-2005-1255,10.0,exploitdb,143,medium
CVE-2001-0010,10.0,exploitdb,53,medium
CVE-2001-0010,10.0,exploitdb,53,medium
CVE-2001-0010,10.0,exploitdb,53,medium
CVE-2016-9299,9.8,exploitdb,8080,medium
CVE-2013-2143,6.5,exploitdb,443,medium
CVE-2003-0487,7.5,exploitdb,25,medium
CVE-2005-0491,10.0,exploitdb,617,medium
CVE-2003-0686,7.5,exploitdb,23,medium
CVE-2005-3524,10.0,exploitdb,21,medium
CVE-2000-0917,10.0,exploitdb,515,medium
CVE-2000-0917,10.0,exploitdb,515,medium
CVE-2000-0917,10.0,exploitdb,515,medium
CVE-2004-0735,7.5,exploitdb,12203,medium
CVE-2013-0230,10.0,exploitdb,5555,medium
CVE-2003-0437,7.5,exploitdb,80,medium
CVE-2003-1083,10.0,exploitdb,2812,medium
CVE-2004-1898,10.0,exploitdb,2812,medium
CVE-2004-1897,5.0,exploitdb,2812,medium
CVE-2013-3630,4.6,exploitdb,80,medium
CVE-2005-0958,7.5,exploitdb,21,medium
CVE-2003-0780,9.0,exploitdb,3306,medium
CVE-2006-1518,6.5,exploitdb,3306,medium
CVE-2008-0226,7.5,exploitdb,3306,medium
CVE-2013-1362,7.5,exploitdb,5666,medium
CVE-2018-8733,9.8,exploitdb,80,medium
CVE-2018-8734,9.8,exploitdb,80,medium
CVE-2018-8735,8.8,exploitdb,80,medium
CVE-2018-8736,8.8,exploitdb,80,medium
CVE-2005-0101,7.5,exploitdb,119,medium
CVE-2013-2028,7.5,exploitdb,80,medium
CVE-2005-0226,7.5,exploitdb,6667,medium
CVE-2001-0414,10.0,exploitdb,123,medium
CVE-2004-2523,6.5,exploitdb,21,medium
CVE-2004-2523,6.5,exploitdb,21,medium
CVE-2006-6493,5.1,exploitdb,389,medium
CVE-2013-3632,8.8,exploitdb,80,medium
CVE-2018-19276,9.8,exploitdb,8081,medium
CVE-2013-1349,7.5,exploitdb,80,medium
CVE-2020-7247,9.8,exploitdb,25,high
CVE-2016-6210,5.9,exploitdb,22,medium
CVE-2016-10009,7.3,exploitdb,22,medium
CVE-2018-15473,5.3,exploitdb,22,medium
CVE-2016-6210,5.9,exploitdb,22,medium
CVE-2008-0166,7.5,exploitdb,22,medium
CVE-2008-0166,7.5,exploitdb,22,medium
CVE-2008-3280,5.9,exploitdb,22,medium
CVE-2008-0166,7.5,exploitdb,22,medium
CVE-2005-4714,7.5,exploitdb,1589,medium
CVE-2004-1437,7.5,exploitdb,80,medium
CVE-2005-1806,7.5,exploitdb,7144,medium
CVE-2006-1148,7.5,exploitdb,7144,medium
CVE-2000-0967,10.0,exploitdb,80,medium
CVE-2004-0594,5.1,exploitdb,80,medium
CVE-2013-6829,7.5,exploitdb,7443,medium
CVE-2013-6830,7.5,exploitdb,7443,medium
CVE-2013-6831,7.2,exploitdb,7443,medium
CVE-2003-0213,7.5,exploitdb,1723,medium
CVE-2003-0213,7.5,exploitdb,1723,medium
CVE-2003-0213,7.5,exploitdb,1723,medium
CVE-2006-0681,7.5,exploitdb,532,medium
CVE-2003-0831,9.0,exploitdb,21,medium
CVE-2003-0500,10.0,exploitdb,21,medium
CVE-2003-0831,9.0,exploitdb,21,medium
CVE-2006-5815,10.0,exploitdb,21,medium
CVE-2004-1120,10.0,exploitdb,8080,medium
CVE-2005-0523,7.5,exploitdb,8080,medium
CVE-2005-2961,7.5,exploitdb,8080,medium
CVE-2014-6271,9.8,exploitdb,21,high
CVE-2014-7169,9.8,exploitdb,21,high
CVE-2014-7910,7.5,exploitdb,21,medium
CVE-2018-0706,8.8,exploitdb,443,medium
CVE-2018-0707,7.2,exploitdb,443,medium
CVE-2004-2677,7.5,exploitdb,25,medium
CVE-2014-8361,9.8,exploitdb,52869,high
CVE-2013-2068,9.4,exploitdb,443,medium
CVE-2004-0416,10.0,exploitdb,2401,medium
CVE-2004-0393,10.0,exploitdb,7290,medium
CVE-2002-0048,10.0,exploitdb,873,medium
CVE-2002-0048,10.0,exploitdb,873,medium
CVE-2019-5420,9.8,exploitdb,3000,medium
CVE-2005-1099,10.0,exploitdb,2525,medium
CVE-2003-0201,10.0,exploitdb,139,medium
CVE-2003-0085,10.0,exploitdb,139,medium
CVE-2003-0201,10.0,exploitdb,139,medium
CVE-2004-0600,10.0,exploitdb,901,medium
CVE-2003-0161,10.0,exploitdb,25,medium
CVE-2004-1373,7.5,exploitdb,8000,medium
CVE-2007-4566,10.0,exploitdb,389,medium
CVE-2005-0892,10.0,exploitdb,25,medium
CVE-2007-5184,7.5,exploitdb,21,medium
CVE-2005-1246,10.0,exploitdb,164,medium
CVE-2005-3252,7.5,exploitdb,9080,medium
CVE-2013-4983,10.0,exploitdb,443,medium
CVE-2004-0397,7.5,exploitdb,3690,medium
CVE-2005-1110,7.5,exploitdb,81,medium
CVE-2017-11610,8.8,exploitdb,9001,medium
CVE-2014-7285,6.5,exploitdb,443,medium
CVE-2017-8051,9.8,exploitdb,8000,medium
CVE-2017-12478,9.8,exploitdb,443,medium
CVE-2018-6328,9.8,exploitdb,443,medium
CVE-2000-0284,7.5,exploitdb,143,medium
CVE-2004-0608,10.0,exploitdb,7787,medium
CVE-2009-2936,7.5,exploitdb,6082,medium
CVE-2013-4467,6.5,exploitdb,80,medium
CVE-2013-4468,6.5,exploitdb,80,medium
CVE-2013-7382,5.0,exploitdb,80,medium
CVE-2005-2041,5.0,exploitdb,8080,medium
CVE-2014-5073,7.5,exploitdb,80,medium
CVE-2007-2668,6.8,exploitdb,8080,medium
CVE-2003-0339,7.5,exploitdb,8000,medium
CVE-1999-0368,10.0,exploitdb,21,medium
CVE-1999-0368,10.0,exploitdb,21,medium
CVE-2001-0550,7.5,exploitdb,21,medium
CVE-2003-0466,9.8,exploitdb,21,medium
CVE-2003-0466,9.8,exploitdb,21,medium
CVE-2000-0284,7.5,exploitdb,143,medium
CVE-2004-1636,10.0,exploitdb,69,medium
CVE-2005-3081,4.6,exploitdb,21,medium
CVE-2004-1475,5.1,exploitdb,80,medium
CVE-2017-16666,8.8,exploitdb,9876,medium
CVE-2013-3628,8.8,exploitdb,80,medium
CVE-2019-9621,7.5,exploitdb,8443,high
CVE-2019-9670,9.8,exploitdb,8443,high
CVE-2016-0784,6.5,exploitdb,5080,medium
CVE-2015-8257,8.8,exploitdb,80,medium
CVE-2014-5350,5.0,exploitdb,443,medium
CVE-2014-4865,6.8,exploitdb,8090,medium
CVE-2008-1985,4.3,exploitdb,80,medium
CVE-2015-5531,5.0,exploitdb,9200,medium
CVE-2008-6825,6.8,exploitdb,80,medium
CVE-2013-2113,6.0,exploitdb,443,medium
CVE-2009-4827,6.8,exploitdb,80,medium
CVE-2014-9095,7.5,exploitdb,80,medium
CVE-2018-16736,5.4,exploitdb,443,medium
CVE-2016-5840,7.2,exploitdb,443,medium
CVE-2018-10575,9.8,exploitdb,443,medium
CVE-2018-10576,7.8,exploitdb,443,medium
CVE-2018-10577,8.8,exploitdb,443,medium
CVE-2015-6541,8.8,exploitdb,443,medium
CVE-2013-7091,5.0,exploitdb,7071,medium
CVE-2019-20215,9.8,exploitdb,1900,medium
CVE-2020-10882,8.8,exploitdb,20002,medium
CVE-2020-10883,7.8,exploitdb,20002,medium
CVE-2020-10884,8.8,exploitdb,20002,medium
CVE-2001-0797,10.0,exploitdb,23,medium
CVE-2000-0573,10.0,exploitdb,21,medium
CVE-2007-1866,10.0,exploitdb,53,medium
CVE-2017-12477,9.8,exploitdb,1743,medium
CVE-2017-12478,9.8,exploitdb,443,medium
CVE-2004-0493,6.4,exploitdb,80,medium
CVE-2017-17090,7.5,exploitdb,2000,medium
CVE-2018-6317,9.1,exploitdb,3333,medium
CVE-2009-3591,5.0,exploitdb,7902,medium
CVE-2009-3111,5.0,exploitdb,1812,medium
CVE-2016-2776,7.5,exploitdb,53,medium
CVE-2017-7478,7.5,exploitdb,1194,medium
CVE-2002-0741,5.0,exploitdb,31337,medium
CVE-2018-12584,9.8,exploitdb,5061,medium
CVE-2010-2435,5.0,exploitdb,80,medium
CVE-2013-4074,5.0,exploitdb,5247,medium
CVE-2009-3704,5.0,exploitdb,5060,medium
CVE-2017-5637,7.5,exploitdb,2181,medium
CVE-2013-0632,9.8,exploitdb,80,high
CVE-2009-3068,9.3,metasploit,8080,high
CVE-2003-0651,7.5,exploitdb,80,medium
CVE-2014-0094,5.0,exploitdb,8080,medium
CVE-2014-0112,7.5,exploitdb,8080,medium
CVE-2014-0113,7.5,exploitdb,8080,medium
CVE-2013-1966,9.3,exploitdb,8080,medium
CVE-2013-2115,8.1,exploitdb,8080,medium
CVE-2016-3087,9.8,exploitdb,8080,medium
CVE-2013-2251,9.8,exploitdb,8080,high
CVE-2017-9791,9.8,exploitdb,8080,high
CVE-2018-11776,8.1,exploitdb,8080,high
CVE-2017-5638,9.8,exploitdb,8080,high
CVE-2009-3548,7.5,exploitdb,80,medium
CVE-2015-5603,6.5,exploitdb,8080,medium
CVE-2018-20735,7.8,exploitdb,3181,medium
CVE-2006-0460,7.5,exploitdb,11000,medium
CVE-2007-4560,7.6,exploitdb,25,medium
CVE-2009-2820,4.3,exploitdb,80,medium
CVE-2004-0396,7.5,exploitdb,2401,medium
CVE-2016-6563,9.8,exploitdb,80,medium
CVE-2004-2687,9.3,metasploit,3632,high
CVE-2005-0439,7.5,exploitdb,8080,medium
CVE-2000-1036,5.0,exploitdb,8002,medium
CVE-2013-7392,7.5,exploitdb,80,medium
CVE-2014-4511,7.5,exploitdb,80,medium
CVE-2016-7098,8.1,exploitdb,80,medium
CVE-2015-1497,10.0,exploitdb,3465,medium
CVE-2001-0311,4.6,exploitdb,5555,medium
CVE-2001-0311,4.6,exploitdb,5555,medium
CVE-2017-5689,9.8,exploitdb,16992,high
CVE-2015-3292,10.0,exploitdb,8000,medium
CVE-2016-0792,8.8,exploitdb,8080,medium
CVE-2005-0491,10.0,exploitdb,617,medium
CVE-2010-2333,5.0,exploitdb,80,medium
CVE-2014-6037,7.5,exploitdb,8400,medium
CVE-2014-1610,6.0,exploitdb,80,medium
CVE-2004-0627,10.0,exploitdb,3306,medium
CVE-2018-1000049,7.5,exploitdb,3333,medium
CVE-2009-3898,4.9,exploitdb,80,medium
CVE-2016-1593,7.2,exploitdb,80,medium
CVE-2010-5323,10.0,metasploit,80,high
CVE-2010-5324,10.0,metasploit,80,high
CVE-2016-3115,6.4,exploitdb,22,medium
CVE-2014-0160,7.5,exploitdb,443,high
CVE-2014-0160,7.5,exploitdb,443,high
CVE-2014-0160,7.5,exploitdb,443,high
CVE-2019-2725,9.8,exploitdb,7001,high
CVE-2019-9193,7.2,exploitdb,5432,medium
CVE-2014-5468,8.8,exploitdb,80,medium
CVE-2003-0725,7.5,exploitdb,554,medium
CVE-2006-2369,7.5,exploitdb,5900,medium
CVE-2006-2369,7.5,exploitdb,5900,medium
CVE-2014-3914,10.0,exploitdb,8888,medium
CVE-2003-0201,10.0,exploitdb,139,medium
CVE-2008-0244,10.0,exploitdb,7210,medium
CVE-2007-4560,7.6,exploitdb,25,medium
CVE-2008-0960,10.0,exploitdb,161,medium
CVE-2004-0541,10.0,exploitdb,3129,medium
CVE-2001-0144,10.0,exploitdb,22,medium
CVE-2004-0397,7.5,exploitdb,3690,medium
CVE-2014-1649,7.9,exploitdb,9855,medium
CVE-2013-1428,6.5,exploitdb,655,medium
CVE-2018-5702,8.8,exploitdb,9091,medium
CVE-2005-2715,10.0,exploitdb,13722,medium
CVE-2006-3392,5.0,exploitdb,10000,medium
CVE-2006-3392,5.0,exploitdb,10000,medium
CVE-2015-7709,10.0,exploitdb,617,medium
CVE-2000-0573,10.0,exploitdb,21,medium
CVE-2005-3081,4.6,exploitdb,21,medium
CVE-2015-1368,4.3,exploitdb,80,medium
CVE-2015-1481,6.5,exploitdb,80,medium
CVE-2015-1482,5.0,exploitdb,80,medium
CVE-2010-0641,4.3,exploitdb,80,medium
CVE-2010-0642,5.0,exploitdb,80,medium
CVE-2010-1931,7.5,exploitdb,80,medium
CVE-2014-2879,4.3,exploitdb,8619,medium
CVE-2019-12562,6.1,exploitdb,80,medium
CVE-2016-0891,8.8,exploitdb,58080,medium
CVE-2019-16065,8.8,exploitdb,80,medium
CVE-2014-8681,7.5,exploitdb,80,medium
CVE-2014-2647,4.3,exploitdb,383,medium
CVE-2018-1821,7.1,exploitdb,9443,medium
CVE-2014-5335,6.8,exploitdb,80,medium
CVE-2018-10956,7.5,exploitdb,80,medium
CVE-2009-4679,7.5,exploitdb,80,medium
CVE-2014-5287,8.8,exploitdb,80,medium
CVE-2014-5288,8.8,exploitdb,80,medium
CVE-2014-6271,9.8,exploitdb,80,high
CVE-2014-7169,9.8,exploitdb,80,high
CVE-2014-7910,7.5,exploitdb,80,medium
CVE-2014-9331,6.8,exploitdb,8020,medium
CVE-2014-3996,7.5,exploitdb,8020,medium
CVE-2019-5893,9.8,exploitdb,80,medium
CVE-2015-4420,4.3,exploitdb,80,medium
CVE-2017-1000028,7.5,exploitdb,4848,medium
CVE-2019-2413,6.1,exploitdb,443,medium
CVE-2014-2044,7.5,exploitdb,80,medium
CVE-2014-9181,5.0,exploitdb,32400,medium
CVE-2014-9304,7.5,exploitdb,32400,medium
CVE-2019-10685,6.1,exploitdb,80,medium
CVE-2008-1470,4.3,exploitdb,80,medium
CVE-2019-9701,4.8,exploitdb,8443,medium
CVE-2010-0690,7.5,exploitdb,80,medium
CVE-2009-4086,5.0,exploitdb,80,medium
CVE-2009-4502,9.3,exploitdb,80,medium
CVE-2009-4498,6.8,exploitdb,80,medium
CVE-2009-4499,7.5,exploitdb,80,medium
CVE-2009-4501,5.0,exploitdb,80,medium
CVE-2010-2351,10.0,exploitdb,139,medium
CVE-2010-1929,9.0,exploitdb,48080,medium
CVE-2010-1930,5.0,exploitdb,48080,medium
CVE-2017-5850,7.5,exploitdb,80,medium
CVE-2004-0430,5.1,exploitdb,548,medium
CVE-2006-0396,5.1,exploitdb,25,medium
CVE-2010-2309,7.5,exploitdb,8080,medium
CVE-2006-0395,5.1,exploitdb,25,medium
CVE-2004-0430,5.1,exploitdb,548,medium
CVE-2003-0201,10.0,exploitdb,139,medium
CVE-2005-2715,10.0,exploitdb,13722,medium
CVE-2004-0695,7.5,exploitdb,21,medium
CVE-2014-9016,5.0,exploitdb,80,medium
CVE-2016-5399,7.8,exploitdb,80,medium
CVE-2014-9034,5.0,exploitdb,80,medium
CVE-2014-9034,5.0,exploitdb,80,medium
CVE-2012-1823,9.8,exploitdb,80,high
CVE-2012-2311,7.5,exploitdb,80,medium
CVE-2012-2336,5.0,exploitdb,80,medium
CVE-2016-2555,9.8,exploitdb,80,medium
CVE-2015-7309,6.5,exploitdb,80,medium
CVE-2019-9692,6.5,exploitdb,80,medium
CVE-2018-7600,9.8,exploitdb,80,high
CVE-2013-5696,6.8,exploitdb,80,medium
CVE-2014-1691,7.5,exploitdb,80,medium
CVE-2014-3080,4.3,exploitdb,443,medium
CVE-2014-3081,6.3,exploitdb,443,medium
CVE-2014-3085,7.1,exploitdb,443,medium
CVE-2013-3629,8.8,exploitdb,80,medium
CVE-2015-7297,7.5,exploitdb,80,medium
CVE-2015-7857,7.5,exploitdb,80,medium
CVE-2015-7858,7.5,exploitdb,80,medium
CVE-2014-7228,7.5,exploitdb,80,medium
CVE-2013-5576,6.8,exploitdb,80,medium
CVE-2008-4687,9.0,exploitdb,80,medium
CVE-2014-7146,7.5,exploitdb,80,medium
CVE-2013-3631,6.0,exploitdb,80,medium
CVE-2018-14933,9.8,exploitdb,80,high
CVE-2009-4140,7.5,exploitdb,80,medium
CVE-2011-4275,4.3,exploitdb,80,medium
CVE-2010-4279,10.0,exploitdb,80,medium
CVE-2018-12613,8.8,exploitdb,80,medium
CVE-2014-9567,7.5,exploitdb,80,medium
CVE-2014-8684,9.8,exploitdb,80,medium
CVE-2014-8686,9.8,exploitdb,80,medium
CVE-2014-8687,9.8,exploitdb,80,medium
CVE-2008-5191,7.5,exploitdb,80,medium
CVE-2019-10863,7.2,exploitdb,80,medium
CVE-2014-8791,6.0,exploitdb,80,medium
CVE-2017-7411,8.8,exploitdb,443,medium
CVE-2014-7236,9.1,exploitdb,80,medium
CVE-2013-3522,6.5,exploitdb,80,medium
CVE-2014-2268,5.0,exploitdb,80,medium
CVE-2013-3591,8.8,exploitdb,80,medium
CVE-2013-3214,9.8,exploitdb,80,medium
CVE-2015-6567,8.8,exploitdb,80,medium
CVE-2015-6568,8.8,exploitdb,80,medium
CVE-2019-8942,8.8,exploitdb,80,medium
CVE-2019-8943,6.5,exploitdb,80,medium
CVE-2014-8739,9.8,exploitdb,80,medium
CVE-2014-6446,7.5,exploitdb,80,medium
CVE-2014-4725,7.5,exploitdb,80,medium
CVE-2015-4133,7.5,exploitdb,80,medium
CVE-2014-9735,7.5,exploitdb,80,medium
CVE-2014-10021,7.5,exploitdb,80,medium
CVE-2014-8998,6.5,exploitdb,80,medium
CVE-2019-14221,5.4,exploitdb,80,medium
CVE-2019-11374,8.8,exploitdb,80,medium
CVE-2014-9434,3.5,exploitdb,80,low
CVE-2014-9435,6.5,exploitdb,80,medium
CVE-2017-16949,9.8,exploitdb,80,medium
CVE-2015-1058,4.3,exploitdb,80,medium
CVE-2015-1059,6.5,exploitdb,80,medium
CVE-2015-1060,5.8,exploitdb,80,medium
CVE-2018-19877,6.1,exploitdb,80,medium
CVE-2019-14346,8.8,exploitdb,80,medium
CVE-2017-17602,9.8,exploitdb,80,medium
CVE-2017-17599,9.8,exploitdb,80,medium
CVE-2018-18619,9.8,exploitdb,80,medium
CVE-2017-17598,9.8,exploitdb,80,medium
CVE-2014-5383,6.5,exploitdb,443,medium
CVE-2013-6058,7.5,exploitdb,80,medium
CVE-2015-6519,7.5,exploitdb,80,medium
CVE-2014-4170,9.8,exploitdb,80,medium
CVE-2015-5529,4.3,exploitdb,80,medium
CVE-2015-5530,6.8,exploitdb,80,medium
CVE-2014-1401,6.5,exploitdb,80,medium
CVE-2013-2945,6.5,exploitdb,80,medium
CVE-2014-8295,7.5,exploitdb,80,medium
CVE-2018-18804,9.8,exploitdb,80,medium
CVE-2017-17600,9.8,exploitdb,80,medium
CVE-2017-17595,9.8,exploitdb,80,medium
CVE-2015-6809,4.3,exploitdb,80,medium
CVE-2018-12739,8.8,exploitdb,80,medium
CVE-2015-2780,9.8,exploitdb,80,medium
CVE-2018-18308,6.1,exploitdb,80,medium
CVE-2015-8358,9.0,exploitdb,80,medium
CVE-2015-8357,6.5,exploitdb,80,medium
CVE-2015-5079,7.5,exploitdb,80,medium
CVE-2018-1000811,8.8,exploitdb,80,medium
CVE-2018-9206,9.8,exploitdb,80,medium
CVE-2019-9553,6.1,exploitdb,80,medium
CVE-2019-10874,8.8,exploitdb,80,medium
CVE-2018-19933,6.1,exploitdb,80,medium
CVE-2019-9581,8.8,exploitdb,80,medium
CVE-2014-4035,4.3,exploitdb,80,medium
CVE-2013-7137,9.8,exploitdb,80,medium
CVE-2016-4793,7.5,exploitdb,80,medium
CVE-2014-8305,6.4,exploitdb,80,medium
CVE-2014-8306,7.5,exploitdb,80,medium
CVE-2014-8307,4.3,exploitdb,80,medium
CVE-2015-1560,7.5,exploitdb,80,medium
CVE-2015-1561,6.5,exploitdb,80,medium
CVE-2015-6545,6.8,exploitdb,80,medium
CVE-2013-6787,6.0,exploitdb,80,medium
CVE-2015-8309,4.3,exploitdb,80,medium
CVE-2015-4659,6.8,exploitdb,80,medium
CVE-2015-2102,7.5,exploitdb,80,medium
CVE-2018-19135,8.8,exploitdb,80,medium
CVE-2016-2784,4.7,exploitdb,80,medium
CVE-2019-9692,6.5,exploitdb,80,medium
CVE-2014-9522,4.3,exploitdb,80,medium
CVE-2018-8057,9.8,exploitdb,80,medium
CVE-2018-9302,9.1,exploitdb,80,medium
CVE-2014-9581,5.0,exploitdb,80,medium
CVE-2014-9582,4.3,exploitdb,80,medium
CVE-2014-9261,5.0,exploitdb,80,medium
CVE-2013-6872,6.5,exploitdb,80,medium
CVE-2018-20418,4.8,exploitdb,80,medium
CVE-2019-9554,6.1,exploitdb,80,medium
CVE-2013-2639,4.3,exploitdb,80,medium
CVE-2014-1619,7.5,exploitdb,80,medium
CVE-2018-18803,9.8,exploitdb,80,medium
CVE-2006-4077,7.5,exploitdb,80,medium
CVE-2014-8997,7.5,exploitdb,80,medium
CVE-2013-6881,10.0,exploitdb,80,medium
CVE-2013-6882,4.3,exploitdb,80,medium
CVE-2013-6883,6.8,exploitdb,80,medium
CVE-2013-6884,10.0,exploitdb,80,medium
CVE-2013-6341,7.5,exploitdb,80,medium
CVE-2018-10094,9.8,exploitdb,80,medium
CVE-2018-19799,6.1,exploitdb,80,medium
CVE-2018-19914,4.8,exploitdb,80,medium
CVE-2018-19915,4.8,exploitdb,80,medium
CVE-2018-20011,4.8,exploitdb,80,medium
CVE-2018-19136,6.1,exploitdb,80,medium
CVE-2018-20010,4.8,exploitdb,80,medium
CVE-2018-19913,4.8,exploitdb,80,medium
CVE-2018-19750,5.4,exploitdb,80,medium
CVE-2018-19751,4.8,exploitdb,80,medium
CVE-2018-19749,4.8,exploitdb,80,medium
CVE-2018-19752,4.8,exploitdb,80,medium
CVE-2017-17594,9.8,exploitdb,80,medium
CVE-2014-2383,6.8,exploitdb,80,medium
CVE-2014-1459,6.5,exploitdb,80,medium
CVE-2017-5344,9.8,exploitdb,80,medium
CVE-2014-3704,7.5,exploitdb,443,medium
CVE-2014-3704,7.5,exploitdb,443,medium
CVE-2018-7600,9.8,exploitdb,80,high
CVE-2019-6340,8.1,exploitdb,80,high
CVE-2018-18801,9.8,exploitdb,80,medium
CVE-2004-2262,7.5,exploitdb,80,medium
CVE-2019-9622,4.3,exploitdb,80,medium
CVE-2014-4033,4.3,exploitdb,80,medium
CVE-2014-2987,6.8,exploitdb,80,medium
CVE-2018-18417,5.4,exploitdb,80,medium
CVE-2019-9194,9.8,exploitdb,80,medium
CVE-2014-7176,6.5,exploitdb,80,medium
CVE-2014-7177,4.0,exploitdb,80,medium
CVE-2014-7176,6.5,exploitdb,80,medium
CVE-2014-7178,9.3,exploitdb,80,medium
CVE-2015-2070,7.5,exploitdb,80,medium
CVE-2015-2071,4.0,exploitdb,80,medium
CVE-2014-8690,4.3,exploitdb,80,medium
CVE-2016-7400,9.8,exploitdb,80,medium
CVE-2017-17615,8.8,exploitdb,80,medium
CVE-2015-6962,7.5,exploitdb,80,medium
CVE-2015-1371,7.5,exploitdb,80,medium
CVE-2015-1372,7.5,exploitdb,80,medium
CVE-2015-1373,4.3,exploitdb,80,medium
CVE-2015-1374,6.8,exploitdb,80,medium
CVE-2015-4677,6.8,exploitdb,80,medium
CVE-2014-1222,4.0,exploitdb,80,medium
CVE-2014-9145,7.5,exploitdb,80,medium
CVE-2014-9146,4.3,exploitdb,80,medium
CVE-2014-9147,7.5,exploitdb,80,medium
CVE-2014-9148,9.8,exploitdb,80,medium
CVE-2015-3934,9.8,exploitdb,80,medium
CVE-2019-13396,5.3,exploitdb,80,medium
CVE-2017-17614,9.8,exploitdb,80,medium
CVE-2017-17617,9.8,exploitdb,80,medium
CVE-2015-1467,7.5,exploitdb,80,medium
CVE-2017-17613,9.8,exploitdb,80,medium
CVE-2014-1903,7.5,exploitdb,80,medium
CVE-2015-6512,5.0,exploitdb,80,medium
CVE-2018-19782,6.1,exploitdb,80,medium
CVE-2018-20448,5.4,exploitdb,80,medium
CVE-2018-10321,4.8,exploitdb,80,medium
CVE-2017-17572,9.8,exploitdb,80,medium
CVE-2017-17574,9.8,exploitdb,80,medium
CVE-2017-17578,9.8,exploitdb,80,medium
CVE-2017-17573,9.8,exploitdb,80,medium
CVE-2017-17570,9.8,exploitdb,80,medium
CVE-2017-17571,9.8,exploitdb,80,medium
CVE-2017-17579,9.8,exploitdb,80,medium
CVE-2017-17576,9.8,exploitdb,80,medium
CVE-2017-17575,9.8,exploitdb,80,medium
CVE-2017-17582,9.8,exploitdb,80,medium
CVE-2017-17588,9.8,exploitdb,80,medium
CVE-2017-17587,9.8,exploitdb,80,medium
CVE-2017-17580,9.8,exploitdb,80,medium
CVE-2017-17584,9.8,exploitdb,80,medium
CVE-2017-17585,9.8,exploitdb,80,medium
CVE-2017-17586,9.8,exploitdb,80,medium
CVE-2017-17581,9.8,exploitdb,80,medium
CVE-2017-17583,9.8,exploitdb,80,medium
CVE-2017-17590,9.8,exploitdb,80,medium
CVE-2017-17589,9.8,exploitdb,80,medium
CVE-2017-17577,9.8,exploitdb,80,medium
CVE-2014-100029,5.0,exploitdb,80,medium
CVE-2014-100030,4.3,exploitdb,80,medium
CVE-2014-100031,7.5,exploitdb,80,medium
CVE-2015-1422,4.3,exploitdb,80,medium
CVE-2015-1423,6.5,exploitdb,80,medium
CVE-2015-1424,6.8,exploitdb,80,medium
CVE-2015-2678,4.3,exploitdb,80,medium
CVE-2015-2679,7.5,exploitdb,80,medium
CVE-2015-2680,6.8,exploitdb,80,medium
CVE-2015-3933,9.8,exploitdb,80,medium
CVE-2015-3221,4.0,exploitdb,80,medium
CVE-2015-5066,4.3,exploitdb,80,medium
CVE-2006-3823,5.1,exploitdb,80,medium
CVE-2014-3871,7.5,exploitdb,80,medium
CVE-2019-9647,6.1,exploitdb,80,medium
CVE-2018-15845,8.8,exploitdb,443,medium
CVE-2013-5640,7.5,exploitdb,80,medium
CVE-2013-7349,7.5,exploitdb,80,medium
CVE-2013-7368,4.3,exploitdb,80,medium
CVE-2013-5639,7.5,exploitdb,80,medium
CVE-2013-5640,7.5,exploitdb,80,medium
CVE-2013-7349,7.5,exploitdb,80,medium
CVE-2015-2842,10.0,exploitdb,80,medium
CVE-2015-2843,7.5,exploitdb,80,medium
CVE-2015-2844,10.0,exploitdb,80,medium
CVE-2015-2845,10.0,exploitdb,80,medium
CVE-2014-9445,7.5,exploitdb,80,medium
CVE-2015-3203,7.5,exploitdb,80,medium
CVE-2015-7984,6.8,exploitdb,80,medium
CVE-2013-6275,6.5,exploitdb,80,medium
CVE-2013-6364,8.8,exploitdb,80,medium
CVE-2013-7139,7.5,exploitdb,80,medium
CVE-2017-17612,9.8,exploitdb,80,medium
CVE-2019-8937,6.1,exploitdb,80,medium
CVE-2019-11564,6.1,exploitdb,80,medium
CVE-2019-6965,6.1,exploitdb,80,medium
CVE-2014-1944,4.3,exploitdb,80,medium
CVE-2014-2088,6.5,exploitdb,80,medium
CVE-2014-2089,6.8,exploitdb,80,medium
CVE-2014-2090,3.5,exploitdb,80,low
CVE-2014-1836,6.4,exploitdb,80,medium
CVE-2014-9001,6.5,exploitdb,80,medium
CVE-2013-6839,7.5,exploitdb,80,medium
CVE-2018-19828,6.1,exploitdb,80,medium
CVE-2018-19829,6.5,exploitdb,80,medium
CVE-2014-2531,6.5,exploitdb,80,medium
CVE-2016-6174,8.1,exploitdb,80,medium
CVE-2015-4118,6.5,exploitdb,443,medium
CVE-2015-4119,6.8,exploitdb,443,medium
CVE-2015-8562,7.5,exploitdb,80,medium
CVE-2015-8566,7.5,exploitdb,80,medium
CVE-2011-4906,9.8,exploitdb,80,medium
CVE-2016-8869,9.8,exploitdb,80,medium
CVE-2016-8870,8.1,exploitdb,80,medium
CVE-2017-8917,9.8,exploitdb,80,medium
CVE-2018-9107,8.8,exploitdb,80,medium
CVE-2018-9106,8.8,exploitdb,80,medium
CVE-2018-5982,9.8,exploitdb,80,medium
CVE-2018-5993,9.8,exploitdb,80,medium
CVE-2018-5990,9.8,exploitdb,80,medium
CVE-2018-17397,9.8,exploitdb,80,medium
CVE-2018-17380,9.8,exploitdb,80,medium
CVE-2018-5989,9.8,exploitdb,80,medium
CVE-2018-17383,9.8,exploitdb,80,medium
CVE-2018-14592,9.8,exploitdb,80,medium
CVE-2018-6584,9.8,exploitdb,80,medium
CVE-2015-2562,7.5,exploitdb,80,medium
CVE-2018-6373,9.8,exploitdb,80,medium
CVE-2018-6004,9.8,exploitdb,80,medium
CVE-2018-5991,9.8,exploitdb,80,medium
CVE-2018-5981,9.8,exploitdb,80,medium
CVE-2018-6396,9.8,exploitdb,80,medium
CVE-2015-4071,5.3,exploitdb,80,medium
CVE-2015-4072,5.4,exploitdb,80,medium
CVE-2015-4073,9.8,exploitdb,80,medium
CVE-2015-4074,7.5,exploitdb,80,medium
CVE-2015-4075,8.1,exploitdb,80,medium
CVE-2018-6394,9.8,exploitdb,80,medium
CVE-2018-6372,9.8,exploitdb,80,medium
CVE-2017-17870,9.8,exploitdb,80,medium
CVE-2018-5970,9.8,exploitdb,80,medium
CVE-2018-17382,9.8,exploitdb,80,medium
CVE-2018-6368,9.8,exploitdb,80,medium
CVE-2018-5983,9.8,exploitdb,80,medium
CVE-2018-6006,9.8,exploitdb,80,medium
CVE-2018-5994,9.8,exploitdb,80,medium
CVE-2018-6585,9.8,exploitdb,80,medium
CVE-2014-0794,4.3,exploitdb,80,medium
CVE-2014-0793,4.3,exploitdb,80,medium
CVE-2017-16356,6.1,exploitdb,80,medium
CVE-2018-5971,9.8,exploitdb,80,medium
CVE-2018-17375,9.8,exploitdb,80,medium
CVE-2018-6370,9.8,exploitdb,80,medium
CVE-2018-17378,9.8,exploitdb,80,medium
CVE-2018-6024,9.8,exploitdb,80,medium
CVE-2018-17377,9.8,exploitdb,80,medium
CVE-2018-17379,9.8,exploitdb,80,medium
CVE-2018-6005,9.8,exploitdb,80,medium
CVE-2018-17376,9.8,exploitdb,80,medium
CVE-2018-7180,9.8,exploitdb,80,medium
CVE-2018-7177,9.8,exploitdb,80,medium
CVE-2018-7178,9.8,exploitdb,80,medium
CVE-2018-5974,9.8,exploitdb,80,medium
CVE-2018-5975,9.8,exploitdb,80,medium
CVE-2018-17385,9.8,exploitdb,80,medium
CVE-2018-5980,9.8,exploitdb,80,medium
CVE-2018-7179,9.8,exploitdb,80,medium
CVE-2018-5992,9.8,exploitdb,80,medium
CVE-2018-17384,9.8,exploitdb,80,medium
CVE-2018-6583,9.8,exploitdb,80,medium
CVE-2018-17394,9.8,exploitdb,80,medium
CVE-2014-4960,7.5,exploitdb,80,medium
CVE-2019-10945,9.8,exploitdb,80,medium
CVE-2019-6263,4.8,exploitdb,80,medium
CVE-2018-5987,9.8,exploitdb,80,medium
CVE-2018-15918,5.4,exploitdb,80,medium
CVE-2018-15917,5.4,exploitdb,80,medium
CVE-2018-18755,9.8,exploitdb,80,medium
CVE-2014-3857,6.5,exploitdb,4081,medium
CVE-2017-17618,9.8,exploitdb,80,medium
CVE-2014-3757,7.5,exploitdb,80,medium
CVE-2016-4337,9.8,exploitdb,80,medium
CVE-2017-17619,9.8,exploitdb,80,medium
CVE-2017-17620,9.8,exploitdb,80,medium
CVE-2018-17997,6.1,exploitdb,80,medium
CVE-2018-17996,6.5,exploitdb,80,medium
CVE-2018-12603,8.8,exploitdb,80,medium
CVE-2018-12602,8.8,exploitdb,80,medium
CVE-2018-20434,9.8,exploitdb,80,medium
CVE-2019-16172,5.4,exploitdb,80,medium
CVE-2019-16173,5.4,exploitdb,80,medium
CVE-2013-6225,9.8,exploitdb,80,medium
CVE-2015-1587,7.5,exploitdb,80,medium
CVE-2018-6409,5.3,exploitdb,80,medium
CVE-2018-6410,9.8,exploitdb,80,medium
CVE-2018-6411,9.8,exploitdb,80,medium
CVE-2016-4010,9.8,exploitdb,80,medium
CVE-2014-100002,5.0,exploitdb,80,medium
CVE-2018-9857,6.1,exploitdb,80,medium
CVE-2015-8356,8.0,exploitdb,80,medium
CVE-2014-9464,7.5,exploitdb,80,medium
CVE-2014-9254,7.5,exploitdb,80,medium
CVE-2018-9092,8.8,exploitdb,80,medium
CVE-2018-19908,8.8,exploitdb,80,medium
CVE-2019-14927,7.5,exploitdb,80,medium
CVE-2016-3694,9.8,exploitdb,80,medium
CVE-2018-1133,8.8,exploitdb,80,medium
CVE-2018-1042,6.5,exploitdb,80,medium
CVE-2014-2008,7.5,exploitdb,80,medium
CVE-2014-2009,5.0,exploitdb,80,medium
CVE-2019-11375,6.5,exploitdb,80,medium
CVE-2014-9734,5.0,exploitdb,80,medium
CVE-2015-1579,5.0,exploitdb,80,medium
CVE-2017-17621,9.8,exploitdb,80,medium
CVE-2018-15596,6.1,exploitdb,80,medium
CVE-2014-9240,7.5,exploitdb,80,medium
CVE-2014-9241,4.3,exploitdb,80,medium
CVE-2019-6979,6.1,exploitdb,80,medium
CVE-2018-11502,6.5,exploitdb,80,medium
CVE-2018-14392,6.1,exploitdb,80,medium
CVE-2019-3501,4.8,exploitdb,80,medium
CVE-2018-10365,5.4,exploitdb,80,medium
CVE-2018-14575,8.8,exploitdb,80,medium
CVE-2019-9650,6.1,exploitdb,80,medium
CVE-2018-17128,5.4,exploitdb,80,medium
CVE-2019-13346,6.1,exploitdb,80,medium
CVE-2020-23518,5.4,exploitdb,80,medium
CVE-2015-5353,7.5,exploitdb,80,medium
CVE-2015-5354,5.8,exploitdb,80,medium
CVE-2015-1400,7.5,exploitdb,80,medium
CVE-2018-15716,8.8,exploitdb,443,medium
CVE-2005-4664,5.0,exploitdb,80,medium
CVE-2019-19740,9.8,exploitdb,80,medium
CVE-2014-5100,6.8,exploitdb,80,medium
CVE-2017-17622,9.8,exploitdb,80,medium
CVE-2019-14696,6.1,exploitdb,80,medium
CVE-2014-1945,7.5,exploitdb,80,medium
CVE-2014-2317,6.8,exploitdb,80,medium
CVE-2014-5462,6.5,exploitdb,80,medium
CVE-2014-7190,6.8,exploitdb,446,medium
CVE-2019-10227,6.1,exploitdb,80,medium
CVE-2017-17623,9.8,exploitdb,80,medium
CVE-2013-5694,7.5,exploitdb,80,medium
CVE-2014-2540,7.5,exploitdb,80,medium
CVE-2014-6308,5.0,exploitdb,80,medium
CVE-2014-10033,6.5,exploitdb,80,medium
CVE-2019-11537,6.1,exploitdb,80,medium
CVE-2019-14749,8.8,exploitdb,80,medium
CVE-2019-14750,6.1,exploitdb,80,medium
CVE-2019-14748,5.4,exploitdb,80,medium
CVE-2008-3918,7.5,exploitdb,80,medium
CVE-2008-4423,6.5,exploitdb,80,medium
CVE-2019-13977,5.4,exploitdb,80,medium
CVE-2014-1665,5.4,exploitdb,80,medium
CVE-2014-9101,6.8,exploitdb,80,medium
CVE-2018-18800,9.8,exploitdb,80,medium
CVE-2014-9215,7.5,exploitdb,80,medium
CVE-2019-8953,6.1,exploitdb,443,medium
CVE-2006-4115,5.1,exploitdb,80,medium
CVE-2006-4103,7.5,exploitdb,80,medium
CVE-2017-17624,9.8,exploitdb,80,medium
CVE-2018-19458,7.5,exploitdb,80,medium
CVE-2018-14869,5.4,exploitdb,80,medium
CVE-2018-19246,7.5,exploitdb,80,medium
CVE-2006-4210,2.6,exploitdb,80,low
CVE-2004-1519,7.5,exploitdb,80,medium
CVE-2015-2142,8.0,exploitdb,80,medium
CVE-2015-2143,8.8,exploitdb,80,medium
CVE-2015-2145,4.8,exploitdb,80,medium
CVE-2015-2147,9.8,exploitdb,80,medium
CVE-2006-4044,7.5,exploitdb,80,medium
CVE-2014-6389,7.5,exploitdb,80,medium
CVE-2014-8469,4.3,exploitdb,80,medium
CVE-2019-16692,9.8,exploitdb,80,medium
CVE-2014-10001,6.8,exploitdb,80,medium
CVE-2014-10010,5.0,exploitdb,80,medium
CVE-2014-10014,6.8,exploitdb,80,medium
CVE-2014-10015,7.5,exploitdb,80,medium
CVE-2015-6517,6.8,exploitdb,80,medium
CVE-2015-6518,4.3,exploitdb,80,medium
CVE-2015-2208,7.5,exploitdb,80,medium
CVE-2010-4480,4.3,exploitdb,80,medium
CVE-2016-5734,9.8,exploitdb,80,medium
CVE-2017-1000499,8.8,exploitdb,80,medium
CVE-2018-12613,8.8,exploitdb,80,medium
CVE-2018-12613,8.8,exploitdb,80,medium
CVE-2019-12922,6.5,exploitdb,80,medium
CVE-2014-6045,7.2,exploitdb,80,medium
CVE-2014-6046,8.8,exploitdb,80,medium
CVE-2014-6047,5.3,exploitdb,80,medium
CVE-2014-6048,5.3,exploitdb,80,medium
CVE-2014-6049,2.7,exploitdb,80,low
CVE-2014-6050,5.3,exploitdb,80,medium
CVE-2014-9440,7.5,exploitdb,80,medium
CVE-2014-9347,7.5,exploitdb,80,medium
CVE-2006-4114,7.5,exploitdb,80,medium
CVE-2006-4164,7.5,exploitdb,80,medium
CVE-2014-5519,7.5,exploitdb,80,medium
CVE-2019-9769,8.8,exploitdb,80,medium
CVE-2018-14057,8.8,exploitdb,80,medium
CVE-2018-14058,6.5,exploitdb,80,medium
CVE-2018-14059,5.4,exploitdb,80,medium
CVE-2014-9115,7.5,exploitdb,80,medium
CVE-2014-4613,6.5,exploitdb,80,medium
CVE-2015-1517,6.0,exploitdb,80,medium
CVE-2014-9096,7.5,exploitdb,80,medium
CVE-2015-6655,6.8,exploitdb,80,medium
CVE-2014-2223,7.5,exploitdb,80,medium
CVE-2018-18805,9.8,exploitdb,80,medium
CVE-2015-1471,7.5,exploitdb,80,medium
CVE-2018-19125,7.5,exploitdb,80,medium
CVE-2018-19126,9.8,exploitdb,80,medium
CVE-2014-5275,6.5,exploitdb,80,medium
CVE-2014-5276,3.5,exploitdb,80,low
CVE-2017-17625,9.8,exploitdb,80,medium
CVE-2013-6164,7.5,exploitdb,80,medium
CVE-2011-3713,5.0,exploitdb,80,medium
CVE-2014-9580,4.3,exploitdb,80,medium
CVE-2015-2564,6.5,exploitdb,80,medium
CVE-2013-6227,7.5,exploitdb,80,medium
CVE-2019-8390,6.1,exploitdb,80,medium
CVE-2019-8391,6.1,exploitdb,80,medium
CVE-2017-17626,9.8,exploitdb,80,medium
CVE-2017-17627,9.8,exploitdb,80,medium
CVE-2018-15535,7.5,exploitdb,80,medium
CVE-2018-15536,5.5,exploitdb,80,medium
CVE-2017-17628,9.8,exploitdb,80,medium
CVE-2014-6619,4.3,exploitdb,80,medium
CVE-2018-18760,6.5,exploitdb,80,medium
CVE-2015-8770,7.5,exploitdb,80,medium
CVE-2018-20525,9.1,exploitdb,80,medium
CVE-2018-20526,9.8,exploitdb,80,medium
CVE-2019-7400,6.1,exploitdb,80,medium
CVE-2019-7541,6.1,exploitdb,80,medium
CVE-2018-18762,6.5,exploitdb,80,medium
CVE-2018-18761,9.8,exploitdb,80,medium
CVE-2018-18763,9.8,exploitdb,80,medium
CVE-2006-4063,7.5,exploitdb,80,medium
CVE-2006-4063,7.5,exploitdb,80,medium
CVE-2006-4065,5.1,exploitdb,80,medium
CVE-2006-4062,5.1,exploitdb,80,medium
CVE-2006-4063,7.5,exploitdb,80,medium
CVE-2018-7841,9.8,exploitdb,80,high
CVE-2018-18799,8.8,exploitdb,80,medium
CVE-2018-18797,8.8,exploitdb,80,medium
CVE-2018-18798,9.8,exploitdb,80,medium
CVE-2018-18793,9.8,exploitdb,80,medium
CVE-2018-18794,8.8,exploitdb,80,medium
CVE-2018-18795,9.8,exploitdb,80,medium
CVE-2015-8282,9.8,exploitdb,443,medium
CVE-2015-8283,6.5,exploitdb,443,medium
CVE-2015-8284,8.8,exploitdb,443,medium
CVE-2017-17629,9.8,exploitdb,80,medium
CVE-2015-0919,7.5,exploitdb,80,medium
CVE-2014-100012,7.5,exploitdb,80,medium
CVE-2019-15813,8.8,exploitdb,80,medium
CVE-2019-15814,5.4,exploitdb,80,medium
CVE-2014-3414,6.8,exploitdb,80,medium
CVE-2014-3415,6.5,exploitdb,80,medium
CVE-2014-4962,6.4,exploitdb,80,medium
CVE-2014-4963,6.8,exploitdb,80,medium
CVE-2014-4964,6.8,exploitdb,80,medium
CVE-2014-4965,4.3,exploitdb,80,medium
CVE-2018-5782,9.8,exploitdb,80,medium
CVE-2017-17593,7.5,exploitdb,80,medium
CVE-2013-5748,6.8,exploitdb,80,medium
CVE-2014-1683,6.8,exploitdb,80,medium
CVE-2014-9344,6.8,exploitdb,80,medium
CVE-2014-8673,9.8,exploitdb,80,medium
CVE-2014-8674,5.4,exploitdb,80,medium
CVE-2014-8675,7.5,exploitdb,80,medium
CVE-2014-8676,5.3,exploitdb,80,medium
CVE-2014-8677,5.3,exploitdb,80,medium
CVE-2014-9516,4.3,exploitdb,80,medium
CVE-2006-4158,5.1,exploitdb,80,medium
CVE-2014-5081,9.8,exploitdb,80,medium
CVE-2014-5082,7.5,exploitdb,80,medium
CVE-2014-5083,8.8,exploitdb,80,medium
CVE-2014-5084,8.8,exploitdb,80,medium
CVE-2014-5085,8.8,exploitdb,80,medium
CVE-2014-5086,8.8,exploitdb,80,medium
CVE-2014-5087,9.8,exploitdb,80,medium
CVE-2014-5082,7.5,exploitdb,80,medium
CVE-2014-5192,7.5,exploitdb,80,medium
CVE-2014-5193,4.3,exploitdb,80,medium
CVE-2014-5194,6.5,exploitdb,80,medium
CVE-2016-7982,7.5,exploitdb,80,medium
CVE-2016-7980,8.8,exploitdb,80,medium
CVE-2016-7998,8.8,exploitdb,80,medium
CVE-2013-2118,7.5,exploitdb,80,medium
CVE-2019-9083,9.8,exploitdb,80,medium
CVE-2014-10008,6.8,exploitdb,80,medium
CVE-2014-10009,4.3,exploitdb,80,medium
CVE-2014-5088,4.3,exploitdb,80,medium
CVE-2014-5089,7.5,exploitdb,80,medium
CVE-2014-5090,6.5,exploitdb,80,medium
CVE-2014-5091,9.8,exploitdb,80,medium
CVE-2014-5092,8.8,exploitdb,80,medium
CVE-2014-5093,9.8,exploitdb,80,medium
CVE-2014-5094,5.0,exploitdb,80,medium
CVE-2018-17784,6.1,exploitdb,80,medium
CVE-2019-14974,6.1,exploitdb,80,medium
CVE-2018-17391,9.8,exploitdb,80,medium
CVE-2016-3652,5.4,exploitdb,8445,medium
CVE-2016-3653,8.0,exploitdb,8445,medium
CVE-2016-5304,6.8,exploitdb,8445,medium
CVE-2016-4309,7.5,exploitdb,80,medium
CVE-2015-3140,8.8,exploitdb,5800,medium
CVE-2014-2023,9.8,exploitdb,80,medium
CVE-2015-7562,6.1,exploitdb,80,medium
CVE-2015-7563,8.8,exploitdb,80,medium
CVE-2015-7564,9.8,exploitdb,80,medium
CVE-2014-5308,9.0,exploitdb,80,medium
CVE-2002-2298,6.8,exploitdb,80,medium
CVE-2006-4213,7.5,exploitdb,80,medium
CVE-2018-18923,9.8,exploitdb,80,medium
CVE-2014-3978,6.5,exploitdb,80,medium
CVE-2014-10023,7.5,exploitdb,80,medium
CVE-2015-2803,6.0,exploitdb,80,medium
CVE-2014-6235,7.5,exploitdb,80,medium
CVE-2019-11398,6.1,exploitdb,80,medium
CVE-2019-11398,6.1,exploitdb,80,medium
CVE-2019-14804,4.8,exploitdb,80,medium
CVE-2018-18419,5.4,exploitdb,80,medium
CVE-2013-3528,7.5,exploitdb,80,medium
CVE-2016-6483,8.6,exploitdb,80,medium
CVE-2015-7808,7.5,exploitdb,80,medium
CVE-2014-9463,8.8,exploitdb,80,medium
CVE-2014-10078,6.1,exploitdb,80,medium
CVE-2014-10079,5.3,exploitdb,80,medium
CVE-2014-3962,7.5,exploitdb,80,medium
CVE-2017-6086,8.8,exploitdb,80,medium
CVE-2014-1222,4.0,exploitdb,80,medium
CVE-2015-6000,8.8,exploitdb,80,medium
CVE-2016-1713,7.3,exploitdb,80,medium
CVE-2018-12979,6.5,exploitdb,80,medium
CVE-2018-12980,8.8,exploitdb,80,medium
CVE-2018-12981,5.4,exploitdb,80,medium
CVE-2014-2846,7.5,exploitdb,80,medium
CVE-2014-3119,8.8,exploitdb,80,medium
CVE-2014-5258,4.0,exploitdb,80,medium
CVE-2019-8404,6.5,exploitdb,80,medium
CVE-2017-17592,9.8,exploitdb,80,medium
CVE-2014-9242,7.5,exploitdb,80,medium
CVE-2014-9243,4.3,exploitdb,80,medium
CVE-2014-4306,5.0,exploitdb,80,medium
CVE-2014-4307,7.5,exploitdb,80,medium
CVE-2013-6041,7.5,exploitdb,80,medium
CVE-2013-6042,4.3,exploitdb,80,medium
CVE-2013-6043,5.0,exploitdb,80,medium
CVE-2006-4198,5.1,exploitdb,80,medium
CVE-2018-11512,4.8,exploitdb,80,medium
CVE-2018-14029,8.8,exploitdb,80,medium
CVE-2015-6567,8.8,exploitdb,80,medium
CVE-2015-6568,8.8,exploitdb,80,medium
CVE-2018-8813,4.8,exploitdb,80,medium
CVE-2016-6896,7.1,exploitdb,80,medium
CVE-2016-6897,6.5,exploitdb,80,medium
CVE-2014-8603,6.5,exploitdb,80,medium
CVE-2014-8604,5.0,exploitdb,80,medium
CVE-2014-8605,5.0,exploitdb,80,medium
CVE-2014-8606,4.0,exploitdb,80,medium
CVE-2014-8607,2.1,exploitdb,80,low
CVE-2014-1854,7.5,exploitdb,80,medium
CVE-2018-11525,7.8,exploitdb,80,medium
CVE-2014-2674,7.5,exploitdb,80,medium
CVE-2018-13832,4.8,exploitdb,80,medium
CVE-2014-6242,6.5,exploitdb,80,medium
CVE-2018-1002000,7.2,exploitdb,80,medium
CVE-2018-1002001,4.8,exploitdb,80,medium
CVE-2018-1002002,4.8,exploitdb,80,medium
CVE-2018-1002003,4.8,exploitdb,80,medium
CVE-2018-1002004,4.8,exploitdb,80,medium
CVE-2018-1002005,4.8,exploitdb,80,medium
CVE-2018-1002006,4.8,exploitdb,80,medium
CVE-2018-1002007,4.8,exploitdb,80,medium
CVE-2018-1002008,4.8,exploitdb,80,medium
CVE-2018-1002009,4.8,exploitdb,80,medium
CVE-2015-4455,9.8,exploitdb,80,medium
CVE-2018-20556,8.8,exploitdb,80,medium
CVE-2014-1889,6.5,exploitdb,80,medium
CVE-2018-7747,4.8,exploitdb,80,medium
CVE-2013-5977,6.8,exploitdb,80,medium
CVE-2013-5978,6.1,exploitdb,80,medium
CVE-2014-9305,6.5,exploitdb,80,medium
CVE-2015-4127,4.3,exploitdb,80,medium
CVE-2018-11526,7.8,exploitdb,80,medium
CVE-2018-9035,9.6,exploitdb,80,medium
CVE-2015-6965,6.8,exploitdb,80,medium
CVE-2015-5533,7.2,exploitdb,80,medium
CVE-2014-8586,7.5,exploitdb,80,medium
CVE-2015-7235,7.5,exploitdb,80,medium
CVE-2014-9119,5.0,exploitdb,80,medium
CVE-2014-5345,4.3,exploitdb,80,medium
CVE-2014-5346,6.8,exploitdb,80,medium
CVE-2014-5347,6.8,exploitdb,80,medium
CVE-2019-15889,6.1,exploitdb,80,medium
CVE-2014-9262,8.2,exploitdb,80,medium
CVE-2018-7543,6.1,exploitdb,80,medium
CVE-2015-2084,6.8,exploitdb,80,medium
CVE-2015-4614,7.5,exploitdb,80,medium
CVE-2015-4616,5.0,exploitdb,80,medium
CVE-2015-4010,6.8,exploitdb,80,medium
CVE-2015-4018,6.5,exploitdb,80,medium
CVE-2015-4084,4.3,exploitdb,80,medium
CVE-2014-5201,7.5,exploitdb,80,medium
CVE-2015-4066,6.5,exploitdb,80,medium
CVE-2014-9173,7.5,exploitdb,80,medium
CVE-2019-9618,9.8,exploitdb,80,medium
CVE-2014-7153,6.5,exploitdb,80,medium
CVE-2014-3842,4.3,exploitdb,80,medium
CVE-2014-3848,5.0,exploitdb,80,medium
CVE-2014-3849,4.3,exploitdb,80,medium
CVE-2014-8948,6.8,exploitdb,80,medium
CVE-2014-8949,6.0,exploitdb,80,medium
CVE-2019-15092,7.3,exploitdb,80,medium
CVE-2018-12636,7.2,exploitdb,80,medium
CVE-2015-2321,4.3,exploitdb,80,medium
CVE-2019-14348,9.8,exploitdb,80,medium
CVE-2015-4064,6.5,exploitdb,80,medium
CVE-2015-4065,3.5,exploitdb,80,low
CVE-2019-13344,5.3,exploitdb,80,medium
CVE-2018-16299,7.5,exploitdb,80,medium
CVE-2014-6312,4.3,exploitdb,80,medium
CVE-2015-6805,3.5,exploitdb,80,low
CVE-2018-19040,5.3,exploitdb,80,medium
CVE-2018-19041,6.1,exploitdb,80,medium
CVE-2018-19042,5.3,exploitdb,80,medium
CVE-2018-19043,5.3,exploitdb,80,medium
CVE-2015-4062,6.5,exploitdb,80,medium
CVE-2015-4063,3.5,exploitdb,80,low
CVE-2014-8800,4.3,exploitdb,80,medium
CVE-2018-19287,6.1,exploitdb,80,medium
CVE-2014-8801,5.0,exploitdb,80,medium
CVE-2014-3961,7.5,exploitdb,80,medium
CVE-2014-9312,8.8,exploitdb,80,medium
CVE-2019-16117,6.1,exploitdb,80,medium
CVE-2019-16118,6.1,exploitdb,80,medium
CVE-2019-16119,9.8,exploitdb,80,medium
CVE-2014-8802,5.0,exploitdb,80,medium
CVE-2015-1365,5.0,exploitdb,80,medium
CVE-2015-1366,4.3,exploitdb,80,medium
CVE-2015-1375,7.5,exploitdb,80,medium
CVE-2015-1376,4.0,exploitdb,80,medium
CVE-2018-15877,8.8,exploitdb,80,medium
CVE-2014-2598,6.8,exploitdb,80,medium
CVE-2018-9034,5.4,exploitdb,80,medium
CVE-2015-4414,5.0,exploitdb,80,medium
CVE-2014-9311,3.5,exploitdb,80,low
CVE-2014-9308,6.5,exploitdb,80,medium
CVE-2015-2826,5.3,exploitdb,80,medium
CVE-2015-2824,7.5,exploitdb,80,medium
CVE-2015-2825,7.5,exploitdb,80,medium
CVE-2019-14328,8.8,exploitdb,80,medium
CVE-2014-4717,6.8,exploitdb,80,medium
CVE-2018-7422,7.5,exploitdb,80,medium
CVE-2014-5460,6.5,exploitdb,80,medium
CVE-2014-9178,7.5,exploitdb,80,medium
CVE-2014-9179,4.0,exploitdb,80,medium
CVE-2015-2090,7.5,exploitdb,80,medium
CVE-2015-5471,5.3,exploitdb,80,medium
CVE-2018-10752,4.8,exploitdb,80,medium
CVE-2015-3300,4.3,exploitdb,80,medium
CVE-2015-3301,4.0,exploitdb,80,medium
CVE-2015-3302,7.5,exploitdb,80,medium
CVE-2015-3986,4.3,exploitdb,80,medium
CVE-2014-2559,6.8,exploitdb,80,medium
CVE-2014-2995,3.5,exploitdb,80,low
CVE-2019-14470,6.1,exploitdb,80,medium
CVE-2014-9097,7.5,exploitdb,80,medium
CVE-2014-9098,3.5,exploitdb,80,low
CVE-2014-1905,10.0,exploitdb,80,medium
CVE-2014-1906,4.3,exploitdb,80,medium
CVE-2014-1907,6.4,exploitdb,80,medium
CVE-2014-1908,5.0,exploitdb,80,medium
CVE-2018-16283,9.8,exploitdb,80,medium
CVE-2019-6780,6.1,exploitdb,80,medium
CVE-2018-20782,7.5,exploitdb,80,medium
CVE-2019-1010124,5.4,exploitdb,80,medium
CVE-2015-5468,7.5,exploitdb,80,medium
CVE-2014-9308,6.5,exploitdb,80,medium
CVE-2018-8719,5.3,exploitdb,80,medium
CVE-2015-3325,7.5,exploitdb,80,medium
CVE-2015-6522,7.5,exploitdb,80,medium
CVE-2019-9879,9.8,exploitdb,80,medium
CVE-2019-9880,9.1,exploitdb,80,medium
CVE-2019-9881,5.3,exploitdb,80,medium
CVE-2015-2314,7.5,exploitdb,80,medium
CVE-2015-2315,4.3,exploitdb,80,medium
CVE-2015-2791,6.4,exploitdb,80,medium
CVE-2014-2340,6.8,exploitdb,80,medium
CVE-2015-4153,5.0,exploitdb,80,medium
CVE-2015-4465,4.3,exploitdb,80,medium
CVE-2013-5692,8.5,exploitdb,80,medium
CVE-2013-5693,4.3,exploitdb,80,medium
CVE-2015-5074,7.5,exploitdb,80,medium
CVE-2015-5075,6.8,exploitdb,80,medium
CVE-2013-2586,4.3,exploitdb,80,medium
CVE-2019-8923,9.8,exploitdb,80,medium
CVE-2019-8924,6.1,exploitdb,80,medium
CVE-2014-2579,7.6,exploitdb,80,medium
CVE-2014-2996,7.1,exploitdb,80,medium
CVE-2015-3141,6.8,exploitdb,5272,medium
CVE-2014-8429,6.8,exploitdb,80,medium
CVE-2014-5520,7.5,exploitdb,80,medium
CVE-2014-5521,6.5,exploitdb,80,medium
CVE-2015-7567,9.8,exploitdb,80,medium
CVE-2015-7568,9.8,exploitdb,80,medium
CVE-2015-7569,8.8,exploitdb,80,medium
CVE-2015-7570,7.2,exploitdb,80,medium
CVE-2015-7571,7.8,exploitdb,80,medium
CVE-2018-13045,9.8,exploitdb,80,medium
CVE-2017-17630,9.8,exploitdb,80,medium
CVE-2019-14430,5.3,exploitdb,80,medium
CVE-2013-5572,3.5,exploitdb,80,low
CVE-2015-8352,9.8,exploitdb,80,medium
CVE-2015-5591,7.2,exploitdb,80,medium
CVE-2015-5594,6.1,exploitdb,80,medium
CVE-2015-5595,6.5,exploitdb,80,medium
CVE-2014-4034,7.5,exploitdb,80,medium
CVE-2018-13980,5.5,exploitdb,80,medium
CVE-2018-13981,9.8,exploitdb,80,medium
CVE-2010-5322,4.3,exploitdb,80,medium
CVE-2015-2182,4.3,exploitdb,80,medium
CVE-2015-2183,7.5,exploitdb,80,medium
CVE-2015-2184,5.0,exploitdb,80,medium
CVE-2014-9235,6.5,exploitdb,80,medium
CVE-2014-9236,4.3,exploitdb,80,medium
CVE-2019-9082,8.8,exploitdb,80,high
CVE-2017-6326,10.0,exploitdb,443,medium
CVE-2016-6186,6.1,exploitdb,80,medium
CVE-2016-2098,7.3,exploitdb,80,medium
CVE-2019-10226,5.4,exploitdb,80,medium
CVE-2016-4340,8.8,exploitdb,80,medium
CVE-2004-0396,7.5,exploitdb,2401,medium
CVE-2001-0010,10.0,exploitdb,53,medium
CVE-1999-0744,7.5,exploitdb,80,medium
CVE-2007-0882,10.0,exploitdb,23,medium
CVE-2001-0797,10.0,exploitdb,513,medium
CVE-2001-0803,10.0,exploitdb,6112,medium
CVE-2001-1583,10.0,exploitdb,515,medium
CVE-2008-4556,10.0,exploitdb,111,medium
CVE-2003-0722,10.0,exploitdb,111,medium
CVE-1999-0977,10.0,exploitdb,111,medium
CVE-2008-4556,10.0,exploitdb,111,medium
CVE-2001-0797,10.0,exploitdb,23,medium
CVE-2007-0882,10.0,exploitdb,23,medium
CVE-2000-0573,10.0,exploitdb,21,medium
CVE-2002-0082,7.5,exploitdb,80,medium
CVE-2002-0082,7.5,exploitdb,80,medium
CVE-2002-0082,7.5,exploitdb,80,medium
CVE-2002-0656,7.5,exploitdb,80,medium
CVE-2014-3828,10.0,exploitdb,80,medium
CVE-2019-1935,9.8,exploitdb,22,medium
CVE-2014-2928,7.1,exploitdb,443,medium
CVE-2015-2843,7.5,exploitdb,443,medium
CVE-2015-2845,10.0,exploitdb,443,medium
CVE-2013-4835,7.5,exploitdb,8080,medium
CVE-2016-9722,4.2,exploitdb,443,medium
CVE-2018-1418,8.8,exploitdb,443,medium
CVE-2018-1612,5.8,exploitdb,443,medium
CVE-2017-15944,9.8,exploitdb,443,high
CVE-2014-2849,8.5,exploitdb,443,medium
CVE-2014-2850,8.5,exploitdb,443,medium
CVE-2006-2447,5.1,exploitdb,783,medium
CVE-2013-6955,10.0,exploitdb,5000,medium
CVE-2014-3008,10.0,exploitdb,443,medium
CVE-2014-3139,7.5,exploitdb,443,medium
CVE-2012-2982,6.5,exploitdb,10000,medium
CVE-2006-6184,10.0,exploitdb,69,medium
CVE-2005-0382,5.0,exploitdb,7649,medium
CVE-2007-3340,7.8,exploitdb,80,medium
CVE-2006-2961,7.5,exploitdb,21,medium
CVE-2010-1174,5.0,exploitdb,69,medium
CVE-2019-9649,5.3,exploitdb,21,medium
CVE-2019-9648,5.3,exploitdb,21,medium
CVE-2015-5696,5.0,exploitdb,20031,medium
CVE-2014-8652,5.0,exploitdb,80,medium
CVE-2009-3744,5.0,exploitdb,7144,medium
CVE-2004-1696,5.0,exploitdb,66,medium
CVE-2009-3837,9.3,exploitdb,110,medium
CVE-2015-2281,7.5,exploitdb,8000,medium
CVE-2014-2087,9.3,exploitdb,80,medium
CVE-2007-1580,6.3,exploitdb,21,medium
CVE-2009-4051,5.0,exploitdb,21,medium
CVE-2009-3840,5.0,exploitdb,2315,medium
CVE-2012-1830,10.0,exploitdb,555,medium
CVE-2011-5166,7.5,exploitdb,21,medium
CVE-2015-7767,7.5,exploitdb,21,medium
CVE-2018-8269,7.5,exploitdb,443,medium
CVE-2015-1635,9.8,exploitdb,80,high
CVE-2017-0143,8.8,exploitdb,445,high
CVE-2017-0144,8.8,exploitdb,445,high
CVE-2017-0145,8.8,exploitdb,445,high
CVE-2017-0146,8.8,exploitdb,445,high
CVE-2017-0147,7.5,exploitdb,445,high
CVE-2017-0148,8.1,exploitdb,445,high
CVE-2009-3103,10.0,exploitdb,445,medium
CVE-2019-0708,9.8,exploitdb,3389,high
CVE-2009-4654,9.0,exploitdb,80,medium
CVE-2004-1698,5.0,exploitdb,8473,medium
CVE-2004-0313,10.0,metasploit,8080,high
CVE-2000-0272,7.8,exploitdb,7070,medium
CVE-2014-0995,5.0,exploitdb,3200,medium
CVE-2010-2115,5.0,exploitdb,69,medium
CVE-2005-0280,7.5,exploitdb,20000,medium
CVE-2014-100014,7.5,exploitdb,30000,medium
CVE-2009-4105,3.5,exploitdb,21,low
CVE-2009-4048,4.0,exploitdb,21,medium
CVE-2009-4108,4.0,exploitdb,21,medium
CVE-2009-3643,5.0,exploitdb,21,medium
CVE-2009-4048,4.0,exploitdb,21,medium
CVE-2009-4108,4.0,exploitdb,21,medium
CVE-2005-0325,5.0,exploitdb,28015,medium
CVE-2005-0277,5.0,exploitdb,21,medium
CVE-2005-0277,5.0,exploitdb,21,medium
CVE-2006-6183,10.0,exploitdb,69,medium
CVE-2006-6183,10.0,exploitdb,69,medium
CVE-2006-6183,10.0,exploitdb,69,medium
CVE-2005-0419,7.5,exploitdb,21,medium
CVE-2004-1626,5.0,exploitdb,21,medium
CVE-2004-1627,7.5,exploitdb,21,medium
CVE-2004-1626,5.0,exploitdb,21,medium
CVE-2016-0854,9.8,exploitdb,80,medium
CVE-2006-5596,7.5,exploitdb,143,medium
CVE-2006-5725,5.0,exploitdb,143,medium
CVE-2006-6184,10.0,exploitdb,69,medium
CVE-2004-1546,5.0,exploitdb,143,medium
CVE-2003-1200,7.5,metasploit,3000,high
CVE-2008-1358,6.5,exploitdb,143,medium
CVE-2006-4364,5.0,exploitdb,110,medium
CVE-2008-4193,10.0,metasploit,4000,high
CVE-2008-4193,10.0,exploitdb,4000,medium
CVE-2003-0471,7.5,exploitdb,1000,medium
CVE-2006-3747,7.6,exploitdb,80,medium
CVE-2006-3747,7.6,metasploit,80,high
CVE-2019-0232,8.1,exploitdb,8080,medium
CVE-2008-1491,10.0,exploitdb,623,medium
CVE-2005-0595,7.5,metasploit,80,high
CVE-2005-0595,7.5,exploitdb,80,medium
CVE-2007-6377,7.5,exploitdb,80,medium
CVE-2005-1009,10.0,exploitdb,20031,medium
CVE-2005-1547,7.5,exploitdb,20031,medium
CVE-2005-1009,10.0,exploitdb,20031,medium
CVE-2008-5457,10.0,metasploit,80,high
CVE-2008-4008,10.0,metasploit,80,high
CVE-2008-3257,10.0,exploitdb,80,medium
CVE-2008-1914,10.0,exploitdb,6080,medium
CVE-2008-1914,10.0,exploitdb,6660,medium
CVE-2009-4660,10.0,exploitdb,6660,medium
CVE-2008-1914,10.0,exploitdb,6660,medium
CVE-2009-4660,10.0,exploitdb,6660,medium
CVE-2015-7602,7.8,exploitdb,21,medium
CVE-2004-1439,7.5,exploitdb,21,medium
CVE-2004-1439,7.5,exploitdb,21,medium
CVE-2005-4085,7.5,metasploit,80,high
CVE-2005-4085,7.5,exploitdb,80,medium
CVE-2004-2074,5.0,metasploit,21,medium
CVE-2004-2074,5.0,exploitdb,21,medium
CVE-2009-2227,10.0,exploitdb,19810,medium
CVE-2009-2227,10.0,exploitdb,19810,medium
CVE-2008-5754,9.3,exploitdb,21,medium
CVE-2007-0449,10.0,exploitdb,1900,medium
CVE-2007-0449,10.0,exploitdb,6503,medium
CVE-2007-0449,10.0,exploitdb,6503,medium
CVE-2006-5143,7.5,exploitdb,6503,medium
CVE-2006-6917,10.0,exploitdb,6502,medium
CVE-2006-6379,7.5,exploitdb,6070,medium
CVE-2005-1272,7.5,exploitdb,6070,medium
CVE-2007-1785,7.1,exploitdb,111,medium
CVE-2005-3190,7.5,exploitdb,5250,medium
CVE-2005-3190,7.5,metasploit,5250,high
CVE-2005-0581,4.6,exploitdb,10203,medium
CVE-2005-0582,10.0,exploitdb,10203,medium
CVE-2004-2685,7.5,exploitdb,23,medium
CVE-2004-2416,7.5,exploitdb,808,medium
CVE-2008-0394,7.5,exploitdb,25,medium
CVE-2008-2639,7.6,metasploit,2022,high
CVE-2018-6892,9.8,exploitdb,8888,medium
CVE-2005-0581,4.6,metasploit,10203,medium
CVE-2005-0581,4.6,metasploit,10202,medium
CVE-2004-1327,7.5,exploitdb,21,medium
CVE-2018-9842,5.3,exploitdb,1858,medium
CVE-2005-2842,7.5,exploitdb,6129,medium
CVE-2018-10594,9.8,exploitdb,502,medium
CVE-2013-7390,9.8,exploitdb,8020,medium
CVE-2014-5007,9.8,exploitdb,8020,medium
CVE-2004-1533,5.0,exploitdb,110,medium
CVE-2006-6853,10.0,exploitdb,4002,medium
CVE-2005-1903,2.1,exploitdb,143,low
CVE-2006-3952,7.5,exploitdb,21,medium
CVE-2006-3952,7.5,exploitdb,21,medium
CVE-2006-3952,7.5,exploitdb,21,medium
CVE-2006-5714,5.0,exploitdb,80,medium
CVE-2014-3791,10.0,exploitdb,80,medium
CVE-2018-9059,9.8,exploitdb,80,medium
CVE-2005-2551,7.5,metasploit,8008,high
CVE-2004-2466,5.0,metasploit,80,medium
CVE-2007-5699,6.8,metasploit,10616,medium
CVE-2006-3838,10.0,exploitdb,10616,medium
CVE-2006-3838,10.0,exploitdb,10616,medium
CVE-2006-3838,10.0,exploitdb,10616,medium
CVE-2013-0928,9.3,exploitdb,3000,medium
CVE-2013-0946,9.3,exploitdb,3500,medium
CVE-2010-0620,9.3,metasploit,18821,high
CVE-2014-3913,10.0,exploitdb,8080,medium
CVE-2004-1868,7.5,exploitdb,80,medium
CVE-2007-1770,10.0,exploitdb,5151,medium
CVE-2006-0189,7.5,exploitdb,5060,medium
CVE-2005-4267,7.5,exploitdb,143,medium
CVE-2006-0637,7.5,exploitdb,143,medium
CVE-2020-0688,8.8,exploitdb,443,high
CVE-2006-0537,7.5,exploitdb,25,medium
CVE-2003-1339,10.0,exploitdb,80,medium
CVE-2003-1339,10.0,exploitdb,80,medium
CVE-2006-0319,5.0,exploitdb,22003,medium
CVE-2019-16724,9.8,exploitdb,80,medium
CVE-2006-3726,6.5,metasploit,21,medium
CVE-2006-3726,6.5,exploitdb,21,medium
CVE-2014-1216,7.5,exploitdb,80,medium
CVE-2008-4321,9.3,exploitdb,21,medium
CVE-2005-0635,10.0,exploitdb,110,medium
CVE-2009-0183,10.0,metasploit,80,high
CVE-2005-3683,7.5,exploitdb,21,medium
CVE-2005-3684,7.5,exploitdb,21,medium
CVE-2006-2407,7.5,exploitdb,22,medium
CVE-2008-6899,9.0,exploitdb,22,medium
CVE-2008-2573,8.5,exploitdb,22,medium
CVE-2007-1645,10.0,exploitdb,69,medium
CVE-2000-0665,5.0,metasploit,23,medium
CVE-2014-0750,7.5,exploitdb,80,medium
CVE-2005-1415,10.0,exploitdb,21,medium
CVE-2005-4553,7.5,exploitdb,21,medium
CVE-2005-0566,7.5,exploitdb,21,medium
CVE-2009-4194,8.1,exploitdb,21,medium
CVE-2006-6576,7.5,metasploit,21,high
CVE-2005-0634,7.5,exploitdb,21,medium
CVE-2005-0634,7.5,exploitdb,21,medium
CVE-2005-0634,7.5,exploitdb,21,medium
CVE-2008-4726,9.0,exploitdb,22,medium
CVE-2005-0768,10.0,metasploit,2380,high
CVE-2006-6026,10.0,exploitdb,554,medium
CVE-2009-2685,10.0,metasploit,80,high
CVE-2009-2685,10.0,exploitdb,80,medium
CVE-2009-4053,6.5,exploitdb,21,medium
CVE-2011-1865,10.0,metasploit,5555,high
CVE-2009-3844,10.0,exploitdb,5555,medium
CVE-2013-2347,10.0,exploitdb,5555,medium
CVE-2013-6194,10.0,exploitdb,5555,medium
CVE-2013-2347,10.0,exploitdb,5555,medium
CVE-2012-0124,10.0,exploitdb,3817,medium
CVE-2011-1865,10.0,exploitdb,5555,medium
CVE-2014-2623,10.0,exploitdb,5555,medium
CVE-2017-12557,9.8,exploitdb,8080,medium
CVE-2013-4822,10.0,exploitdb,8080,medium
CVE-2013-4800,9.3,exploitdb,443,medium
CVE-2013-4837,10.0,exploitdb,8080,medium
CVE-2010-1549,10.0,exploitdb,54345,medium
CVE-2010-1554,10.0,metasploit,80,high
CVE-2010-1553,10.0,metasploit,80,high
CVE-2010-1555,10.0,exploitdb,80,medium
CVE-2010-1554,10.0,exploitdb,80,medium
CVE-2010-1553,10.0,exploitdb,80,medium
CVE-2011-0267,10.0,metasploit,80,high
CVE-2007-6204,10.0,metasploit,80,high
CVE-2010-1964,7.5,metasploit,80,high
CVE-2010-1552,10.0,metasploit,80,high
CVE-2008-1697,10.0,exploitdb,7510,medium
CVE-2009-4179,10.0,exploitdb,80,medium
CVE-2007-6204,10.0,exploitdb,80,medium
CVE-2013-4811,10.0,exploitdb,443,medium
CVE-2013-4812,10.0,exploitdb,443,medium
CVE-2013-2367,10.0,exploitdb,8080,medium
CVE-2008-1661,10.0,metasploit,1100,high
CVE-2012-3282,10.0,exploitdb,13838,medium
CVE-2013-2343,10.0,exploitdb,13838,medium
CVE-2013-3576,9.0,exploitdb,2381,medium
CVE-2017-5816,9.8,exploitdb,2810,medium
CVE-2017-5817,9.8,exploitdb,2810,medium
CVE-2009-4769,9.3,metasploit,80,high
CVE-2009-3711,10.0,exploitdb,80,medium
CVE-2003-1192,10.0,exploitdb,80,medium
CVE-2003-1192,10.0,metasploit,80,high
CVE-2006-4681,5.0,exploitdb,411,medium
CVE-2010-3407,9.3,metasploit,25,high
CVE-2008-2499,7.5,metasploit,1533,high
CVE-2007-1675,10.0,exploitdb,143,medium
CVE-2008-2240,10.0,metasploit,80,high
CVE-2007-4880,10.0,exploitdb,1581,medium
CVE-2007-1868,10.0,metasploit,443,high
CVE-2015-7450,9.8,exploitdb,8800,high
CVE-2004-1561,7.5,exploitdb,8000,medium
CVE-2004-1561,7.5,exploitdb,8000,medium
CVE-2011-4051,10.0,exploitdb,4322,medium
CVE-2019-16702,9.8,exploitdb,18881,medium
CVE-2011-1566,10.0,exploitdb,12397,medium
CVE-2004-1520,4.6,exploitdb,143,medium
CVE-2004-0297,10.0,exploitdb,389,medium
CVE-2004-0297,10.0,metasploit,389,high
CVE-2007-3925,6.5,exploitdb,143,medium
CVE-2006-4379,7.5,exploitdb,25,medium
CVE-2007-3927,10.0,exploitdb,143,medium
CVE-2007-5094,7.5,exploitdb,25,medium
CVE-2006-4379,7.5,exploitdb,25,medium
CVE-2006-4379,7.5,exploitdb,25,medium
CVE-2005-1255,10.0,exploitdb,143,medium
CVE-2005-1255,10.0,exploitdb,143,medium
CVE-2007-2795,9.0,exploitdb,143,medium
CVE-2004-0798,7.5,exploitdb,80,medium
CVE-2004-1883,7.2,exploitdb,21,medium
CVE-2004-1135,5.0,metasploit,21,medium
CVE-2006-4847,6.5,exploitdb,21,medium
CVE-2014-2314,4.3,exploitdb,8080,medium
CVE-2006-0441,7.5,exploitdb,21,medium
CVE-2006-0441,7.5,exploitdb,21,medium
CVE-2006-0441,7.5,metasploit,21,high
CVE-2006-2212,6.4,metasploit,21,medium
CVE-2006-0441,7.5,exploitdb,21,medium
CVE-2003-0220,7.5,exploitdb,44334,medium
CVE-2014-0787,10.0,exploitdb,12401,medium
CVE-2014-4158,7.5,exploitdb,80,medium
CVE-2014-5289,9.8,exploitdb,80,medium
CVE-2015-7603,7.8,exploitdb,21,medium
CVE-2015-7767,7.5,exploitdb,21,medium
CVE-2015-7768,7.5,exploitdb,21,medium
CVE-2015-7768,7.5,exploitdb,21,medium
CVE-2003-0558,7.5,exploitdb,21,medium
CVE-2013-3563,7.5,exploitdb,8001,medium
CVE-2017-1274,8.8,exploitdb,143,medium
CVE-2007-1675,10.0,exploitdb,143,medium
CVE-2005-2428,5.0,exploitdb,80,medium
CVE-2007-0977,7.1,exploitdb,80,medium
CVE-2005-3155,7.5,exploitdb,143,medium
CVE-2005-1348,7.5,exploitdb,8080,medium
CVE-2006-6423,10.0,exploitdb,143,medium
CVE-2006-6423,10.0,exploitdb,143,medium
CVE-2004-2501,7.5,exploitdb,143,medium
CVE-2007-1301,9.0,exploitdb,143,medium
CVE-2014-5005,7.5,exploitdb,8020,medium
CVE-2014-5006,7.5,exploitdb,8020,medium
CVE-2015-7387,7.5,exploitdb,8400,medium
CVE-2006-4305,10.0,metasploit,9999,high
CVE-2005-0684,10.0,metasploit,9999,high
CVE-2006-5156,10.0,exploitdb,81,medium
CVE-2004-1520,4.6,metasploit,143,medium
CVE-2004-0735,7.5,metasploit,12203,high
CVE-2006-1255,10.0,exploitdb,143,medium
CVE-2007-1579,10.0,exploitdb,143,medium
CVE-2006-1255,10.0,exploitdb,143,medium
CVE-2006-1255,10.0,exploitdb,143,medium
CVE-2005-4411,7.5,exploitdb,105,medium
CVE-2007-5018,6.0,exploitdb,143,medium
CVE-2004-1211,10.0,exploitdb,25,medium
CVE-2004-2513,10.0,exploitdb,25,medium
CVE-2004-1211,10.0,exploitdb,143,medium
CVE-2004-1211,10.0,exploitdb,143,medium
CVE-2004-2513,10.0,exploitdb,143,medium
CVE-2004-1211,10.0,exploitdb,143,medium
CVE-2004-2513,10.0,exploitdb,143,medium
CVE-2004-1211,10.0,exploitdb,143,medium
CVE-2004-2513,10.0,exploitdb,143,medium
CVE-2006-5961,7.5,exploitdb,143,medium
CVE-2007-1373,10.0,exploitdb,143,medium
CVE-2007-4440,7.5,metasploit,25,high
CVE-2007-4440,7.5,exploitdb,25,medium
CVE-2007-0213,10.0,exploitdb,25,medium
CVE-2005-0560,7.5,exploitdb,25,medium
CVE-2003-0714,7.5,metasploit,25,high
CVE-2003-0822,7.5,exploitdb,80,medium
CVE-2003-0109,7.5,exploitdb,80,medium
CVE-2000-0884,7.5,exploitdb,80,medium
CVE-2000-0884,7.5,exploitdb,80,medium
CVE-2000-0884,7.5,exploitdb,80,medium
CVE-2000-0884,7.5,exploitdb,80,medium
CVE-2003-0719,7.5,exploitdb,443,medium
CVE-2003-0109,7.5,exploitdb,80,medium
CVE-2003-0109,7.5,exploitdb,80,medium
CVE-2009-3023,9.0,exploitdb,21,medium
CVE-2009-3023,9.0,exploitdb,21,medium
CVE-2009-3023,9.0,metasploit,21,high
CVE-2009-1547,8.8,exploitdb,80,medium
CVE-2005-0059,10.0,metasploit,2103,high
CVE-2010-3964,7.5,exploitdb,8082,medium
CVE-2003-0533,7.5,exploitdb,445,medium
CVE-2006-4691,10.0,exploitdb,445,medium
CVE-2003-0352,7.5,exploitdb,135,medium
CVE-2003-0605,7.5,exploitdb,135,medium
CVE-2003-0605,7.5,exploitdb,135,medium
CVE-2003-0605,7.5,exploitdb,135,medium
CVE-2003-0605,7.5,exploitdb,135,medium
CVE-2003-0605,7.5,exploitdb,135,medium
CVE-2003-0605,7.5,exploitdb,135,medium
CVE-2003-0605,7.5,exploitdb,135,medium
CVE-2004-1080,10.0,exploitdb,42,medium
CVE-2003-0818,7.5,exploitdb,445,medium
CVE-2019-0708,9.8,exploitdb,3389,high
CVE-2006-3439,10.0,exploitdb,139,medium
CVE-2007-1748,10.0,exploitdb,139,medium
CVE-2007-1748,10.0,exploitdb,445,medium
CVE-2004-0206,7.5,exploitdb,139,medium
CVE-2006-3439,10.0,exploitdb,445,medium
CVE-2006-3439,10.0,exploitdb,445,medium
CVE-2005-1983,10.0,exploitdb,139,medium
CVE-2006-2370,7.5,exploitdb,445,medium
CVE-2003-0109,7.5,exploitdb,80,medium
CVE-2003-0003,7.5,exploitdb,139,medium
CVE-2008-4037,9.3,exploitdb,139,medium
CVE-2017-0144,8.8,exploitdb,445,high
CVE-2003-0227,5.0,exploitdb,80,medium
CVE-2003-0349,7.5,exploitdb,80,medium
CVE-2005-0059,10.0,exploitdb,2103,medium
CVE-2003-0717,7.5,exploitdb,135,medium
CVE-2005-1983,10.0,exploitdb,445,medium
CVE-2005-1983,10.0,exploitdb,445,medium
CVE-2006-2370,7.5,exploitdb,445,medium
CVE-2007-4005,5.0,exploitdb,514,medium
CVE-2007-4006,6.8,exploitdb,514,medium
CVE-2008-4250,9.8,exploitdb,135,high
CVE-2008-4250,9.8,exploitdb,135,high
CVE-2004-0567,7.5,exploitdb,42,medium
CVE-2001-0241,10.0,exploitdb,80,medium
CVE-2001-0241,10.0,exploitdb,80,medium
CVE-2007-1748,10.0,exploitdb,139,medium
CVE-2008-4250,9.8,exploitdb,445,high
CVE-2006-3439,10.0,exploitdb,445,medium
CVE-2003-0533,7.5,exploitdb,445,medium
CVE-2003-0605,7.5,exploitdb,135,medium
CVE-2003-0605,7.5,exploitdb,135,medium
CVE-2018-19861,9.8,exploitdb,80,medium
CVE-2018-19862,9.8,exploitdb,80,medium
CVE-2004-2271,7.5,exploitdb,80,medium
CVE-2004-2271,7.5,exploitdb,80,medium
CVE-2004-2271,7.5,metasploit,80,high
CVE-2008-0226,7.5,metasploit,3306,high
CVE-2006-5112,7.5,metasploit,80,high
CVE-2006-5112,7.5,exploitdb,80,medium
CVE-2006-5112,7.5,exploitdb,80,medium
CVE-2007-1733,10.0,exploitdb,80,medium
CVE-2005-1323,7.5,exploitdb,21,medium
CVE-2016-1525,8.6,exploitdb,8080,medium
CVE-2008-1498,9.0,exploitdb,143,medium
CVE-2001-1320,7.5,metasploit,389,high
CVE-2003-1142,10.0,exploitdb,515,medium
CVE-2005-0185,7.5,exploitdb,162,medium
CVE-2005-2551,7.5,exploitdb,8008,medium
CVE-2006-5478,7.5,metasploit,8028,high
CVE-2008-2703,10.0,metasploit,8300,high
CVE-2006-0992,10.0,metasploit,8300,high
CVE-2006-6424,9.0,metasploit,689,high
CVE-2005-1543,7.5,exploitdb,1761,medium
CVE-2011-3175,10.0,exploitdb,998,medium
CVE-2011-3176,10.0,exploitdb,998,medium
CVE-2008-0871,6.8,metasploit,8800,medium
CVE-2008-0871,6.8,exploitdb,8800,medium
CVE-2018-18982,8.8,exploitdb,5180,medium
CVE-2006-5780,7.5,exploitdb,2049,medium
CVE-2010-2620,9.3,exploitdb,8080,medium
CVE-2003-0727,2.1,exploitdb,8080,low
CVE-2010-4417,7.5,exploitdb,7777,medium
CVE-2009-1979,10.0,exploitdb,1521,medium
CVE-2013-3763,5.5,exploitdb,7770,medium
CVE-2014-2424,4.0,exploitdb,9002,medium
CVE-2009-1977,10.0,exploitdb,80,medium
CVE-2009-1978,9.0,exploitdb,80,medium
CVE-2018-2628,9.8,exploitdb,7001,high
CVE-2003-0727,2.1,exploitdb,2100,low
CVE-2013-4730,10.0,exploitdb,21,medium
CVE-2015-7601,7.8,exploitdb,21,medium
CVE-2013-4730,10.0,exploitdb,21,medium
CVE-2013-4730,10.0,exploitdb,21,medium
CVE-2013-4730,10.0,exploitdb,21,medium
CVE-2013-4730,10.0,exploitdb,21,medium
CVE-2013-4730,10.0,exploitdb,21,medium
CVE-2015-1497,10.0,exploitdb,3465,medium
CVE-2014-2560,7.5,exploitdb,5060,medium
CVE-2003-0172,7.5,exploitdb,80,medium
CVE-2005-1173,7.5,exploitdb,80,medium
CVE-2005-1173,7.5,exploitdb,80,medium
CVE-2006-3252,7.5,metasploit,80,high
CVE-2006-4948,7.5,exploitdb,69,medium
CVE-2007-1404,7.3,exploitdb,69,medium
CVE-2006-4948,7.5,exploitdb,69,medium
CVE-2004-0326,10.0,metasploit,3128,high
CVE-2004-0326,10.0,exploitdb,3128,medium
CVE-2004-0313,10.0,exploitdb,8080,medium
CVE-2006-2926,7.5,metasploit,80,high
CVE-2006-2926,7.5,exploitdb,80,medium
CVE-2006-5551,7.5,exploitdb,25,medium
CVE-2006-5551,7.5,exploitdb,25,medium
CVE-2008-1610,7.5,exploitdb,69,medium
CVE-2007-4370,7.5,exploitdb,26000,medium
CVE-2007-4370,7.5,metasploit,26000,high
CVE-2006-4723,5.1,exploitdb,80,medium
CVE-2007-2783,10.0,exploitdb,69,medium
CVE-2002-1643,7.5,exploitdb,554,medium
CVE-2006-2369,7.5,exploitdb,5900,medium
CVE-2014-6287,9.8,exploitdb,80,high
CVE-2014-6287,9.8,exploitdb,80,high
CVE-2006-1124,7.5,exploitdb,110,medium
CVE-2004-0330,10.0,metasploit,21,high
CVE-2004-2111,8.5,exploitdb,21,medium
CVE-2004-0330,10.0,exploitdb,21,medium
CVE-2004-2111,8.5,exploitdb,21,medium
CVE-2009-1943,10.0,metasploit,62514,high
CVE-2004-2086,5.0,metasploit,80,medium
CVE-2009-4988,10.0,exploitdb,30000,medium
CVE-2007-3614,7.5,metasploit,9999,high
CVE-2007-3614,7.5,exploitdb,9999,medium
CVE-2012-2611,9.3,exploitdb,3200,medium
CVE-2005-0338,7.5,exploitdb,80,medium
CVE-2005-0338,7.5,exploitdb,80,medium
CVE-2002-1120,7.5,exploitdb,80,medium
CVE-2005-0338,7.5,exploitdb,80,medium
CVE-2002-1120,7.5,exploitdb,80,medium
CVE-2002-1120,7.5,exploitdb,80,medium
CVE-2003-0264,7.5,exploitdb,110,medium
CVE-2003-0264,7.5,exploitdb,110,medium
CVE-2005-0353,10.0,metasploit,5093,high
CVE-2005-0353,10.0,exploitdb,5093,medium
CVE-2009-4873,10.0,exploitdb,80,medium
CVE-2009-4873,10.0,exploitdb,80,medium
CVE-2004-1595,7.5,exploitdb,2000,medium
CVE-2004-1373,7.5,exploitdb,8000,medium
CVE-2007-4566,10.0,exploitdb,389,medium
CVE-2007-4566,10.0,exploitdb,389,medium
CVE-2007-4566,10.0,exploitdb,389,medium
CVE-2004-2418,7.2,exploitdb,21,medium
CVE-2005-2287,5.0,metasploit,25,medium
CVE-2005-2287,5.0,exploitdb,21,medium
CVE-2014-100015,6.4,exploitdb,30000,medium
CVE-2014-100015,6.4,exploitdb,30000,medium
CVE-2009-1830,10.0,exploitdb,2242,medium
CVE-2008-0550,10.0,metasploit,8000,high
CVE-2007-4377,6.0,exploitdb,143,medium
CVE-2005-2297,4.6,metasploit,8080,medium
CVE-2009-1430,9.3,metasploit,38292,high
CVE-2008-2286,7.5,exploitdb,402,medium
CVE-2013-5014,7.5,exploitdb,9090,medium
CVE-2013-5015,6.5,exploitdb,9090,medium
CVE-2006-0230,10.0,exploitdb,8004,medium
CVE-2004-1638,7.5,exploitdb,25,medium
CVE-2004-1638,7.5,exploitdb,25,medium
CVE-2004-1638,7.5,metasploit,25,high
CVE-2006-4318,6.5,exploitdb,21,medium
CVE-2008-1611,10.0,exploitdb,69,medium
CVE-2008-2161,10.0,exploitdb,69,medium
CVE-2007-2711,10.0,exploitdb,113,medium
CVE-2004-1641,5.0,exploitdb,21,medium
CVE-2005-0478,5.0,metasploit,8090,medium
CVE-2013-5019,10.0,exploitdb,80,medium
CVE-2013-5019,10.0,exploitdb,80,medium
CVE-2013-5019,10.0,exploitdb,80,medium
CVE-2013-5019,10.0,exploitdb,80,medium
CVE-2004-0608,10.0,metasploit,7787,high
CVE-2005-2611,10.0,exploitdb,10000,medium
CVE-2004-1172,10.0,exploitdb,6101,medium
CVE-2005-3116,10.0,exploitdb,13701,medium
CVE-2017-8895,9.8,exploitdb,10000,medium
CVE-2013-3520,7.5,exploitdb,443,medium
CVE-2007-1567,10.0,exploitdb,21,medium
CVE-2007-1567,10.0,exploitdb,21,medium
CVE-2007-1567,10.0,exploitdb,21,medium
CVE-2007-2668,6.8,exploitdb,8080,medium
CVE-2004-0340,7.2,exploitdb,21,medium
CVE-2009-0351,9.0,exploitdb,21,medium
CVE-2006-3670,7.5,exploitdb,515,medium
CVE-2003-0391,7.5,exploitdb,25,medium
CVE-2007-2079,9.3,exploitdb,80,medium
CVE-2007-2080,7.5,exploitdb,80,medium
CVE-2007-5067,7.5,exploitdb,80,medium
CVE-2007-5067,7.5,metasploit,80,high
CVE-2005-1163,6.4,exploitdb,1089,medium
CVE-2002-0031,4.6,exploitdb,80,medium
CVE-2004-1558,7.5,metasploit,25,high
CVE-2004-1558,7.5,exploitdb,25,medium
CVE-2004-1558,7.5,exploitdb,25,medium
CVE-2014-0784,8.3,exploitdb,20111,medium
CVE-2014-0783,9.0,exploitdb,20171,medium
CVE-2014-0782,8.3,exploitdb,34205,medium
CVE-2014-3888,8.3,exploitdb,20010,medium
CVE-2008-6922,9.3,exploitdb,80,medium
CVE-2017-14016,6.3,exploitdb,4592,medium
CVE-2018-8738,6.1,exploitdb,80,medium
CVE-2016-5063,5.3,exploitdb,4750,medium
CVE-2014-7883,5.0,exploitdb,8080,medium
CVE-2014-2612,4.0,exploitdb,80,medium
CVE-2010-0665,5.0,exploitdb,80,medium
CVE-2017-16542,8.8,exploitdb,9090,medium
CVE-2017-16543,9.8,exploitdb,9090,medium
CVE-2013-1081,7.5,exploitdb,80,medium
CVE-2013-5795,5.0,exploitdb,8080,medium
CVE-2014-0379,4.3,exploitdb,8080,medium
CVE-2014-0372,5.5,exploitdb,8080,medium
CVE-2017-1000028,7.5,exploitdb,4848,medium
CVE-2013-3803,3.5,exploitdb,19000,low
CVE-2016-8371,7.3,exploitdb,80,medium
CVE-2016-8380,7.3,exploitdb,80,medium
CVE-2018-9276,7.2,exploitdb,80,high
CVE-2014-7226,7.5,exploitdb,80,medium
CVE-2007-6483,5.0,exploitdb,7002,medium
CVE-2014-3740,3.5,exploitdb,80,low
CVE-2018-15657,7.3,exploitdb,80,medium
CVE-2014-1204,7.5,exploitdb,80,medium
CVE-2009-4186,9.3,exploitdb,80,medium
CVE-2013-0662,9.3,exploitdb,27700,medium
CVE-2006-3747,7.6,exploitdb,80,medium
CVE-2004-1561,7.5,metasploit,8000,high
CVE-2003-0727,2.1,metasploit,2100,medium
CVE-2003-0727,2.1,metasploit,8080,medium
CVE-2006-1148,7.5,metasploit,7144,high
CVE-2006-3252,7.5,exploitdb,80,medium
CVE-2008-0621,7.5,exploitdb,515,medium
CVE-2013-0657,10.0,exploitdb,12397,medium
CVE-2015-1486,7.5,exploitdb,8443,medium
CVE-2015-1487,5.5,exploitdb,8443,medium
CVE-2015-1489,8.5,exploitdb,8443,medium
CVE-2005-2715,10.0,exploitdb,13722,medium
CVE-2010-4946,7.5,exploitdb,80,medium
CVE-2010-4947,4.3,exploitdb,80,medium
CVE-2018-15745,7.5,exploitdb,8080,medium
CVE-2010-4944,7.5,exploitdb,80,medium
CVE-2017-0144,8.8,exploitdb,445,high
CVE-2018-16134,6.1,exploitdb,80,medium
CVE-2018-16133,5.3,exploitdb,443,medium
CVE-2018-15740,6.1,exploitdb,8080,medium
CVE-2009-3960,6.5,exploitdb,8400,high
CVE-2015-2682,5.0,exploitdb,8443,medium
CVE-2017-6803,8.8,exploitdb,52986,medium
CVE-2014-9237,7.5,exploitdb,80,medium
CVE-2009-0563,7.8,kev_only,0,high
CVE-2015-3043,9.8,kev_only,0,high
CVE-2021-31207,6.6,kev_only,0,high
CVE-2015-2360,8.8,kev_only,0,high
CVE-2022-36537,7.5,kev_only,0,high
CVE-2022-1364,8.8,kev_only,0,high
CVE-2021-34486,7.8,kev_only,0,high
CVE-2021-1732,7.8,kev_only,0,high
CVE-2021-25297,8.8,kev_only,0,high
CVE-2020-3259,7.5,kev_only,0,high
CVE-2018-1000861,9.8,kev_only,0,high
CVE-2025-1976,6.7,kev_only,0,high
CVE-2021-27104,9.8,kev_only,0,high
CVE-2013-0640,7.8,kev_only,0,high
CVE-2024-20353,8.6,kev_only,0,high
CVE-2017-7921,9.8,kev_only,0,high
CVE-2019-1388,7.8,kev_only,0,high
CVE-2022-26500,8.8,kev_only,0,high
CVE-2023-41179,7.2,kev_only,0,high
CVE-2010-3333,7.8,kev_only,0,high
CVE-2023-42916,6.5,kev_only,0,high
CVE-2024-8190,7.2,kev_only,0,high
CVE-2019-5544,9.8,kev_only,0,high
CVE-2017-0005,7.8,kev_only,0,high
CVE-2021-1905,8.4,kev_only,0,high
CVE-2018-8440,7.8,kev_only,0,high
CVE-2011-1823,7.8,kev_only,0,high
CVE-2021-0920,6.4,kev_only,0,high
CVE-2022-41091,5.4,kev_only,0,high
CVE-2024-20767,7.4,kev_only,0,high
CVE-2023-28434,8.8,kev_only,0,high
CVE-2019-1214,7.8,kev_only,0,high
CVE-2025-48384,8.0,kev_only,0,high
CVE-2021-40870,9.8,kev_only,0,high
CVE-2021-25337,4.4,kev_only,0,high
CVE-2021-30666,8.8,kev_only,0,high
CVE-2024-54085,9.8,kev_only,0,high
CVE-2024-38856,9.8,kev_only,0,high
CVE-2019-3398,8.8,kev_only,0,high
CVE-2023-26083,3.3,kev_only,0,high
CVE-2024-50302,5.5,kev_only,0,high
CVE-2024-11667,7.5,kev_only,0,high
CVE-2018-19943,8.0,kev_only,0,high
CVE-2020-4427,9.8,kev_only,0,high
CVE-2017-18362,9.8,kev_only,0,high
CVE-2025-9377,7.2,kev_only,0,high
CVE-2019-1064,7.8,kev_only,0,high
CVE-2021-25395,6.4,kev_only,0,high
CVE-2025-31324,10.0,kev_only,0,high
CVE-2014-6324,8.8,kev_only,0,high
CVE-2016-1646,8.8,kev_only,0,high
CVE-2024-21412,8.1,kev_only,0,high
CVE-2013-0641,7.8,kev_only,0,high
CVE-2021-37976,6.5,kev_only,0,high
CVE-2015-2387,7.8,kev_only,0,high
CVE-2019-0880,7.8,kev_only,0,high
CVE-2019-10758,9.9,kev_only,0,high
CVE-2021-20023,4.9,kev_only,0,high
CVE-2015-0666,7.5,kev_only,0,high
CVE-2023-38180,7.5,kev_only,0,high
CVE-2023-28771,9.8,kev_only,0,high
CVE-2020-6207,9.8,kev_only,0,high
CVE-2017-0199,7.8,kev_only,0,high
CVE-2020-5902,9.8,kev_only,0,high
CVE-2021-20035,6.5,kev_only,0,high
CVE-2018-5002,7.8,kev_only,0,high
CVE-2019-5418,7.5,kev_only,0,high
CVE-2025-31125,5.3,kev_only,0,high
CVE-2024-1086,7.8,kev_only,0,high
CVE-2013-2423,3.7,kev_only,0,high
CVE-2023-22952,8.8,kev_only,0,high
CVE-2023-2868,9.4,kev_only,0,high
CVE-2021-34448,6.8,kev_only,0,high
CVE-2016-7892,8.8,kev_only,0,high
CVE-2016-4656,7.8,kev_only,0,high
CVE-2023-33538,8.8,kev_only,0,high
CVE-2019-17026,8.8,kev_only,0,high
CVE-2022-26486,9.6,kev_only,0,high
CVE-2021-40444,8.8,kev_only,0,high
CVE-2020-16013,8.8,kev_only,0,high
CVE-2019-18426,8.2,kev_only,0,high
CVE-2019-1385,7.8,kev_only,0,high
CVE-2025-29635,7.2,kev_only,0,high
CVE-2010-0232,7.8,kev_only,0,high
CVE-2017-9822,8.8,kev_only,0,high
CVE-2023-0386,7.8,kev_only,0,high
CVE-2017-11882,7.8,kev_only,0,high
CVE-2025-8088,8.8,kev_only,0,high
CVE-2013-0643,8.8,kev_only,0,high
CVE-2023-24955,7.2,kev_only,0,high
CVE-2016-3235,7.8,kev_only,0,high
CVE-2020-16846,9.8,kev_only,0,high
CVE-2019-15752,7.8,kev_only,0,high
CVE-2021-42292,7.8,kev_only,0,high
CVE-2023-38606,5.5,kev_only,0,high
CVE-2021-30533,6.5,kev_only,0,high
CVE-2020-11261,7.8,kev_only,0,high
CVE-2023-38831,7.8,kev_only,0,high
CVE-2014-1761,7.8,kev_only,0,high
CVE-2018-19320,7.8,kev_only,0,high
CVE-2018-19949,9.8,kev_only,0,high
CVE-2021-21975,7.5,kev_only,0,high
CVE-2018-8298,7.5,kev_only,0,high
CVE-2019-10068,9.8,kev_only,0,high
CVE-2025-59374,9.8,kev_only,0,high
CVE-2015-0313,9.8,kev_only,0,high
CVE-2017-0261,7.8,kev_only,0,high
CVE-2025-47812,10.0,kev_only,0,high
CVE-2013-3660,7.8,kev_only,0,high
CVE-2021-44228,10.0,kev_only,0,high
CVE-2013-3896,5.5,kev_only,0,high
CVE-2014-8439,8.8,kev_only,0,high
CVE-2023-4762,8.8,kev_only,0,high
CVE-2023-37450,8.8,kev_only,0,high
CVE-2023-28206,8.6,kev_only,0,high
CVE-2011-0611,8.8,kev_only,0,high
CVE-2017-12617,8.1,kev_only,0,high
CVE-2015-1701,7.8,kev_only,0,high
CVE-2010-5326,10.0,kev_only,0,high
CVE-2012-2034,7.5,kev_only,0,high
CVE-2008-0655,8.8,kev_only,0,high
CVE-2019-3396,9.8,kev_only,0,high
CVE-2019-16278,9.8,kev_only,0,high
CVE-2022-20700,10.0,kev_only,0,high
CVE-2021-20124,7.5,kev_only,0,high
CVE-2023-50224,6.5,kev_only,0,high
CVE-2019-7287,7.8,kev_only,0,high
CVE-2017-12637,7.5,kev_only,0,high
CVE-2016-4523,7.5,kev_only,0,high
CVE-2017-11774,7.8,kev_only,0,high
CVE-2022-41049,5.4,kev_only,0,high
CVE-2016-3351,6.5,kev_only,0,high
CVE-2017-6742,8.8,kev_only,0,high
CVE-2019-11539,7.2,kev_only,0,high
CVE-2023-33009,9.8,kev_only,0,high
CVE-2012-5054,8.8,kev_only,0,high
CVE-2023-45249,9.8,kev_only,0,high
CVE-2019-1215,7.8,kev_only,0,high
CVE-2022-2586,5.3,kev_only,0,high
CVE-2012-0754,8.1,kev_only,0,high
CVE-2020-1027,7.8,kev_only,0,high
CVE-2021-1647,7.8,kev_only,0,high
CVE-2023-41974,7.8,kev_only,0,high
CVE-2019-1367,7.5,kev_only,0,high
CVE-2021-22681,9.8,kev_only,0,high
CVE-2020-5741,7.2,kev_only,0,high
CVE-2024-50603,10.0,kev_only,0,high
CVE-2010-2568,7.8,kev_only,0,high
CVE-2016-20017,9.8,kev_only,0,high
CVE-2016-0040,7.8,kev_only,0,high
CVE-2019-15949,8.8,kev_only,0,high
CVE-2016-11021,7.2,kev_only,0,high
CVE-2025-27915,5.4,kev_only,0,high
CVE-2023-36563,6.5,kev_only,0,high
CVE-2020-29557,9.8,kev_only,0,high
CVE-2021-22555,8.3,kev_only,0,high
CVE-2018-7445,9.8,kev_only,0,high
CVE-2013-0422,9.8,kev_only,0,high
CVE-2021-27059,7.6,kev_only,0,high
CVE-2020-3161,9.8,kev_only,0,high
CVE-2023-33010,9.8,kev_only,0,high
CVE-2021-27876,8.1,kev_only,0,high
CVE-2015-3113,9.8,kev_only,0,high
CVE-2015-1187,9.8,kev_only,0,high
CVE-2024-23113,9.8,kev_only,0,high
CVE-2024-45519,10.0,kev_only,0,high
CVE-2017-6738,8.8,kev_only,0,high
CVE-2020-15069,9.8,kev_only,0,high
CVE-2018-20062,9.8,kev_only,0,high
CVE-2021-22205,10.0,kev_only,0,high
CVE-2016-7201,8.8,kev_only,0,high
CVE-2023-34362,9.8,kev_only,0,high
CVE-2021-32648,8.2,kev_only,0,high
CVE-2011-4723,5.7,kev_only,0,high
CVE-2023-27997,9.8,kev_only,0,high
CVE-2021-1497,9.8,kev_only,0,high
CVE-2013-1331,7.8,kev_only,0,high
CVE-2013-3993,6.5,kev_only,0,high
CVE-2018-14634,7.8,kev_only,0,high
CVE-2021-31956,7.8,kev_only,0,high
CVE-2023-33107,8.4,kev_only,0,high
CVE-2020-25078,7.5,kev_only,0,high
CVE-2022-27926,6.1,kev_only,0,high
CVE-2023-36845,9.8,kev_only,0,high
CVE-2024-21893,8.2,kev_only,0,high
CVE-2021-26828,8.8,kev_only,0,high
CVE-2020-13927,9.8,kev_only,0,high
CVE-2020-4428,9.1,kev_only,0,high
CVE-2023-21608,7.8,kev_only,0,high
CVE-2023-23376,7.8,kev_only,0,high
CVE-2022-37055,9.8,kev_only,0,high
CVE-2022-27593,10.0,kev_only,0,high
CVE-2022-29464,9.8,kev_only,0,high
CVE-2017-5070,8.8,kev_only,0,high
CVE-2024-8956,9.1,kev_only,0,high
CVE-2023-35082,9.8,kev_only,0,high
CVE-2021-20038,9.8,kev_only,0,high
CVE-2018-14839,9.8,kev_only,0,high
CVE-2021-33739,8.4,kev_only,0,high
CVE-2021-40450,7.8,kev_only,0,high
CVE-2020-29574,9.8,kev_only,0,high
CVE-2021-31199,5.2,kev_only,0,high
CVE-2020-2021,10.0,kev_only,0,high
CVE-2016-4437,9.8,kev_only,0,high
CVE-2023-4211,5.5,kev_only,0,high
CVE-2004-1464,5.9,kev_only,0,high
CVE-2019-11708,10.0,kev_only,0,high
CVE-2018-0172,8.6,kev_only,0,high
CVE-2017-8464,8.8,kev_only,0,high
CVE-2021-41379,5.5,kev_only,0,high
CVE-2020-16009,8.8,kev_only,0,high
CVE-2024-12987,7.3,kev_only,0,high
CVE-2025-30066,8.6,kev_only,0,high
CVE-2018-19323,9.8,kev_only,0,high
CVE-2023-38950,7.5,kev_only,0,high
CVE-2023-41064,7.8,kev_only,0,high
CVE-2021-26857,7.8,kev_only,0,high
CVE-2024-38178,7.5,kev_only,0,high
CVE-2022-3236,9.8,kev_only,0,high
CVE-2017-11357,9.8,kev_only,0,high
CVE-2024-11182,6.1,kev_only,0,high
CVE-2023-0266,7.9,kev_only,0,high
CVE-2020-2509,9.8,kev_only,0,high
CVE-2019-11510,10.0,kev_only,0,high
CVE-2018-19322,7.8,kev_only,0,high
CVE-2019-20085,7.5,kev_only,0,high
CVE-2019-0841,7.8,kev_only,0,high
CVE-2017-0262,7.8,kev_only,0,high
CVE-2021-1870,9.8,kev_only,0,high
CVE-2020-5847,9.8,kev_only,0,high
CVE-2023-38205,7.5,kev_only,0,high
CVE-2021-30983,7.8,kev_only,0,high
CVE-2019-7483,7.5,kev_only,0,high
CVE-2021-21224,8.8,kev_only,0,high
CVE-2017-3066,9.8,kev_only,0,high
CVE-2024-49138,7.8,kev_only,0,high
CVE-2017-12319,5.9,kev_only,0,high
CVE-2012-1856,8.8,kev_only,0,high
CVE-2020-1054,7.8,kev_only,0,high
CVE-2016-2388,5.3,kev_only,0,high
CVE-2015-2291,7.8,kev_only,0,high
CVE-2019-3929,9.8,kev_only,0,high
CVE-2020-9054,9.8,kev_only,0,high
CVE-2013-3346,9.8,kev_only,0,high
CVE-2014-6332,8.8,kev_only,0,high
CVE-2024-29988,8.8,kev_only,0,high
CVE-2014-4077,7.8,kev_only,0,high
CVE-2022-0847,7.8,kev_only,0,high
CVE-2023-47565,8.0,kev_only,0,high
CVE-2017-6744,8.8,kev_only,0,high
CVE-2024-53197,7.8,kev_only,0,high
CVE-2020-7961,9.8,kev_only,0,high
CVE-2021-30883,7.8,kev_only,0,high
CVE-2015-4902,5.3,kev_only,0,high
CVE-2023-6448,9.8,kev_only,0,high
CVE-2019-12989,9.8,kev_only,0,high
CVE-2021-27562,5.5,kev_only,0,high
CVE-2017-0059,4.3,kev_only,0,high
CVE-2025-20393,10.0,kev_only,0,high
CVE-2023-36847,5.3,kev_only,0,high
CVE-2015-0071,6.5,kev_only,0,high
CVE-2018-0171,9.8,kev_only,0,high
CVE-2020-4430,4.3,kev_only,0,high
CVE-2025-27920,7.2,kev_only,0,high
CVE-2022-22587,9.8,kev_only,0,high
CVE-2020-6418,8.8,kev_only,0,high
CVE-2021-38645,7.8,kev_only,0,high
CVE-2022-3038,8.8,kev_only,0,high
CVE-2021-40655,7.5,kev_only,0,high
CVE-2025-14733,9.8,kev_only,0,high
CVE-2022-24706,9.8,kev_only,0,high
CVE-2021-3129,9.8,kev_only,0,high
CVE-2021-42321,8.8,kev_only,0,high
CVE-2018-20753,9.8,kev_only,0,high
CVE-2023-3519,9.8,kev_only,0,high
CVE-2025-30406,9.0,kev_only,0,high
CVE-2022-30333,7.5,kev_only,0,high
CVE-2021-26855,9.1,kev_only,0,high
CVE-2021-33766,7.3,kev_only,0,high
CVE-2013-3893,8.8,kev_only,0,high
CVE-2025-8875,7.8,kev_only,0,high
CVE-2025-49706,6.5,kev_only,0,high
CVE-2020-6287,10.0,kev_only,0,high
CVE-2016-6367,7.8,kev_only,0,high
CVE-2018-6961,8.1,kev_only,0,high
CVE-2025-40602,6.6,kev_only,0,high
CVE-2017-6884,8.8,kev_only,0,high
CVE-2018-8405,7.8,kev_only,0,high
CVE-2024-55956,9.8,kev_only,0,high
CVE-2022-26143,9.8,kev_only,0,high
CVE-2024-29745,5.5,kev_only,0,high
CVE-2025-66644,7.2,kev_only,0,high
CVE-2019-0604,9.8,kev_only,0,high
CVE-2018-8581,7.4,kev_only,0,high
CVE-2017-0101,7.8,kev_only,0,high
CVE-2021-21973,5.3,kev_only,0,high
CVE-2022-39197,6.1,kev_only,0,high
CVE-2025-55182,10.0,kev_only,0,high
CVE-2021-28663,8.8,kev_only,0,high
CVE-2016-7262,7.8,kev_only,0,high
CVE-2025-6205,9.1,kev_only,0,high
CVE-2024-0519,8.8,kev_only,0,high
CVE-2019-7193,9.8,kev_only,0,high
CVE-2024-56145,9.8,kev_only,0,high
CVE-2020-10181,9.8,kev_only,0,high
CVE-2023-2136,9.6,kev_only,0,high
CVE-2021-22017,5.3,kev_only,0,high
CVE-2022-37969,7.8,kev_only,0,high
CVE-2025-13223,8.8,kev_only,0,high
CVE-2020-25213,10.0,kev_only,0,high
CVE-2023-27351,7.5,kev_only,0,high
CVE-2021-30633,9.6,kev_only,0,high
CVE-2020-17463,9.8,kev_only,0,high
CVE-2022-26925,8.1,kev_only,0,high
CVE-2019-0703,6.5,kev_only,0,high
CVE-2017-8543,9.8,kev_only,0,high
CVE-2016-7255,7.8,kev_only,0,high
CVE-2017-16651,7.8,kev_only,0,high
CVE-2024-21762,9.8,kev_only,0,high
CVE-2021-28550,8.8,kev_only,0,high
CVE-2019-17558,7.5,kev_only,0,high
CVE-2012-0507,9.8,kev_only,0,high
CVE-2022-26871,9.8,kev_only,0,high
CVE-2022-48618,7.0,kev_only,0,high
CVE-2024-38014,7.8,kev_only,0,high
CVE-2020-10148,9.8,kev_only,0,high
CVE-2020-8599,9.8,kev_only,0,high
CVE-2010-0249,8.8,kev_only,0,high
CVE-2022-32894,7.8,kev_only,0,high
CVE-2016-4117,9.8,kev_only,0,high
CVE-2020-8657,9.8,kev_only,0,high
CVE-2023-35081,7.2,kev_only,0,high
CVE-2016-10033,9.8,kev_only,0,high
CVE-2015-5123,9.8,kev_only,0,high
CVE-2022-20701,10.0,kev_only,0,high
CVE-2022-0185,8.4,kev_only,0,high
CVE-2020-28949,7.8,kev_only,0,high
CVE-2021-31201,5.2,kev_only,0,high
CVE-2020-0968,7.5,kev_only,0,high
CVE-2023-6549,8.2,kev_only,0,high
CVE-2018-4878,7.8,kev_only,0,high
CVE-2022-0543,10.0,kev_only,0,high
CVE-2021-28664,8.8,kev_only,0,high
CVE-2020-1472,5.5,kev_only,0,high
CVE-2021-22899,8.8,kev_only,0,high
CVE-2024-45195,7.5,kev_only,0,high
CVE-2022-43939,8.6,kev_only,0,high
CVE-2024-6670,9.8,kev_only,0,high
CVE-2015-2425,8.8,kev_only,0,high
CVE-2023-4911,7.8,kev_only,0,high
CVE-2019-7609,10.0,kev_only,0,high
CVE-2021-39793,7.8,kev_only,0,high
CVE-2020-2506,7.3,kev_only,0,high
CVE-2022-41080,8.8,kev_only,0,high
CVE-2023-21674,8.8,kev_only,0,high
CVE-2020-15415,9.8,kev_only,0,high
CVE-2011-2005,7.8,kev_only,0,high
CVE-2020-8468,8.8,kev_only,0,high
CVE-2022-41073,7.8,kev_only,0,high
CVE-2019-16256,9.8,kev_only,0,high
CVE-2019-3568,9.8,kev_only,0,high
CVE-2019-9874,9.8,kev_only,0,high
CVE-2017-1000253,7.8,kev_only,0,high
CVE-2013-6282,8.8,kev_only,0,high
CVE-2022-21919,7.0,kev_only,0,high
CVE-2015-3035,7.5,kev_only,0,high
CVE-2020-1631,8.8,kev_only,0,high
CVE-2025-38352,7.8,kev_only,0,high
CVE-2025-54068,9.8,kev_only,0,high
CVE-2023-1671,9.8,kev_only,0,high
CVE-2020-9859,7.8,kev_only,0,high
CVE-2020-9377,8.8,kev_only,0,high
CVE-2021-22502,9.8,kev_only,0,high
CVE-2022-22947,10.0,kev_only,0,high
CVE-2019-1069,7.8,kev_only,0,high
CVE-2018-13382,9.1,kev_only,0,high
CVE-2023-7028,10.0,kev_only,0,high
CVE-2021-1675,7.8,kev_only,0,high
CVE-2023-28252,7.8,kev_only,0,high
CVE-2010-0738,5.3,kev_only,0,high
CVE-2021-21148,8.8,kev_only,0,high
CVE-2022-30190,7.8,kev_only,0,high
CVE-2022-21999,7.8,kev_only,0,high
CVE-2020-17519,7.5,kev_only,0,high
CVE-2015-1130,7.8,kev_only,0,high
CVE-2023-32315,8.6,kev_only,0,high
CVE-2010-4344,9.8,kev_only,0,high
CVE-2024-38812,9.8,kev_only,0,high
CVE-2014-4148,8.8,kev_only,0,high
CVE-2015-8651,8.8,kev_only,0,high
CVE-2021-3156,7.8,kev_only,0,high
CVE-2016-0151,7.8,kev_only,0,high
CVE-2016-5195,7.0,kev_only,0,high
CVE-2025-47813,4.3,kev_only,0,high
CVE-2019-7192,9.8,kev_only,0,high
CVE-2021-30807,7.8,kev_only,0,high
CVE-2019-1322,7.8,kev_only,0,high
CVE-2021-33044,9.8,kev_only,0,high
CVE-2009-1537,8.8,kev_only,0,high
CVE-2019-11580,9.8,kev_only,0,high
CVE-2020-10189,9.8,kev_only,0,high
CVE-2023-29552,7.5,kev_only,0,high
CVE-2025-21590,4.4,kev_only,0,high
CVE-2018-0155,8.6,kev_only,0,high
CVE-2021-22600,6.6,kev_only,0,high
CVE-2016-3393,7.8,kev_only,0,high
CVE-2024-20439,9.8,kev_only,0,high
CVE-2024-7593,9.8,kev_only,0,high
CVE-2017-0210,8.8,kev_only,0,high
CVE-2022-22265,5.0,kev_only,0,high
CVE-2019-11581,9.8,kev_only,0,high
CVE-2013-3897,8.8,kev_only,0,high
CVE-2016-4657,8.8,kev_only,0,high
CVE-2017-12234,7.5,kev_only,0,high
CVE-2022-32917,7.8,kev_only,0,high
CVE-2019-13608,7.5,kev_only,0,high
CVE-2018-2380,6.6,kev_only,0,high
CVE-2024-20953,8.8,kev_only,0,high
CVE-2021-30563,8.8,kev_only,0,high
CVE-2024-39717,7.2,kev_only,0,high
CVE-2021-40449,7.8,kev_only,0,high
CVE-2021-40438,9.0,kev_only,0,high
CVE-2014-6352,7.8,kev_only,0,high
CVE-2018-4344,7.8,kev_only,0,high
CVE-2017-6077,9.8,kev_only,0,high
CVE-2021-21551,8.8,kev_only,0,high
CVE-2020-6820,8.1,kev_only,0,high
CVE-2023-41993,8.8,kev_only,0,high
CVE-2025-14174,8.8,kev_only,0,high
CVE-2022-22536,10.0,kev_only,0,high
CVE-2017-11292,8.8,kev_only,0,high
CVE-2020-11651,9.8,kev_only,0,high
CVE-2021-42287,7.5,kev_only,0,high
CVE-2020-8196,4.3,kev_only,0,high
CVE-2020-6572,8.8,kev_only,0,high
CVE-2022-24112,9.8,kev_only,0,high
CVE-2017-8540,7.8,kev_only,0,high
CVE-2025-24993,7.8,kev_only,0,high
CVE-2021-29256,8.8,kev_only,0,high
CVE-2015-7645,7.8,kev_only,0,high
CVE-2020-14644,9.8,kev_only,0,high
CVE-2023-20269,5.0,kev_only,0,high
CVE-2019-1652,7.2,kev_only,0,high
CVE-2021-42013,9.8,kev_only,0,high
CVE-2021-26085,5.3,kev_only,0,high
CVE-2025-31277,8.8,kev_only,0,high
CVE-2013-1347,8.8,kev_only,0,high
CVE-2024-8068,8.0,kev_only,0,high
CVE-2018-18325,7.5,kev_only,0,high
CVE-2018-4939,9.8,kev_only,0,high
CVE-2017-5521,8.1,kev_only,0,high
CVE-2021-41357,7.8,kev_only,0,high
CVE-2014-4114,7.8,kev_only,0,high
CVE-2021-22893,10.0,kev_only,0,high
CVE-2021-31979,7.8,kev_only,0,high
CVE-2019-13720,8.8,kev_only,0,high
CVE-2022-44877,9.8,kev_only,0,high
CVE-2019-1579,8.1,kev_only,0,high
CVE-2024-21182,7.5,kev_only,0,high
CVE-2020-9715,7.8,kev_only,0,high
CVE-2023-29336,7.8,kev_only,0,high
CVE-2012-4969,8.1,kev_only,0,high
CVE-2018-19953,6.1,kev_only,0,high
CVE-2021-27065,7.8,kev_only,0,high
CVE-2022-32893,8.8,kev_only,0,high
CVE-2019-1315,7.8,kev_only,0,high
CVE-2021-1782,7.0,kev_only,0,high
CVE-2014-0780,9.8,kev_only,0,high
CVE-2021-43890,7.1,kev_only,0,high
CVE-2023-5217,8.8,kev_only,0,high
CVE-2020-24557,7.8,kev_only,0,high
CVE-2022-22706,7.8,kev_only,0,high
CVE-2018-8453,7.8,kev_only,0,high
CVE-2025-64446,9.8,kev_only,0,high
CVE-2021-1498,9.8,kev_only,0,high
CVE-2017-7494,9.8,kev_only,0,high
CVE-2019-19781,9.8,kev_only,0,high
CVE-2015-2545,7.8,kev_only,0,high
CVE-2025-54948,9.4,kev_only,0,high
CVE-2013-2596,7.8,kev_only,0,high
CVE-2017-0213,7.3,kev_only,0,high
CVE-2023-49103,10.0,kev_only,0,high
CVE-2022-38028,7.8,kev_only,0,high
CVE-2020-14882,9.8,kev_only,0,high
CVE-2021-22986,9.8,kev_only,0,high
CVE-2021-44207,8.1,kev_only,0,high
CVE-2022-41125,7.8,kev_only,0,high
CVE-2023-37580,6.1,kev_only,0,high
CVE-2025-2749,7.2,kev_only,0,high
CVE-2021-36942,7.5,kev_only,0,high
CVE-2019-7238,9.8,kev_only,0,high
CVE-2022-24816,10.0,kev_only,0,high
CVE-2012-1535,7.8,kev_only,0,high
CVE-2013-0631,7.5,kev_only,0,high
CVE-2017-12237,7.5,kev_only,0,high
CVE-2016-0165,7.8,kev_only,0,high
CVE-2018-7602,9.8,kev_only,0,high
CVE-2021-4102,8.8,kev_only,0,high
CVE-2019-1003029,9.9,kev_only,0,high
CVE-2020-3580,6.1,kev_only,0,high
CVE-2013-4810,9.8,kev_only,0,high
CVE-2020-11738,7.5,kev_only,0,high
CVE-2016-3088,9.8,kev_only,0,high
CVE-2009-1123,7.8,kev_only,0,high
CVE-2021-30661,8.8,kev_only,0,high
CVE-2020-0938,7.8,kev_only,0,high
CVE-2017-6736,8.8,kev_only,0,high
CVE-2019-9875,8.8,kev_only,0,high
CVE-2020-1020,8.8,kev_only,0,high
CVE-2010-0188,7.8,kev_only,0,high
CVE-2019-2215,7.8,kev_only,0,high
CVE-2024-38226,7.3,kev_only,0,high
CVE-2020-17530,9.8,kev_only,0,high
CVE-2020-17496,9.8,kev_only,0,high
CVE-2025-3928,8.8,kev_only,0,high
CVE-2013-2729,9.8,kev_only,0,high
CVE-2011-0609,7.8,kev_only,0,high
CVE-2024-3400,10.0,kev_only,0,high
CVE-2023-44487,7.5,kev_only,0,high
CVE-2019-0211,7.8,kev_only,0,high
CVE-2015-4495,8.8,kev_only,0,high
CVE-2019-0808,7.8,kev_only,0,high
CVE-2020-0796,10.0,kev_only,0,high
CVE-2017-12240,9.8,kev_only,0,high
CVE-2020-3569,8.6,kev_only,0,high
CVE-2024-7262,7.8,kev_only,0,high
CVE-2021-1048,7.8,kev_only,0,high
CVE-2021-25296,8.8,kev_only,0,high
CVE-2021-28310,7.8,kev_only,0,high
CVE-2023-3079,8.8,kev_only,0,high
CVE-2024-43093,7.3,kev_only,0,high
CVE-2022-40765,6.8,kev_only,0,high
CVE-2024-38217,5.4,kev_only,0,high
CVE-2021-20022,7.2,kev_only,0,high
CVE-2018-13379,9.1,kev_only,0,high
CVE-2016-4171,9.8,kev_only,0,high
CVE-2021-20021,9.8,kev_only,0,high
CVE-2021-35394,9.8,kev_only,0,high
CVE-2020-10987,9.8,kev_only,0,high
CVE-2021-21193,8.8,kev_only,0,high
CVE-2019-7481,7.5,kev_only,0,high
CVE-2024-28987,9.1,kev_only,0,high
CVE-2019-9978,6.1,kev_only,0,high
CVE-2022-26134,9.8,kev_only,0,high
CVE-2024-43461,8.8,kev_only,0,high
CVE-2018-8373,7.5,kev_only,0,high
CVE-2022-22948,6.5,kev_only,0,high
CVE-2019-16928,9.8,kev_only,0,high
CVE-2020-8644,9.8,kev_only,0,high
CVE-2017-6327,8.8,kev_only,0,high
CVE-2023-36584,5.4,kev_only,0,high
CVE-2018-0180,5.9,kev_only,0,high
CVE-2025-54313,7.5,kev_only,0,high
CVE-2020-14883,7.2,kev_only,0,high
CVE-2022-20821,6.5,kev_only,0,high
CVE-2013-0629,7.5,kev_only,0,high
CVE-2010-1297,7.8,kev_only,0,high
CVE-2021-21985,9.8,kev_only,0,high
CVE-2018-15133,8.1,kev_only,0,high
CVE-2021-30551,8.8,kev_only,0,high
CVE-2022-1040,9.8,kev_only,0,high
CVE-2017-12235,7.5,kev_only,0,high
CVE-2023-28229,7.0,kev_only,0,high
CVE-2019-1653,7.5,kev_only,0,high
CVE-2021-31755,9.8,kev_only,0,high
CVE-2015-1641,7.8,kev_only,0,high
CVE-2019-1405,7.8,kev_only,0,high
CVE-2021-34527,8.8,kev_only,0,high
CVE-2022-41040,8.8,kev_only,0,high
CVE-2022-1388,9.8,kev_only,0,high
CVE-2021-38649,7.0,kev_only,0,high
CVE-2021-45382,9.8,kev_only,0,high
CVE-2024-3273,7.3,kev_only,0,high
CVE-2021-33045,9.8,kev_only,0,high
CVE-2021-31010,7.5,kev_only,0,high
CVE-2018-14558,9.8,kev_only,0,high
CVE-2018-6065,8.8,kev_only,0,high
CVE-2025-31201,9.8,kev_only,0,high
CVE-2021-35395,9.8,kev_only,0,high
CVE-2024-53104,7.8,kev_only,0,high
CVE-2019-12991,8.8,kev_only,0,high
CVE-2017-12231,7.5,kev_only,0,high
CVE-2020-11899,5.4,kev_only,0,high
CVE-2019-6693,6.5,kev_only,0,high
CVE-2018-8639,7.8,kev_only,0,high
CVE-2015-2419,8.8,kev_only,0,high
CVE-2022-0609,8.8,kev_only,0,high
CVE-2022-22718,7.8,kev_only,0,high
CVE-2021-35211,9.0,kev_only,0,high
CVE-2021-27103,9.8,kev_only,0,high
CVE-2022-21445,9.8,kev_only,0,high
CVE-2022-20708,10.0,kev_only,0,high
CVE-2018-8406,7.8,kev_only,0,high
CVE-2022-24521,7.8,kev_only,0,high
CVE-2013-0648,8.8,kev_only,0,high
CVE-2022-38181,8.8,kev_only,0,high
CVE-2025-68461,7.2,kev_only,0,high
CVE-2020-24363,8.8,kev_only,0,high
CVE-2019-11043,8.7,kev_only,0,high
CVE-2020-8195,6.5,kev_only,0,high
CVE-2022-44698,5.4,kev_only,0,high
CVE-2021-27561,9.8,kev_only,0,high
CVE-2015-5122,9.8,kev_only,0,high
CVE-2018-15811,7.5,kev_only,0,high
CVE-2020-16017,9.6,kev_only,0,high
CVE-2023-41763,5.3,kev_only,0,high
CVE-2023-20963,7.8,kev_only,0,high
CVE-2018-0173,8.6,kev_only,0,high
CVE-2017-6737,8.8,kev_only,0,high
CVE-2014-0546,9.8,kev_only,0,high
CVE-2021-26411,8.8,kev_only,0,high
CVE-2022-21587,9.8,kev_only,0,high
CVE-2021-33771,7.8,kev_only,0,high
CVE-2016-0162,4.3,kev_only,0,high
CVE-2016-3714,8.4,kev_only,0,high
CVE-2012-1854,7.8,kev_only,0,high
CVE-2021-31166,9.8,kev_only,0,high
CVE-2021-38646,7.8,kev_only,0,high
CVE-2021-35247,4.3,kev_only,0,high
CVE-2024-44308,8.8,kev_only,0,high
CVE-2017-6663,6.5,kev_only,0,high
CVE-2023-21839,7.5,kev_only,0,high
CVE-2018-4990,8.8,kev_only,0,high
CVE-2025-31200,9.8,kev_only,0,high
CVE-2021-38163,9.9,kev_only,0,high
CVE-2014-0322,8.8,kev_only,0,high
CVE-2022-22071,8.4,kev_only,0,high
CVE-2019-18988,7.0,kev_only,0,high
CVE-2020-8655,7.8,kev_only,0,high
CVE-2022-3075,9.6,kev_only,0,high
CVE-2014-3931,9.8,kev_only,0,high
CVE-2005-2773,9.8,kev_only,0,high
CVE-2019-16920,9.8,kev_only,0,high
CVE-2013-0625,9.8,kev_only,0,high
CVE-2013-1675,6.5,kev_only,0,high
CVE-2018-8414,8.8,kev_only,0,high
CVE-2022-23134,3.7,kev_only,0,high
CVE-2023-33246,9.8,kev_only,0,high
CVE-2024-21287,7.5,kev_only,0,high
CVE-2019-1129,7.8,kev_only,0,high
CVE-2018-14667,9.8,kev_only,0,high
CVE-2021-22175,6.8,kev_only,0,high
CVE-2021-38648,7.8,kev_only,0,high
CVE-2021-44077,9.8,kev_only,0,high
CVE-2014-3153,7.8,kev_only,0,high
CVE-2025-2747,9.8,kev_only,0,high
CVE-2022-28810,6.8,kev_only,0,high
CVE-2023-41266,8.2,kev_only,0,high
CVE-2023-28205,8.8,kev_only,0,high
CVE-2025-55177,5.4,kev_only,0,high
CVE-2021-20016,9.8,kev_only,0,high
CVE-2010-3904,7.8,kev_only,0,high
CVE-2021-36934,7.8,kev_only,0,high
CVE-2023-38203,9.8,kev_only,0,high
CVE-2018-6530,9.8,kev_only,0,high
CVE-2021-36742,7.8,kev_only,0,high
CVE-2024-28986,9.8,kev_only,0,high
CVE-2023-46805,8.2,kev_only,0,high
CVE-2021-21220,8.8,kev_only,0,high
CVE-2017-3506,7.4,kev_only,0,high
CVE-2020-11023,6.9,kev_only,0,high
CVE-2019-2616,7.2,kev_only,0,high
CVE-2019-0193,7.2,kev_only,0,high
CVE-2016-8735,9.8,kev_only,0,high
CVE-2002-0367,7.8,kev_only,0,high
CVE-2019-7256,9.8,kev_only,0,high
CVE-2020-5849,7.5,kev_only,0,high
CVE-2014-100005,8.0,kev_only,0,high
CVE-2022-35914,9.8,kev_only,0,high
CVE-2025-8876,8.8,kev_only,0,high
CVE-2013-5223,5.4,kev_only,0,high
CVE-2024-23897,9.8,kev_only,0,high
CVE-2019-11001,7.2,kev_only,0,high
CVE-2021-37975,8.8,kev_only,0,high
CVE-2022-27924,7.5,kev_only,0,high
CVE-2023-29492,9.8,kev_only,0,high
CVE-2021-42278,7.5,kev_only,0,high
CVE-2021-30860,7.8,kev_only,0,high
CVE-2023-49897,8.8,kev_only,0,high
CVE-2020-8816,7.2,kev_only,0,high
CVE-2023-36802,7.8,kev_only,0,high
CVE-2021-20090,9.8,kev_only,0,high
CVE-2021-40539,9.8,kev_only,0,high
CVE-2017-1000353,9.8,kev_only,0,high
CVE-2021-20028,9.8,kev_only,0,high
CVE-2023-36844,5.3,kev_only,0,high
CVE-2021-1906,6.2,kev_only,0,high
CVE-2021-30761,8.8,kev_only,0,high
CVE-2020-0601,8.1,kev_only,0,high
CVE-2019-0863,7.8,kev_only,0,high
CVE-2022-2856,6.5,kev_only,0,high
CVE-2023-28432,7.5,kev_only,0,high
CVE-2025-24991,5.5,kev_only,0,high
CVE-2018-0824,8.8,kev_only,0,high
CVE-2023-25717,9.8,kev_only,0,high
CVE-2020-7796,9.8,kev_only,0,high
CVE-2024-49039,8.8,kev_only,0,high
CVE-2008-3431,8.8,kev_only,0,high
CVE-2017-6316,9.8,kev_only,0,high
CVE-2017-12233,7.5,kev_only,0,high
CVE-2022-40799,8.8,kev_only,0,high
CVE-2021-36955,7.8,kev_only,0,high
CVE-2019-0803,7.8,kev_only,0,high
CVE-2019-0859,7.8,kev_only,0,high
CVE-2021-30952,7.8,kev_only,0,high
CVE-2022-26904,7.0,kev_only,0,high
CVE-2018-0158,8.6,kev_only,0,high
CVE-2020-3153,6.5,kev_only,0,high
CVE-2017-1000486,9.8,kev_only,0,high
CVE-2016-7836,9.8,kev_only,0,high
CVE-2024-23222,8.8,kev_only,0,high
CVE-2019-19006,9.8,kev_only,0,high
CVE-2022-0028,8.6,kev_only,0,high
CVE-2020-27930,7.8,kev_only,0,high
CVE-2023-41061,7.8,kev_only,0,high
CVE-2020-8218,7.2,kev_only,0,high
CVE-2022-40684,9.8,kev_only,0,high
CVE-2020-11652,6.5,kev_only,0,high
CVE-2025-32432,10.0,kev_only,0,high
CVE-2020-8260,7.2,kev_only,0,high
CVE-2021-22941,9.8,kev_only,0,high
CVE-2019-0543,7.8,kev_only,0,high
CVE-2017-12232,6.5,kev_only,0,high
CVE-2016-7256,8.8,kev_only,0,high
CVE-2013-2597,8.4,kev_only,0,high
CVE-2021-27101,9.8,kev_only,0,high
CVE-2020-2883,9.8,kev_only,0,high
CVE-2025-22457,9.0,kev_only,0,high
CVE-2021-39935,6.8,kev_only,0,high
CVE-2025-26633,7.0,kev_only,0,high
CVE-2022-46169,9.8,kev_only,0,high
CVE-2020-0618,8.8,kev_only,0,high
CVE-2023-21492,4.4,kev_only,0,high
CVE-2022-29303,9.8,kev_only,0,high
CVE-2022-21971,7.8,kev_only,0,high
CVE-2020-9907,7.8,kev_only,0,high
CVE-2021-25394,6.4,kev_only,0,high
CVE-2024-21338,7.8,kev_only,0,high
CVE-2020-17087,7.8,kev_only,0,high
CVE-2018-0151,9.8,kev_only,0,high
CVE-2016-4655,5.5,kev_only,0,high
CVE-2021-25298,8.8,kev_only,0,high
CVE-2024-53150,7.1,kev_only,0,high
CVE-2014-4123,8.8,kev_only,0,high
CVE-2021-44529,9.8,kev_only,0,high
CVE-2021-21315,7.1,kev_only,0,high
CVE-2017-8570,7.8,kev_only,0,high
CVE-2022-24990,7.5,kev_only,0,high
CVE-2024-32113,9.8,kev_only,0,high
CVE-2018-0798,8.8,kev_only,0,high
CVE-2025-49704,8.8,kev_only,0,high
CVE-2021-25371,6.1,kev_only,0,high
CVE-2023-43000,8.8,kev_only,0,high
CVE-2009-0927,8.8,kev_only,0,high
CVE-2020-26919,9.8,kev_only,0,high
CVE-2014-4404,7.8,kev_only,0,high
CVE-2018-10562,9.8,kev_only,0,high
CVE-2025-6204,8.0,kev_only,0,high
CVE-2021-27102,7.8,kev_only,0,high
CVE-2009-0557,7.8,kev_only,0,high
CVE-2010-4345,7.8,kev_only,0,high
CVE-2016-5198,8.8,kev_only,0,high
CVE-2021-22991,9.8,kev_only,0,high
CVE-2014-4113,7.8,kev_only,0,high
CVE-2017-0022,6.5,kev_only,0,high
CVE-2025-37164,10.0,kev_only,0,high
CVE-2020-3566,8.6,kev_only,0,high
CVE-2010-4398,7.8,kev_only,0,high
CVE-2023-45727,7.5,kev_only,0,high
CVE-2020-3952,9.8,kev_only,0,high
CVE-2024-11120,9.8,kev_only,0,high
CVE-2022-20699,10.0,kev_only,0,high
CVE-2021-30657,5.5,kev_only,0,high
CVE-2025-60710,7.8,kev_only,0,high
CVE-2022-4262,8.8,kev_only,0,high
CVE-2024-44309,6.3,kev_only,0,high
CVE-2022-1096,8.8,kev_only,0,high
CVE-2025-58360,8.2,kev_only,0,high
CVE-2019-18935,9.8,kev_only,0,high
CVE-2023-42824,7.8,kev_only,0,high
CVE-2024-0012,9.8,kev_only,0,high
CVE-2025-25257,9.8,kev_only,0,high
CVE-2021-37973,9.6,kev_only,0,high
CVE-2019-1003030,9.9,kev_only,0,high
CVE-2019-1130,7.8,kev_only,0,high
CVE-2025-8110,8.8,kev_only,0,high
CVE-2019-1429,7.5,kev_only,0,high
CVE-2015-0311,9.8,kev_only,0,high
CVE-2022-42948,9.8,kev_only,0,high
CVE-2018-0156,7.5,kev_only,0,high
CVE-2022-0492,7.8,kev_only,0,high
CVE-2022-37042,9.8,kev_only,0,high
CVE-2025-34028,10.0,kev_only,0,high
CVE-2022-48503,8.8,kev_only,0,high
CVE-2016-7855,8.8,kev_only,0,high
CVE-2020-0986,7.8,kev_only,0,high
CVE-2020-16010,9.6,kev_only,0,high
CVE-2024-0769,5.3,kev_only,0,high
CVE-2016-0189,7.5,kev_only,0,high
CVE-2019-5786,6.5,kev_only,0,high
CVE-2021-42258,9.8,kev_only,0,high
CVE-2023-36761,6.5,kev_only,0,high
CVE-2020-1938,9.8,kev_only,0,high
CVE-2020-13965,6.1,kev_only,0,high
CVE-2011-3402,8.8,kev_only,0,high
CVE-2020-15505,9.8,kev_only,0,high
CVE-2022-24086,9.8,kev_only,0,high
CVE-2010-0806,8.8,kev_only,0,high
CVE-2019-0903,8.8,kev_only,0,high
CVE-2020-8467,8.8,kev_only,0,high
CVE-2023-26359,9.8,kev_only,0,high
CVE-2021-27877,8.2,kev_only,0,high
CVE-2008-0015,8.8,kev_only,0,high
CVE-2021-26086,5.3,kev_only,0,high
CVE-2014-0497,9.8,kev_only,0,high
CVE-2016-3427,9.8,kev_only,0,high
CVE-2018-8611,7.8,kev_only,0,high
CVE-2020-12812,9.8,kev_only,0,high
CVE-2015-5317,7.5,kev_only,0,high
CVE-2020-2555,9.8,kev_only,0,high
CVE-2024-38107,7.8,kev_only,0,high
CVE-2016-0984,8.8,kev_only,0,high
CVE-2024-12686,6.6,kev_only,0,high
CVE-2021-32030,9.8,kev_only,0,high
CVE-2019-3010,8.8,kev_only,0,high
CVE-2017-0263,7.8,kev_only,0,high
CVE-2024-3272,9.8,kev_only,0,high
CVE-2025-62215,7.0,kev_only,0,high
CVE-2021-28799,10.0,kev_only,0,high
CVE-2017-7269,9.8,kev_only,0,high
CVE-2021-27860,9.8,kev_only,0,high
CVE-2015-6175,7.8,kev_only,0,high
CVE-2009-3953,8.8,kev_only,0,high
CVE-2017-11317,9.8,kev_only,0,high
CVE-2021-25369,6.2,kev_only,0,high
CVE-2020-0069,7.8,kev_only,0,high
CVE-2019-8506,8.8,kev_only,0,high
CVE-2017-18368,9.8,kev_only,0,high
CVE-2016-3643,7.8,kev_only,0,high
CVE-2021-45046,9.0,kev_only,0,high
CVE-2025-53770,9.8,kev_only,0,high
CVE-2018-10561,9.8,kev_only,0,high
CVE-2012-5076,9.8,kev_only,0,high
CVE-2023-26360,8.6,kev_only,0,high
CVE-2022-22047,7.8,kev_only,0,high
CVE-2013-7331,6.5,kev_only,0,high
CVE-2024-21887,9.1,kev_only,0,high
CVE-2021-33742,7.5,kev_only,0,high
CVE-2020-14750,9.8,kev_only,0,high
CVE-2023-38035,9.8,kev_only,0,high
CVE-2019-20500,7.8,kev_only,0,high
CVE-2024-7694,7.2,kev_only,0,high
CVE-2024-38813,7.5,kev_only,0,high
CVE-2023-22527,9.8,kev_only,0,high
CVE-2024-38106,7.0,kev_only,0,high
CVE-2017-0149,8.8,kev_only,0,high
CVE-2022-27518,9.8,kev_only,0,high
CVE-2023-44221,7.2,kev_only,0,high
CVE-2025-14847,7.5,kev_only,0,high
CVE-2019-8394,6.5,kev_only,0,high
CVE-2012-0391,9.8,kev_only,0,high
CVE-2012-4792,8.8,kev_only,0,high
CVE-2023-26369,7.8,kev_only,0,high
CVE-2024-3393,7.5,kev_only,0,high
CVE-2024-38213,6.5,kev_only,0,high
CVE-2023-6548,5.5,kev_only,0,high
CVE-2020-17144,8.4,kev_only,0,high
CVE-2020-3992,9.8,kev_only,0,high
CVE-2023-5631,6.1,kev_only,0,high
CVE-2013-2551,8.8,kev_only,0,high
CVE-2016-6415,7.5,kev_only,0,high
CVE-2015-2502,8.8,kev_only,0,high
CVE-2022-23131,9.1,kev_only,0,high
CVE-2013-1690,8.8,kev_only,0,high
CVE-2015-4852,9.8,kev_only,0,high
CVE-2015-2424,8.8,kev_only,0,high
CVE-2025-48572,7.8,kev_only,0,high
CVE-2014-0130,7.5,kev_only,0,high
CVE-2021-22204,6.8,kev_only,0,high
CVE-2010-3765,9.8,kev_only,0,high
CVE-2024-42009,9.3,kev_only,0,high
CVE-2024-7399,8.8,kev_only,0,high
CVE-2021-3560,7.8,kev_only,0,high
CVE-2020-9819,4.3,kev_only,0,high
CVE-2023-27350,9.8,kev_only,0,high
CVE-2009-1151,9.8,kev_only,0,high
CVE-2025-48543,8.8,kev_only,0,high
CVE-2020-29583,9.8,kev_only,0,high
CVE-2021-39226,9.8,kev_only,0,high
CVE-2019-7195,9.8,kev_only,0,high
CVE-2021-44168,3.3,kev_only,0,high
CVE-2018-5430,8.8,kev_only,0,high
CVE-2015-1769,6.6,kev_only,0,high
CVE-2020-3118,8.8,kev_only,0,high
CVE-2023-33106,8.4,kev_only,0,high
CVE-2016-0099,7.8,kev_only,0,high
CVE-2021-21972,9.8,kev_only,0,high
CVE-2025-43510,7.8,kev_only,0,high
CVE-2021-43226,7.8,kev_only,0,high
CVE-2024-8963,9.4,kev_only,0,high
CVE-2011-1889,9.8,kev_only,0,high
CVE-2019-0344,9.8,kev_only,0,high
CVE-2023-7101,7.8,kev_only,0,high
CVE-2010-3962,8.1,kev_only,0,high
CVE-2024-8069,8.0,kev_only,0,high
CVE-2020-1350,10.0,kev_only,0,high
CVE-2020-1380,7.8,kev_only,0,high
CVE-2024-49035,8.7,kev_only,0,high
CVE-2023-20198,10.0,kev_only,0,high
CVE-2022-23227,9.8,kev_only,0,high
CVE-2015-0016,7.8,kev_only,0,high
CVE-2016-1019,9.8,kev_only,0,high
CVE-2020-3950,7.8,kev_only,0,high
CVE-2021-22900,7.2,kev_only,0,high
CVE-2022-41033,7.8,kev_only,0,high
CVE-2014-1776,9.8,kev_only,0,high
CVE-2023-20118,6.5,kev_only,0,high
CVE-2018-17463,8.8,kev_only,0,high
CVE-2018-4063,8.8,kev_only,0,high
CVE-2010-2861,9.8,kev_only,0,high
CVE-2021-35464,9.8,kev_only,0,high
CVE-2021-34523,9.0,kev_only,0,high
CVE-2024-21413,9.8,kev_only,0,high
CVE-2022-23176,8.8,kev_only,0,high
CVE-2023-21715,7.3,kev_only,0,high
CVE-2020-3433,7.8,kev_only,0,high
CVE-2025-0282,9.0,kev_only,0,high
CVE-2011-2462,9.8,kev_only,0,high
CVE-2019-5591,6.5,kev_only,0,high
CVE-2020-1040,9.0,kev_only,0,high
CVE-2016-3976,7.5,kev_only,0,high
CVE-2018-1273,9.8,kev_only,0,high
CVE-2024-20359,6.0,kev_only,0,high
CVE-2025-62221,7.8,kev_only,0,high
CVE-2019-11634,9.8,kev_only,0,high
CVE-2014-2817,8.8,kev_only,0,high
CVE-2020-5735,8.8,kev_only,0,high
CVE-2023-0669,7.2,kev_only,0,high
CVE-2025-14611,9.8,kev_only,0,high
CVE-2022-47986,9.8,kev_only,0,high
CVE-2021-3493,8.8,kev_only,0,high
CVE-2017-8291,7.8,kev_only,0,high
CVE-2023-42793,9.8,kev_only,0,high
CVE-2020-5722,9.8,kev_only,0,high
CVE-2009-3459,8.8,kev_only,0,high
CVE-2025-2746,9.8,kev_only,0,high
CVE-2025-54253,10.0,kev_only,0,high
CVE-2019-16057,9.8,kev_only,0,high
CVE-2018-0161,6.3,kev_only,0,high
CVE-2020-27950,5.5,kev_only,0,high
CVE-2021-30900,7.8,kev_only,0,high
CVE-2025-29824,7.8,kev_only,0,high
CVE-2021-36741,8.8,kev_only,0,high
CVE-2023-35674,7.8,kev_only,0,high
CVE-2019-16759,9.8,kev_only,0,high
CVE-2024-40711,9.8,kev_only,0,high
CVE-2019-15107,9.8,kev_only,0,high
CVE-2025-2783,8.3,kev_only,0,high
CVE-2020-10221,8.8,kev_only,0,high
CVE-2020-1464,7.8,kev_only,0,high
CVE-2021-30663,8.8,kev_only,0,high
CVE-2021-21017,8.8,kev_only,0,high
CVE-2017-6627,7.5,kev_only,0,high
CVE-2022-26923,8.8,kev_only,0,high
CVE-2020-15999,9.6,kev_only,0,high
CVE-2009-3129,7.8,kev_only,0,high
CVE-2024-21410,9.8,kev_only,0,high
CVE-2021-31955,5.5,kev_only,0,high
CVE-2012-1710,9.8,kev_only,0,high
CVE-2025-43300,10.0,kev_only,0,high
CVE-2021-27085,8.8,kev_only,0,high
CVE-2022-26501,9.8,kev_only,0,high
CVE-2014-1812,8.8,kev_only,0,high
CVE-2022-26318,9.8,kev_only,0,high
CVE-2021-35587,9.8,kev_only,0,high
CVE-2025-68645,8.8,kev_only,0,high
CVE-2020-5410,7.5,kev_only,0,high
CVE-2019-8526,7.8,kev_only,0,high
CVE-2014-0496,8.8,kev_only,0,high
CVE-2017-12149,9.8,kev_only,0,high
CVE-2022-40139,7.2,kev_only,0,high
CVE-2017-10271,7.5,kev_only,0,high
CVE-2020-3837,7.8,kev_only,0,high
CVE-2021-40407,7.2,kev_only,0,high
CVE-2024-27443,6.1,kev_only,0,high
CVE-2021-23874,8.2,kev_only,0,high
CVE-2019-15271,8.8,kev_only,0,high
CVE-2019-1253,7.8,kev_only,0,high
CVE-2022-26258,9.8,kev_only,0,high
CVE-2017-0037,8.1,kev_only,0,high
CVE-2017-9841,9.8,kev_only,0,high
CVE-2018-11138,9.8,kev_only,0,high
CVE-2020-1147,7.8,kev_only,0,high
CVE-2020-0787,7.8,kev_only,0,high
CVE-2015-5119,9.8,kev_only,0,high
CVE-2018-8174,7.5,kev_only,0,high
CVE-2019-10149,9.8,kev_only,0,high
CVE-2023-36846,5.3,kev_only,0,high
CVE-2015-4068,9.1,kev_only,0,high
CVE-2019-13272,7.8,kev_only,0,high
CVE-2022-21882,7.0,kev_only,0,high
CVE-2016-7200,8.8,kev_only,0,high
CVE-2019-1458,7.8,kev_only,0,high
CVE-2021-4034,7.8,kev_only,0,high
CVE-2010-3035,7.5,kev_only,0,high
CVE-2024-27348,9.8,kev_only,0,high
CVE-2021-30869,7.8,kev_only,0,high
CVE-2015-2051,8.8,kev_only,0,high
CVE-2025-48633,5.5,kev_only,0,high
CVE-2015-1671,7.8,kev_only,0,high
CVE-2016-0034,8.8,kev_only,0,high
CVE-2019-0676,6.5,kev_only,0,high
CVE-2021-20123,7.5,kev_only,0,high
CVE-2016-1010,8.8,kev_only,0,high
CVE-2025-7775,9.8,kev_only,0,high
CVE-2025-24984,4.6,kev_only,0,high
CVE-2023-29357,9.8,kev_only,0,high
CVE-2016-9563,6.5,kev_only,0,high
CVE-2022-42856,8.8,kev_only,0,high
CVE-2019-1297,8.8,kev_only,0,high
CVE-2025-6558,8.8,kev_only,0,high
CVE-2022-42827,7.8,kev_only,0,high
CVE-2021-25372,6.1,kev_only,0,high
CVE-2025-58034,7.2,kev_only,0,high
CVE-2016-0185,7.8,kev_only,0,high
CVE-2013-3918,8.8,kev_only,0,high
CVE-2025-24985,7.8,kev_only,0,high
CVE-2021-25370,6.1,kev_only,0,high
CVE-2025-24813,9.8,kev_only,0,high
CVE-2019-18187,7.5,kev_only,0,high
CVE-2018-0174,8.6,kev_only,0,high
CVE-2022-22675,7.8,kev_only,0,high
CVE-2023-29360,8.4,kev_only,0,high
CVE-2020-3452,7.5,kev_only,0,high
CVE-2015-2590,9.8,kev_only,0,high
CVE-2010-5330,9.8,kev_only,0,high
CVE-2011-3544,9.8,kev_only,0,high
CVE-2016-0167,7.8,kev_only,0,high
CVE-2020-4006,9.1,kev_only,0,high
CVE-2021-36948,7.8,kev_only,0,high
CVE-2021-39144,8.5,kev_only,0,high
CVE-2017-6862,9.8,kev_only,0,high
CVE-2018-20250,7.8,kev_only,0,high
CVE-2018-0147,9.8,kev_only,0,high
CVE-2020-13671,8.8,kev_only,0,high
CVE-2023-27524,8.9,kev_only,0,high
CVE-2025-54309,9.0,kev_only,0,high
CVE-2025-53690,9.0,kev_only,0,high
CVE-2025-12480,9.1,kev_only,0,high
CVE-2024-9474,7.2,kev_only,0,high
CVE-2020-0041,7.8,kev_only,0,high
CVE-2021-21206,8.8,kev_only,0,high
CVE-2019-0541,8.8,kev_only,0,high
CVE-2010-2883,7.3,kev_only,0,high
CVE-2021-30116,10.0,kev_only,0,high
CVE-2022-31199,9.8,kev_only,0,high
CVE-2018-18809,6.5,kev_only,0,high
CVE-2018-8653,7.5,kev_only,0,high
CVE-2023-41991,5.5,kev_only,0,high
CVE-2012-4681,9.8,kev_only,0,high
CVE-2022-47966,9.8,kev_only,0,high
CVE-2025-31161,9.8,kev_only,0,high
CVE-2024-53704,9.8,kev_only,0,high
CVE-2017-0001,7.8,kev_only,0,high
CVE-2025-32433,10.0,kev_only,0,high
CVE-2021-34484,7.8,kev_only,0,high
CVE-2021-34473,9.1,kev_only,0,high
CVE-2021-41773,9.8,kev_only,0,high
CVE-2021-41277,10.0,kev_only,0,high
CVE-2024-8957,7.2,kev_only,0,high
CVE-2013-0431,5.3,kev_only,0,high
CVE-2022-4135,9.6,kev_only,0,high
CVE-2022-41082,8.0,kev_only,0,high
CVE-2021-31196,7.2,kev_only,0,high
CVE-2021-30713,7.8,kev_only,0,high
CVE-2015-1642,7.8,kev_only,0,high
CVE-2019-0797,7.8,kev_only,0,high
CVE-2013-2094,8.4,kev_only,0,high
CVE-2024-40766,9.8,kev_only,0,high
CVE-2022-30525,9.8,kev_only,0,high
CVE-2017-6743,8.8,kev_only,0,high
CVE-2023-41992,7.8,kev_only,0,high
CVE-2022-34713,7.8,kev_only,0,high
CVE-2024-7971,9.6,kev_only,0,high
CVE-2021-22894,8.8,kev_only,0,high
CVE-2025-20337,10.0,kev_only,0,high
CVE-2021-30858,8.8,kev_only,0,high
CVE-2025-27363,8.1,kev_only,0,high
CVE-2004-0210,7.8,kev_only,0,high
CVE-2012-1723,9.8,kev_only,0,high
CVE-2021-1879,6.1,kev_only,0,high
CVE-2010-0840,9.8,kev_only,0,high
CVE-2021-38003,8.8,kev_only,0,high
CVE-2025-3248,9.8,kev_only,0,high
CVE-2018-19321,7.8,kev_only,0,high
CVE-2017-12238,6.5,kev_only,0,high
CVE-2023-33063,7.8,kev_only,0,high
CVE-2010-2572,7.8,kev_only,0,high
CVE-2024-11680,9.8,kev_only,0,high
CVE-2012-0518,4.7,kev_only,0,high
CVE-2020-10199,8.8,kev_only,0,high
CVE-2016-9079,7.5,kev_only,0,high
CVE-2020-9818,8.8,kev_only,0,high
CVE-2018-17480,8.8,kev_only,0,high
CVE-2018-0125,9.8,kev_only,0,high
CVE-2022-42475,9.8,kev_only,0,high
CVE-2013-3163,8.8,kev_only,0,high
CVE-2023-40044,10.0,kev_only,0,high
CVE-2024-7965,8.8,kev_only,0,high
CVE-2015-7755,9.8,kev_only,0,high
CVE-2021-38406,7.8,kev_only,0,high
CVE-2008-2992,7.8,kev_only,0,high
CVE-2023-48365,9.6,kev_only,0,high
CVE-2022-41352,9.8,kev_only,0,high
CVE-2022-3723,8.8,kev_only,0,high
CVE-2023-4966,9.4,kev_only,0,high
CVE-2023-4863,8.8,kev_only,0,high
CVE-2021-38000,6.1,kev_only,0,high
CVE-2022-22963,9.8,kev_only,0,high
CVE-2024-41710,7.2,kev_only,0,high
CVE-2019-7286,7.8,kev_only,0,high
CVE-2018-15961,9.8,kev_only,0,high
CVE-2013-5065,7.8,kev_only,0,high
CVE-2025-68613,9.9,kev_only,0,high
CVE-2021-27852,9.8,kev_only,0,high
CVE-2016-0752,7.5,kev_only,0,high
CVE-2021-36260,9.8,kev_only,0,high
CVE-2024-55550,2.7,kev_only,0,high
CVE-2016-3715,5.5,kev_only,0,high
CVE-2021-36380,9.8,kev_only,0,high
CVE-2021-43798,7.5,kev_only,0,high
CVE-2020-11978,8.8,kev_only,0,high
CVE-2025-24201,10.0,kev_only,0,high
CVE-2013-2465,9.8,kev_only,0,high
CVE-2021-38647,9.8,kev_only,0,high
CVE-2012-0158,8.8,kev_only,0,high
CVE-2020-2551,9.8,kev_only,0,high
CVE-2022-27925,7.2,kev_only,0,high
CVE-2023-36851,5.3,kev_only,0,high
CVE-2020-8243,7.2,kev_only,0,high
CVE-2025-43529,8.8,kev_only,0,high
CVE-2022-26485,8.8,kev_only,0,high
CVE-2021-30665,8.8,kev_only,0,high
CVE-2021-26084,9.8,kev_only,0,high
CVE-2020-35730,6.1,kev_only,0,high
CVE-2020-14871,10.0,kev_only,0,high
CVE-2023-42917,8.8,kev_only,0,high
CVE-2020-9934,5.5,kev_only,0,high
CVE-2020-25506,9.8,kev_only,0,high
CVE-2017-11826,7.8,kev_only,0,high
CVE-2022-20703,10.0,kev_only,0,high
CVE-2025-34291,8.8,kev_only,0,high
CVE-2019-8605,7.8,kev_only,0,high
CVE-2018-0159,7.5,kev_only,0,high
CVE-2020-0878,4.2,kev_only,0,high
CVE-2018-6882,6.1,kev_only,0,high
CVE-2007-5659,7.8,kev_only,0,high
CVE-2025-3935,8.1,kev_only,0,high
CVE-2019-1132,7.8,kev_only,0,high
CVE-2025-43520,5.5,kev_only,0,high
CVE-2023-43770,6.1,kev_only,0,high
CVE-2022-41128,8.8,kev_only,0,high
CVE-2012-2539,7.8,kev_only,0,high
CVE-2024-43451,6.5,kev_only,0,high
CVE-2021-44026,9.8,kev_only,0,high
CVE-2012-0151,7.8,kev_only,0,high
CVE-2018-8589,7.8,kev_only,0,high
CVE-2017-9248,9.8,kev_only,0,high
CVE-2021-25489,3.3,kev_only,0,high
CVE-2016-3309,7.8,kev_only,0,high
CVE-2018-19410,9.8,kev_only,0,high
CVE-2020-0638,7.8,kev_only,0,high
CVE-2021-30632,8.8,kev_only,0,high
CVE-2024-4040,9.8,kev_only,0,high
CVE-2022-20775,7.8,kev_only,0,high
CVE-2017-5030,8.8,kev_only,0,high
CVE-2024-38193,7.8,kev_only,0,high
CVE-2023-41990,7.8,kev_only,0,high
CVE-2020-27932,7.8,kev_only,0,high
CVE-2018-15982,7.8,kev_only,0,high
CVE-2020-6819,8.1,kev_only,0,high
CVE-2015-2546,8.2,kev_only,0,high
CVE-2020-0683,7.8,kev_only,0,high
CVE-2018-0175,8.0,kev_only,0,high
CVE-2022-22965,9.8,kev_only,0,high
CVE-2021-30554,8.8,kev_only,0,high
CVE-2016-7193,7.8,kev_only,0,high
CVE-2025-42599,9.8,kev_only,0,high
CVE-2006-2492,8.8,kev_only,0,high
CVE-2019-11707,8.8,kev_only,0,high
CVE-2020-25079,8.8,kev_only,0,high
CVE-2018-13383,4.3,kev_only,0,high
CVE-2022-22960,7.8,kev_only,0,high
CVE-2023-22515,9.8,kev_only,0,high
CVE-2018-8120,7.0,kev_only,0,high
CVE-2015-1770,8.8,kev_only,0,high
CVE-2023-39780,8.8,kev_only,0,high
CVE-2017-12615,8.1,kev_only,0,high
CVE-2019-6223,7.5,kev_only,0,high
CVE-2018-0802,7.8,kev_only,0,high
CVE-2015-0310,7.8,kev_only,0,high
CVE-2022-22674,5.5,kev_only,0,high
CVE-2020-14864,7.5,kev_only,0,high
CVE-2017-8759,7.8,kev_only,0,high
CVE-2023-20867,3.9,kev_only,0,high
CVE-2022-22954,9.8,kev_only,0,high
CVE-2021-25487,7.3,kev_only,0,high
CVE-2021-21166,8.8,kev_only,0,high
CVE-2023-21529,8.8,kev_only,0,high
CVE-2019-5825,6.5,kev_only,0,high
CVE-2025-24983,7.0,kev_only,0,high
CVE-2021-27878,8.8,kev_only,0,high
CVE-2021-42237,9.8,kev_only,0,high
CVE-2016-3298,6.5,kev_only,0,high
CVE-2017-6740,8.8,kev_only,0,high
CVE-2025-30154,8.6,kev_only,0,high
CVE-2025-64328,7.2,kev_only,0,high
CVE-2021-22005,9.8,kev_only,0,high
CVE-2025-52691,10.0,kev_only,0,high
CVE-2021-21311,7.2,kev_only,0,high
CVE-2018-0179,5.9,kev_only,0,high
CVE-2019-7194,9.8,kev_only,0,high
CVE-2013-0074,7.8,kev_only,0,high
CVE-2021-26829,5.4,kev_only,0,high
CVE-2019-4716,9.8,kev_only,0,high
CVE-2021-37415,9.8,kev_only,0,high
CVE-2017-6739,8.8,kev_only,0,high
CVE-2023-2033,8.8,kev_only,0,high
CVE-2016-2386,9.8,kev_only,0,high
CVE-2022-43769,8.8,kev_only,0,high
CVE-2022-36804,8.8,kev_only,0,high
CVE-2023-20109,6.6,kev_only,0,high
CVE-2023-35078,9.8,kev_only,0,high
CVE-2024-58136,9.0,kev_only,0,high
CVE-2014-2120,6.1,kev_only,0,high
CVE-2020-5135,9.8,kev_only,0,high
CVE-2017-9805,8.1,kev_only,0,high
CVE-2010-1428,7.5,kev_only,0,high
CVE-2009-2055,5.9,kev_only,0,high
CVE-2024-29059,7.5,kev_only,0,high
CVE-2022-41223,6.8,kev_only,0,high
CVE-2019-17621,9.8,kev_only,0,high
CVE-2020-8193,6.5,kev_only,0,high
CVE-2018-0154,7.5,kev_only,0,high
CVE-2017-0222,8.8,kev_only,0,high
CVE-2007-0671,8.8,kev_only,0,high
CVE-2012-0767,6.1,kev_only,0,high
CVE-2021-1789,8.8,kev_only,0,high
CVE-2024-38189,8.8,kev_only,0,high
CVE-2024-12356,9.8,kev_only,0,high
CVE-2018-14847,9.1,kev_only,0,high
CVE-2021-30762,8.8,kev_only,0,high
CVE-2014-0196,5.5,kev_only,0,high
CVE-2023-23752,5.3,kev_only,0,high
CVE-2016-3718,5.5,kev_only,0,high
CVE-2022-29499,9.8,kev_only,0,high
CVE-2020-12641,9.8,kev_only,0,high
CVE-2009-1862,7.8,kev_only,0,high
CVE-2021-1871,9.8,kev_only,0,high
CVE-2020-8515,9.8,kev_only,0,high
CVE-2014-0502,8.8,kev_only,0,high
CVE-2020-1956,8.8,kev_only,0,high
CVE-2019-0752,7.5,kev_only,0,high
CVE-2018-0167,8.8,kev_only,0,high
CVE-2023-41265,9.6,kev_only,0,high
CVE-2024-21351,7.6,kev_only,0,high
CVE-2025-57819,9.8,kev_only,0,high
CVE-2012-1889,8.8,kev_only,0,high
CVE-2020-0674,7.5,kev_only,0,high
CVE-2021-22054,7.5,kev_only,0,high
CVE-2006-1547,7.5,kev_only,0,high
CVE-2009-0556,8.8,kev_only,0,high
CVE-2022-24682,6.1,kev_only,0,high
CVE-2023-21823,7.8,kev_only,0,high
CVE-2020-36193,7.5,kev_only,0,high
CVE-2009-0238,8.8,kev_only,0,high
CVE-2009-4324,7.8,kev_only,0,high
CVE-2021-44515,9.8,kev_only,0,high
CVE-2022-2294,8.8,kev_only,0,high
CVE-2020-0646,9.8,kev_only,0,high
CVE-2020-12271,9.8,kev_only,0,high
CVE-2023-20887,9.8,kev_only,0,high
CVE-2024-29748,7.8,kev_only,0,high
CVE-2020-25223,9.8,kev_only,0,high
CVE-2016-8562,7.5,kev_only,0,high
CVE-2013-3906,7.8,kev_only,0,high
CVE-2013-3900,5.5,kev_only,0,high
CVE-2023-7024,8.8,kev_only,0,high
CVE-2025-59718,9.8,kev_only,0,high
CVE-2021-26858,7.8,kev_only,0,high
CVE-2014-9163,7.8,kev_only,0,high
CVE-2025-24054,6.5,kev_only,0,high
CVE-2023-6345,9.6,kev_only,0,high
CVE-2019-19356,7.5,kev_only,0,high
CVE-2015-2426,8.8,kev_only,0,high
CVE-2021-22506,7.5,kev_only,0,high
