cve_id,exploit_name,service,port,auth_required,remote,severity,exploitability,label
CVE-2018-19524,Skyworth GPON HomeGateways and Optical Network Terminals - Stack Overflow,http,80,0,1,CRITICAL,3.9,2
CVE-2014-2575,DevExpress ASPxFileManager 10.2 < 13.2.8 - Directory Traversal,http,80,1,1,MEDIUM,8.0,2
CVE-2015-2794,DotNetNuke 07.04.00 - Administration Authentication Bypass,http,80,0,1,CRITICAL,3.9,2
CVE-2016-6272,EPIC MyChart - X-Path Injection,https,443,0,1,HIGH,3.9,2
CVE-2014-4311,Epicor Enterprise 7.4 - Multiple Vulnerabilities,https,443,0,1,MEDIUM,10.0,2
CVE-2014-4312,Epicor Enterprise 7.4 - Multiple Vulnerabilities,https,443,0,1,MEDIUM,8.6,2
CVE-2015-5520,Orchard CMS 1.7.3/1.8.2/1.9.0 - Persistent Cross-Site Scripting,http,80,0,1,MEDIUM,8.6,2
CVE-2014-2043,Procentia IntelliPen 1.1.12.1520 - 'data.aspx' Blind SQL Injection,http,80,1,1,MEDIUM,8.0,2
CVE-2019-13493,Sitecore 9.0 rev 171002 - Persistent Cross-Site Scripting,https,443,1,1,MEDIUM,2.3,2
CVE-2001-0093,BSD - 'TelnetD' Remote Command Execution (1),telnet,23,0,0,HIGH,3.9,2
CVE-2004-0777,Courier-IMAP 3.0.2-r1 - 'auth_debug()' Remote Format String,imap,143,0,1,HIGH,10.0,2
CVE-2003-0849,GNU CFEngine 2.-2.0.3 - Remote Stack Overflow,other,5308,0,1,HIGH,10.0,2
CVE-2005-2878,GNU Mailutils imap4d 0.6 (FreeBSD) - 'Search' Remote Format String,imap,143,0,1,HIGH,10.0,2
CVE-2001-0029,Oops! 1.4.6 - one russi4n proxy-server Heap Buffer Overflow,other,3128,0,1,HIGH,10.0,2
CVE-2001-0053,OpenBSD ftpd 2.6/2.7 - Remote Overflow,ftp,21,0,1,HIGH,10.0,2
CVE-2015-5452,Watchguard XCS - Remote Command Execution (Metasploit),https,443,0,1,HIGH,10.0,2
CVE-2015-5453,Watchguard XCS - Remote Command Execution (Metasploit),https,443,1,1,MEDIUM,8.0,2
CVE-2008-7232,Xtacacsd 4.1.2 - 'report()' Remote Buffer Overflow (Metasploit),other,49,0,1,HIGH,10.0,1
CVE-2014-5370,BlueDragon CFChart Servlet 7.1.1.17759 - Arbitrary File Retrieval/Deletion,http,80,0,1,HIGH,10.0,2
CVE-2000-0443,HP JetAdmin 5.5.177/jetadmin 5.6 - Directory Traversal,other,8000,0,1,HIGH,10.0,2
CVE-2014-6271,IPFire - 'Shellshock' Bash Environment Variable Command Injection (Metasploit),other,444,0,1,CRITICAL,3.9,1
CVE-2005-2799,Linksys WRT54G < 4.20.7 / WRT54GS < 1.05.2 - 'apply.cgi' Remote Buffer Overflow (Metasploit),http,80,0,1,HIGH,10.0,2
CVE-2017-6334,Netgear DGN2200 - 'dnslookup.cgi' Command Injection (Metasploit),http,80,1,1,HIGH,2.8,1
CVE-2016-6277,Netgear R7000 / R6400 - 'cgi-bin' Command Injection (Metasploit),http,80,0,1,HIGH,2.8,1
CVE-2016-10174,Netgear WNR2000v5 - Remote Code Execution,http,80,0,1,CRITICAL,3.9,1
CVE-2016-10175,Netgear WNR2000v5 - Remote Code Execution,http,80,0,1,CRITICAL,3.9,2
CVE-2016-10176,Netgear WNR2000v5 - Remote Code Execution,http,80,0,1,CRITICAL,3.9,2
CVE-2019-9624,Webmin 1.900 - Remote Command Execution (Metasploit),other,10000,0,0,HIGH,1.8,2
CVE-2014-8387,Advantech EKI-6340 - Command Injection,http,80,1,1,HIGH,8.0,2
CVE-2014-9345,Advertise With Pleasure! (AWP) 6.6 - SQL Injection,http,80,0,1,HIGH,10.0,2
CVE-2015-9266,AirOS 6.x - Arbitrary File Upload,https,443,0,1,CRITICAL,3.9,2
CVE-2007-3010,Alcatel-Lucent OmniPCX Enterprise Communication Server 7.1 - masterCGI Command Injection (Metasploit),https,443,0,1,CRITICAL,3.9,1
CVE-2018-11509,ASUSTOR ADM 3.1.0.RFQ3 - Remote Command Execution / SQL Injection,other,8001,0,1,CRITICAL,3.9,2
CVE-2018-11510,ASUSTOR ADM 3.1.0.RFQ3 - Remote Command Execution / SQL Injection,other,8001,0,1,CRITICAL,3.9,2
CVE-2018-11511,ASUSTOR ADM 3.1.0.RFQ3 - Remote Command Execution / SQL Injection,other,8001,0,1,CRITICAL,3.9,2
CVE-2015-2248,Dell SonicWALL Secure Remote Access (SRA) Appliance - Cross-Site Request Forgery,https,443,0,1,MEDIUM,8.6,2
CVE-2010-3906,gitWeb 1.7.3.3 - Cross-Site Scripting,http,80,0,1,MEDIUM,8.6,2
CVE-2014-6137,IBM Endpoint Manager - Persistent Cross-Site Scripting,other,52311,0,1,MEDIUM,8.6,2
CVE-2019-8387,Master IP CAM 01 3.3.4.2103 - Remote Command Execution,http,80,0,1,CRITICAL,3.9,2
CVE-2017-16787,Meinberg LANTIME Web Configuration Utility 6.16.008 - Arbitrary File Read,https,443,1,1,MEDIUM,2.8,2
CVE-2015-6023,NetCommWireless HSPA 3G10WVE Wireless Router - Multiple Vulnerabilities,http,80,0,1,HIGH,3.9,2
CVE-2015-6024,NetCommWireless HSPA 3G10WVE Wireless Router - Multiple Vulnerabilities,http,80,0,1,CRITICAL,3.9,2
CVE-2017-8835,Peplink Balance Routers 7.0.0-build1904 - SQL Injection / Cross-Site Scripting / Information Disclosure,https,443,0,1,CRITICAL,3.9,2
CVE-2017-8836,Peplink Balance Routers 7.0.0-build1904 - SQL Injection / Cross-Site Scripting / Information Disclosure,https,443,0,1,HIGH,2.8,2
CVE-2017-8837,Peplink Balance Routers 7.0.0-build1904 - SQL Injection / Cross-Site Scripting / Information Disclosure,https,443,0,1,CRITICAL,3.9,2
CVE-2017-8838,Peplink Balance Routers 7.0.0-build1904 - SQL Injection / Cross-Site Scripting / Information Disclosure,https,443,0,1,MEDIUM,2.8,2
CVE-2017-8839,Peplink Balance Routers 7.0.0-build1904 - SQL Injection / Cross-Site Scripting / Information Disclosure,https,443,0,1,MEDIUM,2.8,2
CVE-2017-8840,Peplink Balance Routers 7.0.0-build1904 - SQL Injection / Cross-Site Scripting / Information Disclosure,https,443,0,1,MEDIUM,3.9,2
CVE-2017-8841,Peplink Balance Routers 7.0.0-build1904 - SQL Injection / Cross-Site Scripting / Information Disclosure,https,443,1,1,HIGH,2.8,2
CVE-2018-20326,PLC Wireless Router GPN2.4P21-C-CN - Cross-Site Scripting,http,80,0,1,MEDIUM,2.8,2
CVE-2018-20503,SirsiDynix e-Library 3.5.x - Cross-Site Scripting,http,80,0,1,MEDIUM,2.8,2
CVE-2014-6278,Sun Secure Global Desktop and Oracle Global Desktop 4.61.915 - Command Injection (Shellshock),http,80,0,1,HIGH,2.8,1
CVE-2013-6987,Synology DSM 4.3-3810 - Directory Traversal,http,80,0,1,HIGH,10.0,2
CVE-2015-6911,Synology Video Station 1.5-0757 - Multiple Vulnerabilities,other,5000,0,1,HIGH,10.0,2
CVE-2015-6912,Synology Video Station 1.5-0757 - Multiple Vulnerabilities,other,5000,0,1,HIGH,10.0,2
CVE-2014-3806,VM Turbo Operations Manager 4.5x - Directory Traversal,http,80,0,1,MEDIUM,10.0,2
CVE-2014-2081,VTLS Virtua InfoStation.cgi - SQL Injection,http,80,0,1,HIGH,10.0,2
CVE-2014-3976,A10 Networks ACOS 2.7.0-P2 (Build 53) - Buffer Overflow (PoC),http,80,0,1,MEDIUM,10.0,2
CVE-2000-0470,Allegro RomPager 2.10 - URL Request Denial of Service,http,80,0,1,HIGH,10.0,2
CVE-2018-10594,Delta Industrial Automation COMMGR 1.08 - Stack Buffer Overflow (PoC),http,80,0,1,CRITICAL,3.9,2
CVE-2013-0229,INFOMARK IMW-C920W MiniUPnPd 1.0 - Denial of Service,other,1900,0,1,HIGH,10.0,2
CVE-2013-0230,INFOMARK IMW-C920W MiniUPnPd 1.0 - Denial of Service,other,1900,0,1,HIGH,10.0,2
CVE-2013-4890,Samsung PS50C7700 TV - Denial of Service,other,5600,0,1,HIGH,10.0,2
CVE-2015-5374,Siemens SIPROTEC 4 and SIPROTEC Compact EN100 Ethernet Module < 4.25 - Denial of Service,other,50000,0,1,HIGH,10.0,2
CVE-2019-6973,Sricam gSOAP 2.8 - Denial of Service,other,5000,0,1,HIGH,3.9,2
CVE-2018-15172,TP-Link WR840N 0.9.1 3.16 - Denial of Service (PoC),http,80,0,1,HIGH,3.9,2
CVE-2013-1606,Ubiquiti airCam RTSP Service 1.1.5 - Buffer Overflow (PoC),other,554,0,1,HIGH,10.0,2
CVE-2015-2857,Accellion FTA - getStatus verify_oauth_token Command Execution (Metasploit),https,443,0,1,CRITICAL,3.9,2
CVE-2014-9583,ASUS infosvr - Authentication Bypass Command Execution (Metasploit),other,9999,0,1,HIGH,10.0,2
CVE-2013-6343,ASUS RT-N56U - Remote Buffer Overflow (ROP),http,80,0,1,HIGH,10.0,2
CVE-2018-5999,AsusWRT LAN - Remote Code Execution (Metasploit),other,9999,0,1,CRITICAL,3.9,2
CVE-2018-6000,AsusWRT LAN - Remote Code Execution (Metasploit),other,9999,0,1,CRITICAL,3.9,2
CVE-2014-1635,Belkin N750 - 'jump?login' Remote Buffer Overflow,http-alt,8080,0,1,HIGH,10.0,2
CVE-2016-6366,Cisco ASA 8.x - 'EXTRABACON' Authentication Bypass,other,161,1,1,HIGH,2.8,1
CVE-2017-3881,Cisco Catalyst 2960 IOS 12.2(55)SE1 - 'ROCEM' Remote Code Execution,telnet,23,0,1,CRITICAL,3.9,1
CVE-2017-3881,Cisco Catalyst 2960 IOS 12.2(55)SE11 - 'ROCEM' Remote Code Execution,telnet,23,0,1,CRITICAL,3.9,1
CVE-2003-0647,Cisco IOS 12.x/11.x - HTTP Remote Integer Overflow,http,80,0,1,HIGH,10.0,2
CVE-2014-0683,Cisco RV110W - Password Disclosure / Command Execution,https,443,0,1,HIGH,10.0,2
CVE-2015-6396,Cisco RV110W - Password Disclosure / Command Execution,https,443,1,0,HIGH,1.8,2
CVE-2019-1663,Cisco RV110W/RV130(W)/RV215W Routers Management Interface - Remote Command Execution (Metasploit),https,443,0,1,CRITICAL,3.9,2
CVE-2014-6278,Cisco UCS Manager 2.1(1b) - Remote Command Injection (Shellshock),https,443,0,1,HIGH,2.8,1
CVE-2014-3936,D-Link HNAP - Request Remote Buffer Overflow (Metasploit),http,80,0,1,HIGH,10.0,2
CVE-2014-2927,F5 Big-IP - rsync Access,ssh,22,0,1,HIGH,8.6,2
CVE-2014-3220,F5 BIG-IQ 4.1.0.2013.0 - Privilege Escalation (Metasploit),https,443,1,1,HIGH,8.0,2
CVE-2015-3628,F5 iControl - 'iCall::Script' Root Command Execution (Metasploit),https,443,1,1,HIGH,8.0,2
CVE-2005-3757,Google Search Appliance - proxystylesheet XSLT Java Code Execution (Metasploit),http,80,0,1,HIGH,10.0,2
CVE-2009-2684,HP LaserJet Printers - Multiple Persistent Cross-Site Scripting Vulnerabilities,http,80,0,1,MEDIUM,8.6,2
CVE-2009-2684,HP Multiple LaserJet Printer - Cross-Site Scripting,http,80,0,1,MEDIUM,8.6,2
CVE-2017-2741,HP PageWide Printers / HP OfficeJet Pro Printers (OfficeJet Pro 8210) - Arbitrary Code Execution,other,9100,0,1,CRITICAL,3.9,2
CVE-2018-10123,Inteno IOPSYS 2.0 < 4.2.0 - 'p910nd' Remote Command Execution,other,9100,1,1,HIGH,2.8,2
CVE-2007-0883,IP3 NetAccess < 4.1.9.6 - Arbitrary File Disclosure,http,80,0,1,MEDIUM,10.0,2
CVE-2018-17173,LG Supersign EZ CMS - Remote Code Execution (Metasploit),other,9080,0,1,CRITICAL,3.9,2
CVE-2016-1555,Netgear Devices - (Unauthenticated) Remote Command Execution (Metasploit),http,80,0,1,CRITICAL,3.9,1
CVE-2013-2751,Netgear ReadyNAS - Perl Code Evaluation (Metasploit),https,443,0,1,HIGH,10.0,2
CVE-2016-10174,Netgear WNR2000v5 - 'hidden_lang_avi' Remote Stack Overflow (Metasploit),http,80,0,1,CRITICAL,3.9,1
CVE-2014-6271,QNAP - Admin Shell via Bash Environment Variable Code Injection (Metasploit),other,9993,0,1,CRITICAL,3.9,1
CVE-2014-7169,QNAP - Admin Shell via Bash Environment Variable Code Injection (Metasploit),other,9993,0,1,CRITICAL,3.9,1
CVE-2014-7910,QNAP - Admin Shell via Bash Environment Variable Code Injection (Metasploit),other,9993,0,1,HIGH,10.0,2
CVE-2009-3710,Riorey RIOS 4.7.0 - Hard-Coded Password,other,8022,0,1,HIGH,10.0,2
CVE-2014-0659,SerComm Device - Remote Code Execution (Metasploit),other,32764,0,1,HIGH,10.0,2
CVE-2013-3623,Supermicro Onboard IPMI - 'close_window.cgi' Remote Buffer Overflow (Metasploit),http,80,0,1,HIGH,10.0,2
CVE-2005-0494,Thomson TCW690 - POST Password Validation,http,80,0,1,HIGH,10.0,2
CVE-2019-6989,TP-LINK TL-WR940N / TL-WR941ND - Buffer Overflow,http,80,1,1,HIGH,2.8,2
CVE-2013-6021,Watchguard Firewall XTM 11.7.4u1 - Remote Buffer Overflow,http-alt,8080,0,1,HIGH,8.6,2
CVE-2017-8221,Wireless IP Camera (P2P) WIFICAM - Remote Code Execution,http,80,0,1,HIGH,3.9,2
CVE-2017-8222,Wireless IP Camera (P2P) WIFICAM - Remote Code Execution,http,80,0,1,HIGH,3.9,2
CVE-2017-8223,Wireless IP Camera (P2P) WIFICAM - Remote Code Execution,http,80,0,1,HIGH,3.9,2
CVE-2017-8224,Wireless IP Camera (P2P) WIFICAM - Remote Code Execution,http,80,0,1,CRITICAL,3.9,2
CVE-2017-8225,Wireless IP Camera (P2P) WIFICAM - Remote Code Execution,http,80,0,1,CRITICAL,3.9,2
CVE-2018-13109,ADB Broadband Gateways / Routers - Authorization Bypass,http,80,0,1,HIGH,3.9,2
CVE-2018-11510,ADM 3.1.2RHG1 - Remote Code Execution,https,443,0,1,CRITICAL,3.9,2
CVE-2015-2279,AirLive (Multiple Products) - OS Command Injection,http-alt,8080,0,1,CRITICAL,3.9,2
CVE-2019-6967,AirTies Air5341 Modem 1.0.0.12 - Cross-Site Request Forgery,http,80,0,1,HIGH,2.8,2
CVE-2018-17587,Airties AIR5342 1.0.0.18 - Cross-Site Scripting,http,80,0,1,MEDIUM,2.8,2
CVE-2018-17588,Airties AIR5342 1.0.0.18 - Cross-Site Scripting,http,80,0,1,MEDIUM,2.8,2
CVE-2018-17590,Airties AIR5342 1.0.0.18 - Cross-Site Scripting,http,80,0,1,MEDIUM,2.8,2
CVE-2018-17591,Airties AIR5342 1.0.0.18 - Cross-Site Scripting,http,80,0,1,MEDIUM,2.8,2
CVE-2018-17593,Airties AIR5342 1.0.0.18 - Cross-Site Scripting,http,80,0,1,MEDIUM,2.8,2
CVE-2015-2805,Alcatel-Lucent OmniSwitch - Cross-Site Request Forgery,http,80,0,1,MEDIUM,8.6,2
CVE-2014-1982,Allied Telesis AT-RG634A ADSL Broadband Router - Web Shell,http,80,0,1,HIGH,10.0,2
CVE-2014-8423,Arris VAP2500 - Authentication Bypass,http,80,0,1,HIGH,10.0,2
CVE-2014-8424,Arris VAP2500 - Authentication Bypass,http,80,0,1,HIGH,10.0,2
CVE-2014-8425,Arris VAP2500 - Authentication Bypass,http,80,0,1,HIGH,10.0,2
CVE-2015-8256,Axis Network Cameras - Multiple Vulnerabilities,http,80,0,1,MEDIUM,2.8,2
CVE-2014-3792,Beetel 450TC2 Router - Cross-Site Request Forgery (Admin Password),http,80,0,1,MEDIUM,8.6,2
CVE-2014-2046,Broadcom PIPA C211 - Sensitive Information Disclosure,http,80,0,1,HIGH,10.0,2
CVE-2018-0296,Cisco Adaptive Security Appliance - Path Traversal (Metasploit),https,443,0,1,HIGH,3.9,1
CVE-2019-1642,Cisco Firepower Management Center 6.2.2.2 / 6.2.3 - Cross-Site Scripting,https,443,0,1,MEDIUM,2.8,2
CVE-2013-7204,Conceptronic Wireless Pan & Tilt Network Camera - Cross-Site Request Forgery,http,80,0,1,MEDIUM,8.6,2
CVE-2019-6441,Coship Wireless Router 4.0.0.48 / 4.0.0.40 / 5.0.0.54 / 5.0.0.55 / 10.0.0.49 - Unauthenticated Admin Password Reset,http,80,0,1,CRITICAL,3.9,2
CVE-2019-11017,D-Link DI-524 V2.06RU - Multiple Cross-Site Scripting,http,80,1,1,MEDIUM,1.7,2
CVE-2013-7051,D-Link DIR-100 - Multiple Vulnerabilities,http,80,0,1,HIGH,2.8,2
CVE-2013-7052,D-Link DIR-100 - Multiple Vulnerabilities,http,80,0,1,CRITICAL,3.9,2
CVE-2013-7053,D-Link DIR-100 - Multiple Vulnerabilities,http,80,0,1,HIGH,2.8,2
CVE-2013-7054,D-Link DIR-100 - Multiple Vulnerabilities,http,80,0,1,MEDIUM,2.8,2
CVE-2013-7055,D-Link DIR-100 - Multiple Vulnerabilities,http,80,0,1,CRITICAL,3.9,2
CVE-2019-13101,D-Link DIR-600M - Authentication Bypass (Metasploit),http,80,0,1,CRITICAL,3.9,2
CVE-2013-3612,Dahua DVR 2.608.0000.0/2.608.GV00.0 - Authentication Bypass (Metasploit),other,37777,0,1,HIGH,10.0,2
CVE-2013-3613,Dahua DVR 2.608.0000.0/2.608.GV00.0 - Authentication Bypass (Metasploit),other,37777,0,1,HIGH,10.0,2
CVE-2013-3614,Dahua DVR 2.608.0000.0/2.608.GV00.0 - Authentication Bypass (Metasploit),other,37777,0,1,HIGH,8.6,2
CVE-2013-3615,Dahua DVR 2.608.0000.0/2.608.GV00.0 - Authentication Bypass (Metasploit),other,37777,0,1,HIGH,10.0,2
CVE-2013-6117,Dahua DVR 2.608.0000.0/2.608.GV00.0 - Authentication Bypass (Metasploit),other,37777,0,1,HIGH,10.0,2
CVE-2019-10677,DASAN Zhone ZNID GPON 2426A EU - Multiple Cross-Site Scripting,http,80,0,1,MEDIUM,2.8,2
CVE-2014-8272,Dell iDRAC IPMI 1.5 - Insufficient Session ID Randomness,other,623,0,1,MEDIUM,10.0,2
CVE-2018-12705,DIGISOL DG-BR4000NG - Cross-Site Scripting,http,80,0,1,MEDIUM,2.8,2
CVE-2018-13032,Ecessa ShieldLink SL175EHQ < 10.7.4 - Cross-Site Request Forgery (Add Superuser),https,443,0,1,HIGH,2.8,2
CVE-2019-9556,Fiberhome AN5506-04-F RP2669 - Persistent Cross-Site Scripting,http,80,1,1,MEDIUM,2.3,2
CVE-2018-13374,Fortinet FortiGate FortiOS < 6.0.3 - LDAP Credential Disclosure,https,443,1,1,MEDIUM,2.8,1
CVE-2013-2574,FOSCAM IP-Cameras - Improper Access Restrictions,http,80,0,1,HIGH,3.9,2
CVE-2013-7247,Franklin Fueling TS-550 evo 2.0.0.6833 - Multiple Vulnerabilities,other,10001,0,1,MEDIUM,10.0,2
CVE-2013-7248,Franklin Fueling TS-550 evo 2.0.0.6833 - Multiple Vulnerabilities,other,10001,0,1,HIGH,10.0,2
CVE-2019-6272,GL-AR300M-Lite 2.27 - (Authenticated) Command Injection / Arbitrary File Download / Directory Traversal,http,80,1,1,HIGH,2.8,2
CVE-2019-6273,GL-AR300M-Lite 2.27 - (Authenticated) Command Injection / Arbitrary File Download / Directory Traversal,http,80,1,1,MEDIUM,2.8,2
CVE-2019-6274,GL-AR300M-Lite 2.27 - (Authenticated) Command Injection / Arbitrary File Download / Directory Traversal,http,80,1,1,HIGH,2.8,2
CVE-2019-6275,GL-AR300M-Lite 2.27 - (Authenticated) Command Injection / Arbitrary File Download / Directory Traversal,http,80,1,1,HIGH,2.8,2
CVE-2018-7921,Huawei B315s-22 - Information Leak,http,80,0,0,MEDIUM,2.8,2
CVE-2017-17215,Huawei Router HG532 - Arbitrary Command Execution,other,37215,1,1,HIGH,2.8,2
CVE-2019-19516,Intelbras Router RF1200 1.1.3 - Cross-Site Request Forgery,http,80,0,1,MEDIUM,2.8,2
CVE-2018-16288,LG SuperSign EZ CMS 2.5 - Local File Inclusion,other,9080,0,1,HIGH,3.9,2
CVE-2018-17173,LG SuperSign EZ CMS 2.5 - Remote Code Execution,other,9080,0,1,CRITICAL,3.9,2
CVE-2015-0554,Pirelli ADSL2/2+ Wireless Router P.DGA4001N - Information Disclosure,http,80,0,1,HIGH,10.0,2
CVE-2019-6282,PLC Wireless Router GPN2.4P21-C-CN - Cross-Site Request Forgery,http,80,0,1,HIGH,2.8,2
CVE-2019-6279,PLC Wireless Router GPN2.4P21-C-CN - Incorrect Access Control,http,80,0,1,HIGH,2.8,2
CVE-2018-0706,QNAP Qcenter Virtual Appliance - Multiple Vulnerabilities,https,443,1,1,HIGH,2.8,2
CVE-2018-0707,QNAP Qcenter Virtual Appliance - Multiple Vulnerabilities,https,443,1,1,HIGH,1.2,2
CVE-2018-0708,QNAP Qcenter Virtual Appliance - Multiple Vulnerabilities,https,443,1,1,HIGH,2.8,2
CVE-2018-0709,QNAP Qcenter Virtual Appliance - Multiple Vulnerabilities,https,443,1,1,HIGH,2.8,2
CVE-2018-0710,QNAP Qcenter Virtual Appliance - Multiple Vulnerabilities,https,443,1,1,HIGH,2.8,2
CVE-2019-7385,Raisecom XPON ISCOMHT803G-U_2.0.0_140521_R4.1.47.002 - Remote Code Execution,http,80,1,0,HIGH,1.8,2
CVE-2018-15884,RICOH MP C4504ex Printer - Cross-Site Request Forgery (Add Admin),http,80,0,1,HIGH,2.8,2
CVE-2018-19616,Rockwell Automation Allen-Bradley PowerMonitor 1000 - Incorrect Access Control Authentication Bypass,http,80,0,1,HIGH,2.2,2
CVE-2013-5030,Ruckus Wireless Zoneflex 2942 Wireless Access Point - Authentication Bypass,http,80,0,0,HIGH,3.9,2
CVE-2013-5037,Sagemcom F@st 3184 2.1.11 - Multiple Vulnerabilities,http,80,0,0,LOW,6.5,3
CVE-2013-5038,Sagemcom F@st 3184 2.1.11 - Multiple Vulnerabilities,http,80,0,0,MEDIUM,6.5,2
CVE-2013-5039,Sagemcom F@st 3184 2.1.11 - Multiple Vulnerabilities,http,80,0,0,MEDIUM,5.5,2
CVE-2013-5218,Sagemcom F@st 3184 2.1.11 - Multiple Vulnerabilities,http,80,0,0,LOW,5.5,3
CVE-2013-5219,Sagemcom F@st 3184 2.1.11 - Multiple Vulnerabilities,http,80,0,0,LOW,6.5,3
CVE-2013-5220,Sagemcom F@st 3184 2.1.11 - Multiple Vulnerabilities,http,80,0,0,MEDIUM,6.5,2
CVE-2013-3585,Samsung DVR Firmware 1.10 - Authentication Bypass,http,80,0,1,MEDIUM,10.0,2
CVE-2013-3586,Samsung DVR Firmware 1.10 - Authentication Bypass,http,80,0,1,HIGH,4.9,2
CVE-2017-6026,Schneider Electric PLC - Session Calculation Authentication Bypass,http,80,0,1,CRITICAL,3.9,2
CVE-2014-8687,Seagate Business NAS 2014.00319 - Remote Code Execution,http,80,0,1,CRITICAL,3.9,2
CVE-2019-13529,SMA Solar Technology AG Sunny WebBox device - 1.6 - Cross-Site Request Forgery,http,80,0,1,HIGH,2.8,2
CVE-2014-9142,Technicolor DT5130 2.05.C29GV - Multiple Vulnerabilities,http,80,0,1,MEDIUM,8.6,2
CVE-2014-9143,Technicolor DT5130 2.05.C29GV - Multiple Vulnerabilities,http,80,0,1,MEDIUM,8.6,2
CVE-2014-9144,Technicolor DT5130 2.05.C29GV - Multiple Vulnerabilities,http,80,0,1,HIGH,10.0,2
CVE-2014-1677,Technicolor TC7200 - Credentials Disclosure,http,80,0,1,HIGH,3.9,2
CVE-2014-5246,Tenda A5s Router 3.02.05_CN - Authentication Bypass,http,80,0,1,HIGH,10.0,2
CVE-2018-14497,Tenda ADSL Router D152 - Cross-Site Scripting,http,80,1,1,MEDIUM,2.3,2
CVE-2015-5996,Tenda Wireless N150 Router 5.07.50 - Cross-Site Request Forgery (Reboot Router),http,80,0,1,HIGH,2.8,2
CVE-2014-10018,Teracom Modem T2-B-Gawv1.4U10Y-BI - Persistent Cross-Site Scripting,http,80,0,1,MEDIUM,8.6,2
CVE-2019-6971,TP-Link TL-WR1043ND 2 - Authentication Bypass,http,80,0,1,CRITICAL,3.9,2
CVE-2018-13134,TP-Link wireless router Archer C1200 - Cross-Site Scripting,http,80,0,1,MEDIUM,2.8,2
CVE-2018-13859,Trivum Multiroom Setup Tool 8.76 - Corss-Site Request Forgery (Admin Bypass),http,80,0,1,CRITICAL,3.9,2
CVE-2014-2225,Ubiquiti UbiFi / mFi / AirVision - Cross-Site Request Forgery,http,80,0,1,HIGH,2.8,2
CVE-2018-14064,VelotiSmart WiFi B-380 Camera - Directory Traversal,http,80,0,1,CRITICAL,3.9,2
CVE-2014-3138,Xerox DocuShare - SQL Injection,http-alt,8080,1,1,MEDIUM,8.0,2
CVE-2015-7257,ZTE ADSL ZXV10 W300 Modems - Multiple Vulnerabilities,http,80,1,1,HIGH,1.6,2
CVE-2015-7258,ZTE ADSL ZXV10 W300 Modems - Multiple Vulnerabilities,http,80,1,1,HIGH,2.8,2
CVE-2015-7259,ZTE ADSL ZXV10 W300 Modems - Multiple Vulnerabilities,http,80,1,1,HIGH,2.8,2
CVE-2018-7355,ZTE MF65 BD_HDV6MF65V1.0.0B05 - Cross-Site Scripting,http,80,0,1,MEDIUM,2.8,2
CVE-2014-8493,ZTE ZXHN H108L - Authentication Bypass (2),http,80,0,1,MEDIUM,10.0,2
CVE-2014-0329,ZTE ZXV10 W300 Router - Hard-Coded Credentials,http,80,0,1,HIGH,8.6,2
CVE-2019-6710,Zyxel NBG-418N v2 Modem 1.00(AAXM.6)C0 - Cross-Site Request Forgery,http,80,0,1,HIGH,2.8,2
CVE-2014-4162,ZYXEL P-660HW-T1 3 Wireless Router - Cross-Site Request Forgery,http,80,0,1,MEDIUM,8.6,2
CVE-2019-7391,Zyxel VMG3312-B10B DSL-491HNU-B1B v2 Modem - Cross-Site Request Forgery,http,80,0,1,HIGH,2.8,2
CVE-2019-9955,Zyxel ZyWall 310 / ZyWall 110 / USG1900 / ATP500 / USG40 - Login Page Cross-Site Scripting,http,80,0,1,MEDIUM,2.8,2
CVE-2005-3277,HP-UX 11.11 - lpd Remote Command Execution (Metasploit),other,515,0,1,HIGH,10.0,2
CVE-2002-1473,HP-UX LPD 10.20/11.00/11.11 - Command Execution (Metasploit),other,515,0,0,MEDIUM,3.9,2
CVE-2001-0800,Irix LPD tagprinter - Command Execution (Metasploit),other,515,0,1,HIGH,10.0,1
CVE-2016-0709,Apache Jetspeed - Arbitrary File Upload (Metasploit),http-alt,8080,1,1,HIGH,1.2,2
CVE-2016-0710,Apache Jetspeed - Arbitrary File Upload (Metasploit),http-alt,8080,1,1,HIGH,2.8,2
CVE-2013-4212,Apache Roller - OGNL Injection (Metasploit),http-alt,8080,0,1,MEDIUM,8.6,2
CVE-2012-0394,Apache Struts - Developer Mode OGNL Execution (Metasploit),http-alt,8080,0,1,MEDIUM,8.6,2
CVE-2019-1619,Cisco Data Center Network Manager - Unauthenticated Remote Code Execution (Metasploit),https,443,0,1,CRITICAL,3.9,2
CVE-2019-1620,Cisco Data Center Network Manager - Unauthenticated Remote Code Execution (Metasploit),https,443,0,1,CRITICAL,3.9,2
CVE-2019-1622,Cisco Data Center Network Manager - Unauthenticated Remote Code Execution (Metasploit),https,443,0,1,MEDIUM,3.9,2
CVE-2015-1427,ElasticSearch - Search Groovy Sandbox Bypass (Metasploit),other,9200,0,1,CRITICAL,3.9,1
CVE-2014-3120,ElasticSearch Dynamic Script - Arbitrary Java Execution (Metasploit),other,9200,1,1,HIGH,2.8,1
CVE-2013-6221,HP AutoPass License Server - Arbitrary File Upload (Metasploit),other,5814,0,1,HIGH,10.0,2
CVE-2015-2342,Java JMX - Server Insecure Configuration Java Code Execution (Metasploit),other,1617,0,1,HIGH,10.0,2
CVE-2015-8103,Jenkins CLI - RMI Java Deserialization (Metasploit),http-alt,8080,0,1,CRITICAL,3.9,2
CVE-2014-8741,Lexmark MarkVision Enterprise - Arbitrary File Upload (Metasploit),other,9788,0,1,CRITICAL,3.9,2
CVE-2014-5301,ManageEngine (Multiple Products) - (Authenticated) Arbitrary File Upload (Metasploit),http-alt,8080,1,1,HIGH,2.8,2
CVE-2014-6034,ManageEngine OpManager / Social IT - Arbitrary File Upload (Metasploit),http,80,0,1,MEDIUM,10.0,2
CVE-2011-2653,Novell ZENworks Asset Management - Remote Execution (Metasploit),http-alt,8080,0,1,HIGH,10.0,2
CVE-2015-0779,Novell ZENworks Configuration Management - Arbitrary File Upload (Metasploit),https,443,0,1,HIGH,10.0,2
CVE-2016-0491,Oracle Application Testing Suite (ATS) - Arbitrary File Upload (Metasploit),other,8088,0,1,MEDIUM,10.0,2
CVE-2016-0492,Oracle Application Testing Suite (ATS) - Arbitrary File Upload (Metasploit),other,8088,0,1,MEDIUM,10.0,2
CVE-2014-8516,Visual Mining NetCharts Server - Remote Code Execution (Metasploit),other,8001,0,1,CRITICAL,3.9,2
CVE-2018-7739,antMan 0.9.0c - Authentication Bypass,other,3000,0,1,CRITICAL,3.9,2
CVE-2015-1833,Apache JackRabbit - WebDAV XML External Entity,http-alt,8080,0,1,MEDIUM,10.0,2
CVE-2015-0516,EMC M&R (Watch4net) - Directory Traversal,other,58080,1,1,MEDIUM,8.0,2
CVE-2018-12090,LAMS < 3.1 - Cross-Site Scripting,http-alt,8080,0,1,MEDIUM,2.8,2
CVE-2016-1607,Micro Focus Filr 2 2.0.0.421/1.2 1.2.0.846 - Multiple Vulnerabilities,other,9443,1,1,HIGH,1.2,2
CVE-2016-1608,Micro Focus Filr 2 2.0.0.421/1.2 1.2.0.846 - Multiple Vulnerabilities,other,9443,1,1,HIGH,2.8,2
CVE-2016-1609,Micro Focus Filr 2 2.0.0.421/1.2 1.2.0.846 - Multiple Vulnerabilities,other,9443,1,1,MEDIUM,2.3,2
CVE-2016-1610,Micro Focus Filr 2 2.0.0.421/1.2 1.2.0.846 - Multiple Vulnerabilities,other,9443,0,1,HIGH,3.9,2
CVE-2016-1611,Micro Focus Filr 2 2.0.0.421/1.2 1.2.0.846 - Multiple Vulnerabilities,other,9443,1,0,HIGH,1.8,2
CVE-2016-7065,Red Hat JBoss EAP - Deserialization of Untrusted Data,http-alt,8080,1,1,HIGH,2.8,2
CVE-2019-6804,Rundeck Community Edition < 3.0.13 - Persistent Cross-Site Scripting,http,80,0,1,MEDIUM,2.8,2
CVE-2019-3799,Spring Cloud Config 2.1.x - Path Traversal (Metasploit),other,8888,0,1,MEDIUM,2.8,2
CVE-2016-2203,Symantec Brightmail 10.6.0-7 - LDAP Credentials Disclosure (Metasploit),https,443,1,0,HIGH,1.8,2
CVE-2015-2746,Websense Appliance Manager - Command Injection,other,9447,1,1,MEDIUM,8.0,2
CVE-2018-18865,Royal TS/X - Information Disclosure,other,54890,0,1,HIGH,2.2,2
CVE-2010-1871,JBoss Seam 2 - Arbitrary File Upload / Execution (Metasploit),http-alt,8080,0,1,HIGH,2.8,1
CVE-2015-8249,ManageEngine Desktop Central 9 - FileUploadServlet ConnectionId (Metasploit),other,8020,0,1,CRITICAL,3.9,2
CVE-2012-3152,Oracle Forms and Reports 11.1 - Arbitrary Code Execution,http,80,0,1,CRITICAL,3.9,1
CVE-2012-3153,Oracle Forms and Reports 11.1 - Arbitrary Code Execution,http,80,0,1,MEDIUM,10.0,2
CVE-2019-10267,Ahsay Backup 7.x - 8.1.1.50 - Authenticated Arbitrary File Upload / Remote Code Execution (Metasploit),https,443,1,1,HIGH,2.8,2
CVE-2019-10266,Ahsay Backup 7.x - 8.1.1.50 - XML External Entity Injection,http,80,0,1,HIGH,3.9,2
CVE-2015-3897,Bonita BPM 6.5.1 - Multiple Vulnerabilities,http-alt,8080,0,1,MEDIUM,10.0,2
CVE-2015-3898,Bonita BPM 6.5.1 - Multiple Vulnerabilities,http-alt,8080,0,1,MEDIUM,2.8,2
CVE-2015-4591,eClinicalWorks (CCMR) - Multiple Vulnerabilities,http,80,0,1,MEDIUM,2.8,2
CVE-2015-4592,eClinicalWorks (CCMR) - Multiple Vulnerabilities,http,80,1,1,HIGH,2.8,2
CVE-2015-4593,eClinicalWorks (CCMR) - Multiple Vulnerabilities,http,80,0,1,HIGH,2.8,2
CVE-2015-4594,eClinicalWorks (CCMR) - Multiple Vulnerabilities,http,80,0,1,CRITICAL,3.9,2
CVE-2014-0864,IBM Algorithmics RICOS 4.5.0 < 4.7.0 - Multiple Vulnerabilities,http,80,0,1,MEDIUM,8.6,2
CVE-2014-0865,IBM Algorithmics RICOS 4.5.0 < 4.7.0 - Multiple Vulnerabilities,http,80,1,1,MEDIUM,6.8,2
CVE-2014-0866,IBM Algorithmics RICOS 4.5.0 < 4.7.0 - Multiple Vulnerabilities,http,80,0,1,MEDIUM,8.6,2
CVE-2014-0867,IBM Algorithmics RICOS 4.5.0 < 4.7.0 - Multiple Vulnerabilities,http,80,0,1,MEDIUM,8.6,2
CVE-2014-0868,IBM Algorithmics RICOS 4.5.0 < 4.7.0 - Multiple Vulnerabilities,http,80,1,1,MEDIUM,6.8,2
CVE-2014-0869,IBM Algorithmics RICOS 4.5.0 < 4.7.0 - Multiple Vulnerabilities,http,80,0,1,MEDIUM,8.6,2
CVE-2014-0870,IBM Algorithmics RICOS 4.5.0 < 4.7.0 - Multiple Vulnerabilities,http,80,0,1,MEDIUM,8.6,2
CVE-2014-0871,IBM Algorithmics RICOS 4.5.0 < 4.7.0 - Multiple Vulnerabilities,http,80,0,1,MEDIUM,8.6,2
CVE-2014-0894,IBM Algorithmics RICOS 4.5.0 < 4.7.0 - Multiple Vulnerabilities,http,80,1,1,LOW,6.8,3
CVE-2015-6944,JSPMySQL Administrador - Multiple Vulnerabilities,other,8081,0,1,MEDIUM,8.6,2
CVE-2015-6945,JSPMySQL Administrador - Multiple Vulnerabilities,other,8081,0,1,MEDIUM,8.6,2
CVE-2014-6037,ManageEngine EventLog Analyzer - Multiple Vulnerabilities (1),other,8400,0,1,HIGH,10.0,2
CVE-2014-6043,ManageEngine EventLog Analyzer - Multiple Vulnerabilities (1),other,8400,1,1,MEDIUM,8.0,2
CVE-2015-6493,Mango Automation 2.6.0 - Multiple Vulnerabilities,http,80,0,1,MEDIUM,8.6,2
CVE-2015-6494,Mango Automation 2.6.0 - Multiple Vulnerabilities,http,80,1,1,LOW,6.8,3
CVE-2015-7900,Mango Automation 2.6.0 - Multiple Vulnerabilities,http,80,0,1,MEDIUM,8.6,2
CVE-2015-7901,Mango Automation 2.6.0 - Multiple Vulnerabilities,http,80,1,1,MEDIUM,8.0,2
CVE-2015-7902,Mango Automation 2.6.0 - Multiple Vulnerabilities,http,80,0,1,MEDIUM,10.0,2
CVE-2015-7903,Mango Automation 2.6.0 - Multiple Vulnerabilities,http,80,1,1,MEDIUM,8.0,2
CVE-2015-7904,Mango Automation 2.6.0 - Multiple Vulnerabilities,http,80,1,1,MEDIUM,8.0,2
CVE-2014-2586,McAfee Asset Manager 6.6 - Multiple Vulnerabilities,http,80,0,1,MEDIUM,8.6,2
CVE-2014-2587,McAfee Asset Manager 6.6 - Multiple Vulnerabilities,http,80,1,1,MEDIUM,8.0,2
CVE-2014-2588,McAfee Asset Manager 6.6 - Multiple Vulnerabilities,http,80,1,1,MEDIUM,8.0,2
CVE-2018-18775,Microstrategy Web 7 - Cross-Site Scripting / Directory Traversal,http,80,0,1,MEDIUM,2.8,2
CVE-2018-18776,Microstrategy Web 7 - Cross-Site Scripting / Directory Traversal,http,80,0,1,MEDIUM,2.8,2
CVE-2018-18777,Microstrategy Web 7 - Cross-Site Scripting / Directory Traversal,http,80,1,1,MEDIUM,2.8,2
CVE-2014-9000,Mulesoft ESB Runtime 3.5.1 - Privilege Escalation,other,8585,1,1,MEDIUM,8.0,2
CVE-2014-5216,NetIQ Access Manager 4.0 SP1 - Multiple Vulnerabilities,https-alt,8443,0,1,MEDIUM,8.6,2
CVE-2014-9412,NetIQ Access Manager 4.0 SP1 - Multiple Vulnerabilities,https-alt,8443,0,1,MEDIUM,8.6,2
CVE-2015-6973,Openfire 3.10.2 - Cross-Site Request Forgery,http,80,0,1,MEDIUM,8.6,2
CVE-2015-6972,Openfire 3.10.2 - Multiple Cross-Site Scripting Vulnerabilities,http,80,0,1,MEDIUM,8.6,2
CVE-2015-7707,Openfire 3.10.2 - Privilege Escalation,http,80,1,1,MEDIUM,8.0,2
CVE-2016-0491,Oracle Application Testing Suite (ATS) 12.4.0.2.0 - Authentication Bypass / Arbitrary File Upload,other,8088,0,1,MEDIUM,10.0,2
CVE-2016-0492,Oracle Application Testing Suite (ATS) 12.4.0.2.0 - Authentication Bypass / Arbitrary File Upload,other,8088,0,1,MEDIUM,10.0,2
CVE-2014-8555,Progress OpenEdge 11.2 - Directory Traversal,other,9090,0,1,MEDIUM,10.0,2
CVE-2014-0999,Sendio ESP - Information Disclosure,http,80,0,1,MEDIUM,10.0,2
CVE-2014-8391,Sendio ESP - Information Disclosure,http,80,1,1,MEDIUM,8.0,2
CVE-2016-4315,WSO2 Carbon 4.4.5 - Denial of Service / Cross-Site Request Forgery,other,9443,1,1,MEDIUM,2.1,2
CVE-2016-4314,WSO2 Carbon 4.4.5 - Local File Inclusion,other,9443,1,1,MEDIUM,1.2,2
CVE-2016-4316,WSO2 Carbon 4.4.5 - Persistent Cross-Site Scripting,other,9443,0,1,MEDIUM,2.8,2
CVE-2015-7346,ZCMS 1.1 - Multiple Vulnerabilities,http-alt,8080,0,1,CRITICAL,3.9,2
CVE-2015-7347,ZCMS 1.1 - Multiple Vulnerabilities,http-alt,8080,1,1,MEDIUM,1.7,2
CVE-2014-4927,ACME micro_httpd - Denial of Service,http,80,0,1,HIGH,10.0,2
CVE-2003-0245,Apache 2.0.45 - 'APR' Crash,http,80,0,1,MEDIUM,10.0,2
CVE-2018-7286,Asterisk chan_pjsip 15.2.0 - 'INVITE' Denial of Service,other,5061,1,1,MEDIUM,2.8,2
CVE-2018-7284,Asterisk chan_pjsip 15.2.0 - 'SUBSCRIBE' Stack Corruption,other,5060,0,1,HIGH,3.9,2
CVE-2009-3586,CoreHTTP Web server 0.5.3.1 - Off-by-One Buffer Overflow,http,80,0,1,HIGH,10.0,2
CVE-2018-1000115,Memcached 1.5.5 - 'Memcrashed ' Insufficient Control of Network Message Volume Denial of Service With Shodan API,other,11211,0,1,HIGH,3.9,2
CVE-2018-1000115,Memcached 1.5.5 - 'Memcrashed' Insufficient Control Network Message Volume Denial of Service (1),other,11211,0,1,HIGH,3.9,2
CVE-2013-5211,NTP ntpd monlist Query Reflection - Denial of Service,other,123,0,1,MEDIUM,10.0,2
CVE-2019-6442,NTPsec 1.1.2 - 'config' (Authenticated) Out-of-Bounds Write Denial of Service (PoC),other,123,1,1,MEDIUM,2.8,2
CVE-2019-6443,NTPsec 1.1.2 - 'ctl_getitem' Out-of-Bounds Read (PoC),other,123,0,1,CRITICAL,3.9,2
CVE-2019-6445,NTPsec 1.1.2 - 'ntp_control' (Authenticated) NULL Pointer Dereference (PoC),other,123,1,1,MEDIUM,2.8,2
CVE-2019-6444,NTPsec 1.1.2 - 'ntp_control' Out-of-Bounds Read (PoC),other,123,0,1,CRITICAL,3.9,2
CVE-2015-6908,OpenLDAP 2.4.42 - ber_get_next Denial of Service,other,389,0,1,MEDIUM,10.0,2
CVE-2001-0136,ProFTPd 1.2.0 pre10 - Remote Denial of Service,ftp,21,0,1,MEDIUM,10.0,2
CVE-2001-0136,ProFTPd 1.2.0 rc2 - Memory Leakage,ftp,21,0,1,MEDIUM,10.0,2
CVE-2017-6542,PuTTY < 0.68 - 'ssh_agent_channel_data' Integer Overflow Heap Corruption,ssh,22,0,1,CRITICAL,3.9,2
CVE-2017-8779,RPCBind / libtirpc - Denial of Service,rpc,111,0,1,HIGH,3.9,2
CVE-2013-4124,Samba 3.5.22/3.6.17/4.0.8 - nttrans Reply Integer Overflow,netbios,139,0,1,MEDIUM,10.0,2
CVE-2013-5745,Vino VNC Server 3.7.3 - Persistent Denial of Service,vnc,5900,0,1,HIGH,8.6,2
CVE-2016-6662,MySQL / MariaDB / PerconaDB 5.5.51/5.6.32/5.7.14 - Code Execution / Privilege Escalation,mysql,3306,0,1,CRITICAL,3.9,2
CVE-2014-3804,Alienvault Open Source SIEM (OSSIM) - av-centerd Command Injection (Metasploit),other,40007,0,1,HIGH,10.0,2
CVE-2014-3804,Alienvault OSSIM av-centerd - Util.pm sync_rserver Command Execution (Metasploit),other,40007,0,1,HIGH,10.0,2
CVE-2014-3805,Alienvault OSSIM av-centerd 4.7.0 - 'get_log_line' Command Injection (Metasploit),other,40007,0,1,HIGH,10.0,2
CVE-2017-12635,Apache CouchDB - Arbitrary Command Execution (Metasploit),other,5984,0,1,CRITICAL,3.9,2
CVE-2017-12636,Apache CouchDB - Arbitrary Command Execution (Metasploit),other,5984,1,1,HIGH,1.2,2
CVE-2003-0842,Apache mod_gzip (with debug_mode) 1.2.26.1a - Remote Overflow,http,80,0,1,HIGH,10.0,2
CVE-2016-3081,Apache Struts - Dynamic Method Invocation Remote Code Execution (Metasploit),http-alt,8080,0,1,HIGH,2.2,2
CVE-2018-11776,Apache Struts 2.3 < 2.3.34 / 2.5 < 2.5.16 - Remote Code Execution (1),http-alt,8080,0,1,HIGH,2.2,1
CVE-2007-6258,Apache Tomcat Connector jk2-2.0.2 mod_jk2 - Remote Overflow,http,80,0,1,HIGH,10.0,2
CVE-2007-0774,Apache Tomcat Connector mod_jk - 'exec-shield' Remote Overflow,http,80,0,1,HIGH,10.0,2
CVE-2003-0380,Atftpd 0.6 - 'atftpdx.c' Remote Command Execution,other,69,0,1,HIGH,10.0,2
CVE-2018-10660,Axis Network Camera - .srv to parhand Remote Code Execution (Metasploit),http,80,0,1,CRITICAL,3.9,2
CVE-2018-10661,Axis Network Camera - .srv to parhand Remote Code Execution (Metasploit),http,80,0,1,CRITICAL,3.9,2
CVE-2018-10662,Axis Network Camera - .srv to parhand Remote Code Execution (Metasploit),http,80,0,1,CRITICAL,3.9,2
CVE-2014-6271,Bash - 'Shellshock' Environment Variables Command Injection,http,80,0,1,CRITICAL,3.9,1
CVE-2014-7169,Bash - 'Shellshock' Environment Variables Command Injection,http,80,0,1,CRITICAL,3.9,1
CVE-2014-7910,Bash - 'Shellshock' Environment Variables Command Injection,http,80,0,1,HIGH,10.0,2
CVE-2004-1388,Berlios GPSD 1.91-1 < 2.7-2 - Format String,other,2947,0,1,HIGH,10.0,2
CVE-2004-1388,Berlios GPSD 2.7 - Remote Format String (Metasploit),other,2947,0,1,HIGH,10.0,2
CVE-2004-1388,Berlios GPSD 2.7.x - Remote Format String,other,2947,0,1,HIGH,10.0,2
CVE-2015-0935,Bomgar Remote Support - Code Execution (Metasploit),https,443,0,1,HIGH,10.0,2
CVE-2007-5243,Borland Interbase 2007 - 'PWD_db_aliased' Remote Buffer Overflow (Metasploit),other,3050,0,1,HIGH,8.6,2
CVE-2007-5243,Borland Interbase 2007/2007 SP2 - 'INET_connect' Remote Buffer Overflow (Metasploit),other,3050,0,1,HIGH,8.6,2
CVE-2007-5243,Borland Interbase 2007/2007 SP2 - 'jrd8_create_database' Remote Buffer Overflow (Metasploit),other,3050,0,1,HIGH,8.6,2
CVE-2007-5244,Borland Interbase 2007/2007 SP2 - 'open_marker_file' Remote Buffer Overflow (Metasploit),other,3050,0,1,HIGH,8.6,2
CVE-2004-2043,Borland Interbase 7.x - Remote Buffer Overflow,other,3050,0,1,MEDIUM,10.0,2
CVE-2015-0936,Ceragon FibeAir IP-10 - SSH Private Key Exposure (Metasploit),ssh,22,0,1,CRITICAL,3.9,2
CVE-2004-1705,Citadel/UX - Remote Buffer Overflow,other,504,0,1,MEDIUM,10.0,2
CVE-2004-1705,Citadel/UX 6.23 - Remote USER Directive,other,504,0,1,MEDIUM,10.0,2
CVE-2004-1192,Citadel/UX 6.27 - Format String,other,504,0,1,HIGH,10.0,2
CVE-2003-1481,CommuniGate Pro Webmail 4.0.6 - Session Hijacking,http,80,0,1,MEDIUM,8.6,2
CVE-2007-4060,CoreHTTP 0.5.3alpha - HTTPd Remote Buffer Overflow,http,80,0,1,HIGH,10.0,2
CVE-2006-1236,crossfire-server 1.9.0 - 'SetUp()' Remote Buffer Overflow,other,13327,0,1,HIGH,10.0,2
CVE-2014-6271,CUPS Filter - Bash Environment Variable Code Injection (Metasploit),other,631,0,1,CRITICAL,3.9,1
CVE-2014-7169,CUPS Filter - Bash Environment Variable Code Injection (Metasploit),other,631,0,1,CRITICAL,3.9,1
CVE-2014-7910,CUPS Filter - Bash Environment Variable Code Injection (Metasploit),other,631,0,1,HIGH,10.0,2
CVE-2006-2502,Cyrus IMAPD 2.3.2 - 'pop3d' Remote Buffer Overflow (1),pop3,110,0,1,MEDIUM,4.9,2
CVE-2006-2502,Cyrus IMAPD 2.3.2 - 'pop3d' Remote Buffer Overflow (3),pop3,110,0,1,MEDIUM,4.9,2
CVE-2009-2765,DD-WRT HTTP v24-SP1 - Command Injection,http,80,0,0,HIGH,6.5,2
CVE-2007-1465,dproxy 0.5 - Remote Buffer Overflow (Metasploit),dns,53,0,1,HIGH,10.0,2
CVE-2015-1427,ElasticSearch - Remote Code Execution,other,9200,0,1,CRITICAL,3.9,1
CVE-2015-5082,Endian Firewall - Password Change Command Injection (Metasploit),other,10443,0,1,HIGH,10.0,2
CVE-2016-1560,ExaGrid - Known SSH Key and Default Password (Metasploit),ssh,22,0,1,CRITICAL,3.9,2
CVE-2016-1561,ExaGrid - Known SSH Key and Default Password (Metasploit),ssh,22,0,1,HIGH,3.9,2
CVE-2015-0235,Exim - 'GHOST' glibc gethostbyname Buffer Overflow (Metasploit),smtp,25,0,1,HIGH,10.0,2
CVE-2018-6789,exim 4.90 - Remote Code Execution,smtp,25,0,1,CRITICAL,3.9,1
CVE-2018-6789,Exim < 4.90.1 - 'base64d' Remote Code Execution,smtp,25,0,1,CRITICAL,3.9,1
CVE-2001-1078,eXtremail 1.5.x (Linux) - Remote Format Strings,smtp,25,0,1,HIGH,10.0,2
CVE-2007-5466,eXtremail 2.1.1 - 'LOGIN' Remote Stack Overflow,other,4501,0,1,HIGH,10.0,2
CVE-2007-5467,eXtremail 2.1.1 - 'LOGIN' Remote Stack Overflow,other,4501,0,1,HIGH,10.0,2
CVE-2007-5466,eXtremail 2.1.1 - PLAIN Authentication Remote Stack Overflow,imap,143,0,1,HIGH,10.0,2
CVE-2007-5467,eXtremail 2.1.1 - PLAIN Authentication Remote Stack Overflow,imap,143,0,1,HIGH,10.0,2
CVE-2008-6825,Fonality trixbox 2.6.1 - 'langChoice' Remote Code Execution,http,80,0,1,MEDIUM,8.6,2
CVE-2013-2121,Foreman (RedHat OpenStack/Satellite) - bookmarks/create Code Injection (Metasploit),https,443,1,1,MEDIUM,6.8,2
CVE-2013-4490,Gitlab-shell - Code Execution (Metasploit),https,443,1,1,MEDIUM,8.0,2
CVE-2005-1100,gld 1.4 - Postfix Greylisting Daemon Remote Format String,other,2525,0,1,HIGH,10.0,2
CVE-2005-2878,GNU Mailutils imap4d 0.6 - 'Search' Remote Format String,imap,143,0,1,HIGH,10.0,2
CVE-2005-2878,GNU Mailutils imap4d 0.6 - exec-shield Remote Format String,imap,143,0,1,HIGH,10.0,2
CVE-2005-1523,GNU Mailutils imap4d 0.6 - Remote Format String,imap,143,0,1,HIGH,10.0,2
CVE-2017-17562,GoAhead Web Server 2.5 < 3.6.5 - HTTPd 'LD_PRELOAD' Remote Code Execution,http,80,0,1,HIGH,2.2,1
CVE-2003-0755,GtkFtpd 1.0.4 - Remote Buffer Overflow,ftp,21,0,1,HIGH,10.0,2
CVE-2015-4624,Hak5 WiFi Pineapple 2.4 - Preconfiguration Command Injection (Metasploit),other,1471,0,0,HIGH,1.6,2
CVE-2014-4880,Hikvision DVR - RTSP Request Remote Code Execution (Metasploit),other,554,0,1,HIGH,10.0,2
CVE-2014-2624,HP Network Node Manager I - PMD Buffer Overflow (Metasploit),other,7426,0,1,HIGH,10.0,2
CVE-2000-0284,IMAP4rev1 10.190 - Authentication Stack Overflow,imap,143,0,1,HIGH,10.0,2
CVE-2000-0284,IMAP4rev1 12.261/12.264/2000.284 - 'lsub' Remote Overflow,imap,143,0,1,HIGH,10.0,2
CVE-2005-1255,IPSwitch IMail Server 8.15 - IMAPD Remote Code Execution,imap,143,0,1,HIGH,10.0,2
CVE-2001-0010,ISC BIND 8.2.x - 'TSIG' Remote Stack Overflow (1),dns,53,0,1,HIGH,10.0,2
CVE-2001-0010,ISC BIND 8.2.x - 'TSIG' Remote Stack Overflow (2),dns,53,0,1,HIGH,10.0,2
CVE-2001-0010,ISC BIND 8.2.x - 'TSIG' Remote Stack Overflow (4),dns,53,0,1,HIGH,10.0,2
CVE-2016-9299,Jenkins CLI - HTTP Java Deserialization (Metasploit),http-alt,8080,0,1,CRITICAL,3.9,2
CVE-2013-2143,Katello (RedHat Satellite) - users/update_roles Missing Authorisation (Metasploit),https,443,1,1,MEDIUM,8.0,2
CVE-2003-0487,Kerio MailServer 5.6.3 - Remote Buffer Overflow,smtp,25,0,1,HIGH,10.0,2
CVE-2005-0491,Knox Arkeia Pro 5.1.12 - Backup Remote Code Execution,other,617,0,1,HIGH,10.0,2
CVE-2003-0686,Linux pam_lib_smb < 1.1.6 - '/bin/login' Remote Overflow,telnet,23,0,1,HIGH,10.0,2
CVE-2005-3524,linux-ftpd-ssl 0.17 - 'MKD'/'CWD' Remote Code Execution,ftp,21,0,1,HIGH,10.0,2
CVE-2000-0917,LPRng (RedHat 7.0) - 'lpd' Format String,other,515,0,1,HIGH,10.0,2
CVE-2000-0917,LPRng 3.6.22/23/24 - Remote Command Execution,other,515,0,1,HIGH,10.0,2
CVE-2000-0917,LPRng 3.6.24-1 - Remote Command Execution,other,515,0,1,HIGH,10.0,2
CVE-2004-0735,Medal of Honor Spearhead (Linux) - Server Remote Buffer Overflow,other,12203,0,1,HIGH,10.0,2
CVE-2013-0230,MiniUPnPd 1.0 - Remote Stack Buffer Overflow Remote Code Execution (Metasploit),other,5555,0,1,HIGH,10.0,2
CVE-2003-0437,mnoGoSearch 3.1.20 - Remote Command Execution,http,80,0,1,HIGH,10.0,2
CVE-2003-1083,Monit 4.1 - Remote Buffer Overflow,other,2812,0,1,HIGH,10.0,2
CVE-2004-1898,Monit 4.2 - Basic Authentication Remote Code Execution,other,2812,0,1,HIGH,10.0,2
CVE-2004-1897,Monit 4.2 - Remote Buffer Overflow,other,2812,0,1,MEDIUM,10.0,2
CVE-2013-3630,Moodle - Remote Command Execution (Metasploit),http,80,1,1,MEDIUM,3.9,2
CVE-2005-0958,mtftpd 0.0.3 - Remote Code Execution,ftp,21,0,1,HIGH,10.0,2
CVE-2003-0780,MySQL 3.23.x/4.0.x - Remote Buffer Overflow,mysql,3306,1,1,HIGH,8.0,2
CVE-2006-1518,MySQL 5.0.20 - COM_TABLE_DUMP Memory Leak/Remote Buffer Overflow,mysql,3306,1,1,MEDIUM,8.0,2
CVE-2008-0226,MySQL 6.0 yaSSL 1.7.5 - Hello Message Buffer Overflow (Metasploit),mysql,3306,0,1,HIGH,10.0,2
CVE-2013-1362,Nagios Remote Plugin Executor - Arbitrary Command Execution (Metasploit),other,5666,0,1,HIGH,10.0,2
CVE-2018-8733,Nagios XI 5.2.6-5.4.12 - Chained Remote Code Execution (Metasploit),http,80,0,1,CRITICAL,3.9,2
CVE-2018-8734,Nagios XI 5.2.6-5.4.12 - Chained Remote Code Execution (Metasploit),http,80,0,1,CRITICAL,3.9,2
CVE-2018-8735,Nagios XI 5.2.6-5.4.12 - Chained Remote Code Execution (Metasploit),http,80,1,1,HIGH,2.8,2
CVE-2018-8736,Nagios XI 5.2.6-5.4.12 - Chained Remote Code Execution (Metasploit),http,80,1,1,HIGH,2.8,2
CVE-2005-0101,Newspost 2.1 - 'socket_getline()' Remote Buffer Overflow (2),other,119,0,1,HIGH,10.0,2
CVE-2013-2028,Nginx 1.3.9 < 1.4.0 - Chuncked Encoding Stack Buffer Overflow (Metasploit),http,80,0,1,HIGH,10.0,2
CVE-2005-0226,ngIRCd 0.8.2 - Remote Format String,other,6667,0,1,HIGH,10.0,2
CVE-2001-0414,NTPd 4.0.99j-k readvar - Remote Buffer Overflow (Metasploit),other,123,0,1,HIGH,10.0,2
CVE-2004-2523,OpenFTPd 0.30.1 - message system Remote Shell,ftp,21,1,1,MEDIUM,8.0,2
CVE-2004-2523,OpenFTPd 0.30.2 - Remote Overflow,ftp,21,1,1,MEDIUM,8.0,2
CVE-2006-6493,OpenLDAP 2.4.3 - 'KBIND' Remote Buffer Overflow,other,389,0,1,MEDIUM,4.9,2
CVE-2013-3632,OpenMediaVault Cron - Remote Command Execution (Metasploit),http,80,1,1,HIGH,2.8,2
CVE-2018-19276,OpenMRS - Java Deserialization RCE (Metasploit),other,8081,0,1,CRITICAL,3.9,2
CVE-2013-1349,OpenSIS 'modname' - PHP Code Execution (Metasploit),http,80,0,1,HIGH,10.0,2
CVE-2020-7247,OpenSMTPD - MAIL FROM Remote Code Execution (Metasploit),smtp,25,0,1,CRITICAL,3.9,1
CVE-2016-6210,OpenSSH 7.2p2 - Username Enumeration,ssh,22,0,1,MEDIUM,2.2,2
CVE-2016-10009,OpenSSH < 7.4 - agent Protocol Arbitrary Library Loading,ssh,22,0,1,HIGH,3.9,2
CVE-2018-15473,OpenSSH < 7.7 - User Enumeration (2),ssh,22,0,1,MEDIUM,3.9,2
CVE-2016-6210,OpenSSHd 7.2p2 - Username Enumeration,ssh,22,0,1,MEDIUM,2.2,2
CVE-2008-0166,OpenSSL 0.9.8c-1 < 0.9.8g-9 (Debian and Derivatives) - Predictable PRNG Brute Force SSH,ssh,22,0,1,HIGH,3.9,2
CVE-2008-0166,OpenSSL 0.9.8c-1 < 0.9.8g-9 (Debian and Derivatives) - Predictable PRNG Brute Force SSH,ssh,22,0,1,HIGH,3.9,2
CVE-2008-3280,OpenSSL 0.9.8c-1 < 0.9.8g-9 (Debian and Derivatives) - Predictable PRNG Brute Force SSH,ssh,22,0,1,MEDIUM,2.2,2
CVE-2008-0166,OpenSSL 0.9.8c-1 < 0.9.8g-9 (Debian and Derivatives) - Predictable PRNG Brute Force SSH (Ruby),ssh,22,0,1,HIGH,3.9,2
CVE-2005-4714,OpenVMPSd 1.3 - Remote Format String,other,1589,0,1,HIGH,10.0,2
CVE-2004-1437,Pavuk Digest - Authentication Remote Buffer Overflow,http,80,0,1,HIGH,10.0,2
CVE-2005-1806,PeerCast 0.1211 - Remote Format String,other,7144,0,1,HIGH,10.0,2
CVE-2006-1148,PeerCast 0.1216 - Remote Stack Overflow (Metasploit),other,7144,0,1,HIGH,10.0,2
CVE-2000-0967,PHP 3.0.16/4.0.2 - Remote Format Overflow,http,80,0,1,HIGH,10.0,2
CVE-2004-0594,PHP 4.3.7/5.0.0RC3 - 'memory_limit' Remote Overflow,http,80,0,1,MEDIUM,4.9,2
CVE-2013-6829,PineApp MailSecure - Remote Command Execution,other,7443,0,1,HIGH,10.0,2
CVE-2013-6830,PineApp MailSecure - Remote Command Execution,other,7443,0,1,HIGH,10.0,2
CVE-2013-6831,PineApp MailSecure - Remote Command Execution,other,7443,0,0,HIGH,3.9,2
CVE-2003-0213,PoPToP < 1.1.3-b3/1.1.3-20030409 - Negative Read Overflow (Metasploit),other,1723,0,1,HIGH,10.0,2
CVE-2003-0213,PoPToP PPTP 1.1.4-b3 - 'poptop-sane.c' Remote Command Execution,other,1723,0,1,HIGH,10.0,2
CVE-2003-0213,PoPToP PPTP 1.1.4-b3 - Remote Command Execution,other,1723,0,1,HIGH,10.0,2
CVE-2006-0681,Power Daemon 2.0.2 - 'WHATIDO' Remote Format String,other,532,0,1,HIGH,10.0,2
CVE-2003-0831,ProFTPd 1.2.7 < 1.2.9rc2 - Remote Code Execution / Brute Force,ftp,21,1,1,HIGH,8.0,2
CVE-2003-0500,ProFTPd 1.2.9 RC1 - 'mod_sql' SQL Injection,ftp,21,0,1,HIGH,10.0,2
CVE-2003-0831,ProFTPd 1.2.9 rc2 - '.ASCII' File Remote Code Execution (1),ftp,21,1,1,HIGH,8.0,2
CVE-2006-5815,ProFTPd 1.3.0 - 'sreplace' Remote Stack Overflow (Metasploit),ftp,21,0,1,HIGH,10.0,2
CVE-2004-1120,Prozilla 1.3.6 - Remote Stack Overflow,http-alt,8080,0,1,HIGH,10.0,2
CVE-2005-0523,Prozilla 1.3.7.3 - Remote Format String,http-alt,8080,0,1,HIGH,10.0,2
CVE-2005-2961,Prozilla 1.3.7.4 - 'ftpsearch' Results Handling Buffer Overflow,http-alt,8080,0,1,HIGH,10.0,2
CVE-2014-6271,Pure-FTPd - External Authentication Bash Environment Variable Code Injection (Metasploit),ftp,21,0,1,CRITICAL,3.9,1
CVE-2014-7169,Pure-FTPd - External Authentication Bash Environment Variable Code Injection (Metasploit),ftp,21,0,1,CRITICAL,3.9,1
CVE-2014-7910,Pure-FTPd - External Authentication Bash Environment Variable Code Injection (Metasploit),ftp,21,0,1,HIGH,10.0,2
CVE-2018-0706,QNAP Q'Center - 'change_passwd' Command Execution (Metasploit),https,443,1,1,HIGH,2.8,2
CVE-2018-0707,QNAP Q'Center - 'change_passwd' Command Execution (Metasploit),https,443,1,1,HIGH,1.2,2
CVE-2004-2677,Qwik SMTP 0.3 - Format String,smtp,25,0,1,HIGH,10.0,2
CVE-2014-8361,Realtek SDK - Miniigd UPnP SOAP Command Execution (Metasploit),other,52869,0,1,CRITICAL,3.9,1
CVE-2013-2068,RedHat CloudForms Management Engine 5.1 - agent/linuxpkgs Directory Traversal (Metasploit),https,443,0,1,HIGH,10.0,2
CVE-2004-0416,Remote CVS 1.11.15 - 'error_prog_name' Arbitrary Code Execution,other,2401,0,1,HIGH,10.0,2
CVE-2004-0393,Rlpr 2.04 - 'msg()' Remote Format String,other,7290,0,1,HIGH,10.0,2
CVE-2002-0048,rsync 2.5.1 - Remote (1),other,873,0,1,HIGH,10.0,2
CVE-2002-0048,rsync 2.5.1 - Remote (2),other,873,0,1,HIGH,10.0,2
CVE-2019-5420,Ruby On Rails - DoubleTap Development Mode secret_key_base Remote Code Execution (Metasploit),other,3000,0,1,CRITICAL,3.9,2
CVE-2005-1099,Salim Gasmi GLD (Greylisting Daemon) 1.0 < 1.4 - Postfix Greylisting Buffer Overflow (Metasploit),other,2525,0,1,HIGH,10.0,2
CVE-2003-0201,Samba 2.2.8 - Brute Force Method Remote Command Execution,netbios,139,0,1,HIGH,10.0,2
CVE-2003-0085,Samba 2.2.x - 'nttrans' Remote Overflow (Metasploit),netbios,139,0,1,HIGH,10.0,2
CVE-2003-0201,Samba 2.2.x - Remote Buffer Overflow,netbios,139,0,1,HIGH,10.0,2
CVE-2004-0600,Samba 3.0.4 - SWAT Authorisation Buffer Overflow,other,901,0,1,HIGH,10.0,2
CVE-2003-0161,Sendmail 8.12.8 (BSD) - 'Prescan()' Remote Command Execution,smtp,25,0,1,HIGH,10.0,2
CVE-2004-1373,SHOUTcast DNAS/Linux 1.9.4 - Format String Remote Overflow,other,8000,0,1,HIGH,10.0,2
CVE-2007-4566,SIDVault LDAP Server - Remote Buffer Overflow,other,389,0,1,HIGH,10.0,2
CVE-2005-0892,Smail 3.2.0.120 - Remote Heap Overflow,smtp,25,0,1,HIGH,10.0,2
CVE-2007-5184,smbftpd 0.96 - SMBDirList-function Remote Format String,ftp,21,0,1,HIGH,10.0,2
CVE-2005-1246,Snmppd - SNMP Proxy Daemon Remote Format String,other,164,0,1,HIGH,10.0,2
CVE-2005-3252,Snort 2.4.0 < 2.4.3 - Back Orifice Pre-Preprocessor Remote (Metasploit),other,9080,0,1,HIGH,10.0,2
CVE-2013-4983,Sophos Web Protection Appliance - 'sblistpack' Arbitrary Command Execution (Metasploit),https,443,0,1,HIGH,10.0,2
CVE-2004-0397,Subversion 1.0.2 - 'svn_time_from_cstring()' Remote Overflow,other,3690,0,1,HIGH,10.0,2
CVE-2005-1110,Sumus 0.2.2 - HTTPd Remote Buffer Overflow,other,81,0,1,HIGH,10.0,2
CVE-2017-11610,Supervisor 3.0a1 < 3.3.2 - XML-RPC (Authenticated) Remote Code Execution (Metasploit),other,9001,1,1,HIGH,2.8,2
CVE-2014-7285,Symantec Web Gateway 5 - 'restore.php' (Authenticated) Command Injection (Metasploit),https,443,1,1,MEDIUM,8.0,2
CVE-2017-8051,Tenable Appliance < 4.5 - Root Remote Code Execution,other,8000,0,1,CRITICAL,3.9,2
CVE-2017-12478,Unitrends UEB - HTTP API Remote Code Execution (Metasploit),https,443,0,1,CRITICAL,3.9,2
CVE-2018-6328,Unitrends UEB - HTTP API Remote Code Execution (Metasploit),https,443,0,1,CRITICAL,3.9,2
CVE-2000-0284,University of Washington - imap LSUB Buffer Overflow (Metasploit),imap,143,0,1,HIGH,10.0,2
CVE-2004-0608,Unreal Tournament 2004 - 'Secure' Remote Overflow (Metasploit),other,7787,0,1,HIGH,10.0,2
CVE-2009-2936,Varnish Cache CLI Interface - Remote Code Execution (Metasploit),other,6082,0,1,HIGH,10.0,2
CVE-2013-4467,VICIdial Manager - Send OS Command Injection (Metasploit),http,80,1,1,MEDIUM,8.0,2
CVE-2013-4468,VICIdial Manager - Send OS Command Injection (Metasploit),http,80,1,1,MEDIUM,8.0,2
CVE-2013-7382,VICIdial Manager - Send OS Command Injection (Metasploit),http,80,0,1,MEDIUM,10.0,2
CVE-2005-2041,ViRobot Advanced Server 2.0 - 'addschup' Remote Cookie,http-alt,8080,0,1,MEDIUM,10.0,2
CVE-2014-5073,VMTurbo Operations Manager 4.6 - 'vmtadmin.cgi' Remote Command Execution (Metasploit),http,80,0,1,HIGH,10.0,2
CVE-2007-2668,webdesproxy 0.0.1 - 'exec-shield' GET Remote Code Execution,http-alt,8080,0,1,MEDIUM,8.6,2
CVE-2003-0339,WsMp3d 0.x - Remote Heap Overflow,other,8000,0,1,HIGH,10.0,2
CVE-1999-0368,WU-FTPD 2.4.2 / SCO Open Server 5.0.5 / ProFTPd 1.2 pre1 - 'realpath' Remote Buffer Overflow (1),ftp,21,0,1,HIGH,10.0,2
CVE-1999-0368,WU-FTPD 2.4.2 / SCO Open Server 5.0.5 / ProFTPd 1.2 pre1 - 'realpath' Remote Buffer Overflow (2),ftp,21,0,1,HIGH,10.0,2
CVE-2001-0550,WU-FTPD 2.6.1 - Remote Command Execution,ftp,21,0,1,HIGH,10.0,2
CVE-2003-0466,WU-FTPD 2.6.2 - Off-by-One Remote Command Execution,ftp,21,0,1,CRITICAL,3.9,2
CVE-2003-0466,WU-FTPD 2.6.2 - Remote Command Execution,ftp,21,0,1,CRITICAL,3.9,2
CVE-2000-0284,WU-IMAP 2000.287(1-2) - Remote Overflow,imap,143,0,1,HIGH,10.0,2
CVE-2004-1636,WvTFTPd 0.9 - Remote Heap Overflow,other,69,0,1,HIGH,10.0,2
CVE-2005-3081,WzdFTPD 0.5.4 - Remote Command Execution,ftp,21,0,0,MEDIUM,3.9,2
CVE-2004-1475,xine 0.99.2 - Remote Stack Overflow,http,80,0,1,MEDIUM,4.9,2
CVE-2017-16666,Xplico - Remote Code Execution (Metasploit),other,9876,1,1,HIGH,2.8,2
CVE-2013-3628,Zabbix - (Authenticated) Remote Command Execution (Metasploit),http,80,1,1,HIGH,2.8,2
CVE-2019-9621,Zimbra Collaboration - Autodiscover Servlet XXE and ProxyServlet SSRF (Metasploit),https-alt,8443,0,1,HIGH,3.9,1
CVE-2019-9670,Zimbra Collaboration - Autodiscover Servlet XXE and ProxyServlet SSRF (Metasploit),https-alt,8443,0,1,CRITICAL,3.9,1
CVE-2016-0784,Apache OpenMeetings 1.9.x < 3.1.0 - '.ZIP' File Directory Traversal,other,5080,1,1,MEDIUM,2.8,2
CVE-2015-8257,AXIS (Multiple Products) - 'devtools ' (Authenticated) Remote Command Execution,http,80,1,1,HIGH,2.8,2
CVE-2014-5350,BitDefender GravityZone 5.1.5.386 - Multiple Vulnerabilities,https,443,0,1,MEDIUM,10.0,2
CVE-2014-4865,CacheGuard-OS 5.7.7 - Cross-Site Request Forgery,other,8090,0,1,MEDIUM,8.6,2
CVE-2008-1985,Digital Hive - Multiple Vulnerabilities,http,80,0,1,MEDIUM,8.6,2
CVE-2015-5531,ElasticSearch 1.6.0 - Arbitrary File Download,other,9200,0,1,MEDIUM,10.0,2
CVE-2008-6825,Fonality trixbox - 'langChoice' Local File Inclusion (connect-back) (2),http,80,0,1,MEDIUM,8.6,2
CVE-2013-2113,Foreman (RedHat OpenStack/Satellite) - users/create Mass Assignment (Metasploit),https,443,1,1,MEDIUM,6.8,2
CVE-2009-4827,Mail Manager Pro - Cross-Site Request Forgery (Change Admin Password),http,80,0,1,MEDIUM,8.6,2
CVE-2014-9095,Raritan PowerIQ 4.1.0 - SQL Injection (Metasploit),http,80,0,1,HIGH,10.0,2
CVE-2018-16736,Roundcube rcfilters plugin 2.1.6 - Cross-Site Scripting,https,443,1,1,MEDIUM,2.3,2
CVE-2016-5840,Trend Micro Deep Discovery 3.7/3.8 SP1 (3.81)/3.8 SP2 (3.82) - 'hotfix_upload.cgi' Filename Remote Code Execution,https,443,1,1,HIGH,1.2,2
CVE-2018-10575,Watchguard AP100 AP102 AP200 1.2.9.15 - Remote Code Execution (Metasploit),https,443,0,1,CRITICAL,3.9,2
CVE-2018-10576,Watchguard AP100 AP102 AP200 1.2.9.15 - Remote Code Execution (Metasploit),https,443,1,0,HIGH,1.8,2
CVE-2018-10577,Watchguard AP100 AP102 AP200 1.2.9.15 - Remote Code Execution (Metasploit),https,443,1,1,HIGH,2.8,2
CVE-2015-6541,Zimbra 8.0.9 GA - Cross-Site Request Forgery,https,443,0,1,HIGH,2.8,2
CVE-2013-7091,Zimbra Collaboration Server 7.2.2/8.0.2 - Local File Inclusion (Metasploit),other,7071,0,1,MEDIUM,10.0,2
CVE-2019-20215,D-Link Devices - Unauthenticated Remote Command Execution in ssdpcgi (Metasploit),other,1900,0,1,CRITICAL,3.9,2
CVE-2020-10882,TP-Link Archer A7/C7 - Unauthenticated LAN Remote Code Execution (Metasploit),other,20002,0,0,HIGH,2.8,2
CVE-2020-10883,TP-Link Archer A7/C7 - Unauthenticated LAN Remote Code Execution (Metasploit),other,20002,1,0,HIGH,1.8,2
CVE-2020-10884,TP-Link Archer A7/C7 - Unauthenticated LAN Remote Code Execution (Metasploit),other,20002,0,0,HIGH,2.8,2
CVE-2001-0797,Solaris /bin/login (SPARC/x86) - Remote Code Execution,telnet,23,0,1,HIGH,10.0,2
CVE-2000-0573,BeroFTPD 1.3.4(1) (Linux x86) - Remote Code Execution,ftp,21,0,1,HIGH,10.0,2
CVE-2007-1866,dproxy-nexgen (Linux x86) - Remote Buffer Overflow,dns,53,0,1,HIGH,10.0,2
CVE-2017-12477,Unitrends UEB 9 - bpserverd Authentication Bypass Remote Command Execution (Metasploit),other,1743,0,1,CRITICAL,3.9,2
CVE-2017-12478,Unitrends UEB 9 - http api/storage Remote Root (Metasploit),https,443,0,1,CRITICAL,3.9,2
CVE-2004-0493,Apache - Arbitrary Long HTTP Headers (Denial of Service),http,80,0,1,MEDIUM,10.0,2
CVE-2017-17090,Asterisk 13.17.2 - 'chan_skinny' Remote Memory Corruption,other,2000,0,1,HIGH,3.9,2
CVE-2018-6317,Claymore Dual GPU Miner 10.5 - Format String,other,3333,0,1,CRITICAL,3.9,2
CVE-2009-3591,Dopewars Server 1.5.12 - Denial of Service,other,7902,0,1,MEDIUM,10.0,2
CVE-2009-3111,FreeRadius < 1.1.8 - Zero-Length Tunnel-Password Denial of Service,other,1812,0,1,MEDIUM,10.0,2
CVE-2016-2776,ISC BIND 9 - Denial of Service,dns,53,0,1,HIGH,3.9,2
CVE-2017-7478,OpenVPN 2.4.0 - Denial of Service,other,1194,0,1,HIGH,3.9,2
CVE-2002-0741,psyBNC 2.3 - Denial of Service,other,31337,0,1,MEDIUM,10.0,2
CVE-2018-12584,reSIProcate 1.10.2 - Heap Overflow,other,5061,0,1,CRITICAL,3.9,2
CVE-2010-2435,Weborf HTTP Server - Denial of Service,http,80,0,1,MEDIUM,10.0,2
CVE-2013-4074,Wireshark CAPWAP Dissector - Denial of Service (Metasploit),other,5247,0,1,MEDIUM,10.0,2
CVE-2009-3704,ZoIPer 2.22 - Call-Info Remote Denial of Service,other,5060,0,1,MEDIUM,10.0,2
CVE-2017-5637,Zookeeper 3.5.2 Client - Denial of Service,other,2181,0,1,HIGH,3.9,2
CVE-2013-0632,Adobe ColdFusion 9 - Administrative Authentication Bypass (Metasploit),http,80,0,1,CRITICAL,3.9,1
CVE-2009-3068,Adobe RoboHelp Server 8 - Arbitrary File Upload / Execution (Metasploit),http-alt,8080,0,1,HIGH,8.6,1
CVE-2003-0651,Apache 1.3.x mod_mylo - Remote Code Execution,http,80,0,1,HIGH,10.0,2
CVE-2014-0094,Apache Struts - ClassLoader Manipulation Remote Code Execution (Metasploit),http-alt,8080,0,1,MEDIUM,10.0,2
CVE-2014-0112,Apache Struts - ClassLoader Manipulation Remote Code Execution (Metasploit),http-alt,8080,0,1,HIGH,10.0,2
CVE-2014-0113,Apache Struts - ClassLoader Manipulation Remote Code Execution (Metasploit),http-alt,8080,0,1,HIGH,10.0,2
CVE-2013-1966,Apache Struts - includeParams Remote Code Execution (Metasploit),http-alt,8080,0,1,HIGH,8.6,2
CVE-2013-2115,Apache Struts - includeParams Remote Code Execution (Metasploit),http-alt,8080,0,1,HIGH,2.2,2
CVE-2016-3087,Apache Struts - REST Plugin With Dynamic Method Invocation Remote Code Execution (Metasploit),http-alt,8080,0,1,CRITICAL,3.9,2
CVE-2013-2251,Apache Struts 2 - DefaultActionMapper Prefixes OGNL Code Execution (Metasploit),http-alt,8080,0,1,CRITICAL,3.9,1
CVE-2017-9791,Apache Struts 2 - Struts 1 Plugin Showcase OGNL Code Execution (Metasploit),http-alt,8080,0,1,CRITICAL,3.9,1
CVE-2018-11776,Apache Struts 2.3 < 2.3.34 / 2.5 < 2.5.16 - Remote Code Execution (2),http-alt,8080,0,1,HIGH,2.2,1
CVE-2017-5638,Apache Struts 2.3.5 < 2.3.31 / 2.5 < 2.5.10 - 'Jakarta' Multipart Parser OGNL Injection (Metasploit),http-alt,8080,0,1,CRITICAL,3.9,1
CVE-2009-3548,Apache Tomcat Manager - Application Upload (Authenticated) Code Execution (Metasploit),http,80,0,1,HIGH,10.0,2
CVE-2015-5603,Atlassian HipChat for Jira Plugin - Velocity Template Injection (Metasploit),http-alt,8080,1,1,MEDIUM,8.0,2
CVE-2018-20735,BMC Patrol Agent - Privilege Escalation Code Execution Execution (Metasploit),other,3181,1,0,HIGH,1.8,2
CVE-2006-0460,BomberClone < 0.11.6.2 - Error Messages Remote Buffer Overflow,other,11000,0,1,HIGH,10.0,2
CVE-2007-4560,ClamAV Milter 0.92.2 - Blackhole-Mode (Sendmail) Code Execution (Metasploit),smtp,25,0,1,HIGH,4.9,2
CVE-2009-2820,CUPS - 'kerberos' Cross-Site Scripting,http,80,0,1,MEDIUM,8.6,2
CVE-2004-0396,CVS (Linux/FreeBSD) - Remote Entry Line Heap Overflow,other,2401,0,1,HIGH,10.0,2
CVE-2016-6563,D-Link DIR-Series Routers - HNAP Login Stack Buffer Overflow (Metasploit),http,80,0,1,CRITICAL,3.9,2
CVE-2004-2687,DistCC Daemon - Command Execution (Metasploit),other,3632,0,1,HIGH,8.6,1
CVE-2005-0439,ELOG 2.5.6 - Remote Shell,http-alt,8080,0,1,HIGH,10.0,2
CVE-2000-1036,extent technologies rbs isp 2.5 - Directory Traversal,other,8002,0,1,MEDIUM,10.0,2
CVE-2013-7392,Gitlist - Remote Command Execution (Metasploit),http,80,0,1,HIGH,10.0,2
CVE-2014-4511,Gitlist - Remote Command Execution (Metasploit),http,80,0,1,HIGH,10.0,2
CVE-2016-7098,GNU Wget < 1.18 - Access List Bypass / Race Condition,http,80,0,1,HIGH,2.2,2
CVE-2015-1497,HP Client - Automation Command Injection (Metasploit),other,3465,0,1,HIGH,10.0,2
CVE-2001-0311,HP OpenView OmniBack II - Generic Remote Command Execution,other,5555,0,0,MEDIUM,3.9,2
CVE-2001-0311,HP OpenView OmniBack II A.03.50 - Command Execution (Metasploit),other,5555,0,0,MEDIUM,3.9,2
CVE-2017-5689,Intel Active Management Technology - System Privileges,other,16992,0,1,CRITICAL,3.9,1
CVE-2015-3292,Java - Debug Wire Protocol Remote Code Execution (Metasploit),other,8000,0,1,HIGH,10.0,2
CVE-2016-0792,Jenkins - XStream Groovy classpath Deserialization (Metasploit),http-alt,8080,1,1,HIGH,2.8,2
CVE-2005-0491,Knox Arkeia Server Backup 5.3.x - Remote Code Execution,other,617,0,1,HIGH,10.0,2
CVE-2010-2333,Litespeed Technologies - Web Server Remote Poison Null Byte,http,80,0,1,MEDIUM,10.0,2
CVE-2014-6037,ManageEngine Eventlog Analyzer - Arbitrary File Upload (Metasploit),other,8400,0,1,HIGH,10.0,2
CVE-2014-1610,MediaWiki - 'Thumb.php' Remote Command Execution (Metasploit),http,80,1,1,MEDIUM,6.8,2
CVE-2004-0627,MySQL 4.1/5.0 - Zero-Length Password Authentication Bypass,mysql,3306,0,1,HIGH,10.0,2
CVE-2018-1000049,Nanopool Claymore Dual Miner - APIs Remote Code Execution (Metasploit),other,3333,1,1,HIGH,1.6,2
CVE-2009-3898,Nginx 0.7.61 - WebDAV Directory Traversal,http,80,1,1,MEDIUM,6.8,2
CVE-2016-1593,Novell ServiceDesk - (Authenticated) Arbitrary File Upload (Metasploit),http,80,1,1,HIGH,1.2,2
CVE-2010-5323,Novell ZENworks Configuration Management 10.2.0 - Remote Execution (Metasploit),http,80,0,1,HIGH,10.0,1
CVE-2010-5324,Novell ZENworks Configuration Management 10.2.0 - Remote Execution (Metasploit),http,80,0,1,HIGH,10.0,1
CVE-2016-3115,OpenSSH 7.2p1 - (Authenticated) xauth Command Injection,ssh,22,1,1,MEDIUM,3.1,2
CVE-2014-0160,OpenSSL 1.0.1f TLS Heartbeat Extension - 'Heartbleed' Memory Disclosure (Multiple SSL/TLS Versions),https,443,0,1,HIGH,3.9,1
CVE-2014-0160,OpenSSL TLS Heartbeat Extension - 'Heartbleed' Information Leak (1),https,443,0,1,HIGH,3.9,1
CVE-2014-0160,OpenSSL TLS Heartbeat Extension - 'Heartbleed' Memory Disclosure,https,443,0,1,HIGH,3.9,1
CVE-2019-2725,Oracle Weblogic Server - 'AsyncResponseService' Deserialization Remote Code Execution (Metasploit),other,7001,0,1,CRITICAL,3.9,1
CVE-2019-9193,PostgreSQL 9.3 - COPY FROM PROGRAM Command Execution (Metasploit),postgresql,5432,1,1,HIGH,1.2,2
CVE-2014-5468,Railo 4.2.1 - Remote File Inclusion (Metasploit),http,80,0,1,HIGH,2.8,2
CVE-2003-0725,Real Server 7/8/9 (Windows / Linux) - Remote Code Execution,other,554,0,1,HIGH,10.0,2
CVE-2006-2369,RealVNC 4.1.0 < 4.1.1 - VNC Null Authentication Bypass,vnc,5900,0,1,HIGH,10.0,2
CVE-2006-2369,RealVNC 4.1.0 < 4.1.1 - VNC Null Authentication Bypass (Metasploit),vnc,5900,0,1,HIGH,10.0,2
CVE-2014-3914,Rocket Servergraph Admin Center - fileRequestor Remote Code Execution (Metasploit),other,8888,0,1,HIGH,10.0,2
CVE-2003-0201,Samba < 2.2.8 (Linux/BSD) - Remote Code Execution,netbios,139,0,1,HIGH,10.0,2
CVE-2008-0244,SAP MaxDB 7.6.03.07 - Remote Command Execution,other,7210,0,1,HIGH,10.0,2
CVE-2007-4560,Sendmail with clamav-milter < 0.91.2 - Remote Command Execution,smtp,25,0,1,HIGH,4.9,2
CVE-2008-0960,SNMPv3 - HMAC Validation error Remote Authentication Bypass,other,161,0,1,HIGH,10.0,2
CVE-2004-0541,Squid 2.5.x/3.x - NTLM Buffer Overflow (Metasploit),other,3129,0,1,HIGH,10.0,2
CVE-2001-0144,SSH (x2) - Remote Command Execution,ssh,22,0,1,HIGH,10.0,2
CVE-2004-0397,Subversion 1.0.2 - Date Overflow (Metasploit),other,3690,0,1,HIGH,10.0,2
CVE-2014-1649,Symantec Workspace Streaming - Arbitrary File Upload (Metasploit),other,9855,0,0,HIGH,5.5,2
CVE-2013-1428,Tincd - (Authenticated) Remote TCP Stack Buffer Overflow (Metasploit),other,655,1,1,MEDIUM,8.0,2
CVE-2018-5702,Transmission - RPC DNS Rebinding,other,9091,0,1,HIGH,2.8,2
CVE-2005-2715,Veritas NetBackup 6.0 (Linux) - 'bpjava-msvc' Remote Command Execution,other,13722,0,1,HIGH,10.0,2
CVE-2006-3392,Webmin < 1.290 / Usermin < 1.220 - Arbitrary File Disclosure,other,10000,0,1,MEDIUM,10.0,2
CVE-2006-3392,Webmin < 1.290 / Usermin < 1.220 - Arbitrary File Disclosure,other,10000,0,1,MEDIUM,10.0,2
CVE-2015-7709,Western Digital Arkeia < 11.0.12 - Remote Code Execution (Metasploit),other,617,0,1,HIGH,10.0,2
CVE-2000-0573,WU-FTPD 2.6.0 - Remote Command Execution,ftp,21,0,1,HIGH,10.0,2
CVE-2005-3081,WzdFTPD 0.5.4 - 'SITE' Remote Command Execution (Metasploit),ftp,21,0,0,MEDIUM,3.9,2
CVE-2015-1368,Ansible Tower 2.0.2 - Multiple Vulnerabilities,http,80,0,1,MEDIUM,8.6,2
CVE-2015-1481,Ansible Tower 2.0.2 - Multiple Vulnerabilities,http,80,1,1,MEDIUM,8.0,2
CVE-2015-1482,Ansible Tower 2.0.2 - Multiple Vulnerabilities,http,80,0,1,MEDIUM,10.0,2
CVE-2010-0641,Cisco Collaboration Server 5 - Cross-Site Scripting / Source Code Disclosure,http,80,0,1,MEDIUM,8.6,2
CVE-2010-0642,Cisco Collaboration Server 5 - Cross-Site Scripting / Source Code Disclosure,http,80,0,1,MEDIUM,10.0,2
CVE-2010-1931,CubeCart PHP 4.3.x - 'shipkey' SQL Injection,http,80,0,1,HIGH,10.0,2
CVE-2014-2879,Dell SonicWALL EMail Security Appliance Application 7.4.5 - Multiple Vulnerabilities,other,8619,0,1,MEDIUM,8.6,2
CVE-2019-12562,DotNetNuke < 9.4.0 - Cross-Site Scripting,http,80,0,1,MEDIUM,2.8,2
CVE-2016-0891,EMC ViPR SRM - Cross-Site Request Forgery,other,58080,0,1,HIGH,2.8,2
CVE-2019-16065,Enigma NMS 65.0.0 - SQL Injection,http,80,1,1,HIGH,2.8,2
CVE-2014-8681,Gogs - 'label' SQL Injection,http,80,0,1,HIGH,10.0,2
CVE-2014-2647,HP Operations Agent - Cross-Site Scripting iFrame Injection,other,383,0,1,MEDIUM,8.6,2
CVE-2018-1821,IBM Operational Decision Manager 8.x - XML External Entity Injection,other,9443,1,1,HIGH,2.8,2
CVE-2014-5335,Innovaphone PBX Admin-GUI - Cross-Site Request Forgery,http,80,0,1,MEDIUM,8.6,2
CVE-2018-10956,IPConfigure Orchid VMS 2.0.5 - Directory Traversal / Information Disclosure (Metasploit),http,80,0,1,HIGH,3.9,2
CVE-2009-4679,Joomla! Component com_if_nexus - Remote File Inclusion,http,80,0,1,HIGH,10.0,2
CVE-2014-5287,Kemp Load Master 7.1.16 - Multiple Vulnerabilities,http,80,0,1,HIGH,2.8,2
CVE-2014-5288,Kemp Load Master 7.1.16 - Multiple Vulnerabilities,http,80,0,1,HIGH,2.8,2
CVE-2014-6271,Kemp Load Master 7.1.16 - Multiple Vulnerabilities,http,80,0,1,CRITICAL,3.9,1
CVE-2014-7169,Kemp Load Master 7.1.16 - Multiple Vulnerabilities,http,80,0,1,CRITICAL,3.9,1
CVE-2014-7910,Kemp Load Master 7.1.16 - Multiple Vulnerabilities,http,80,0,1,HIGH,10.0,2
CVE-2014-9331,ManageEngine Desktop Central 9 Build 90087 - Cross-Site Request Forgery,other,8020,0,1,MEDIUM,8.6,2
CVE-2014-3996,ManageEngine Password Manager - MetadataServlet.dat SQL Injection (Metasploit),other,8020,0,1,HIGH,10.0,2
CVE-2019-5893,OpenSource ERP 6.3.1. - SQL Injection,http,80,0,1,CRITICAL,3.9,2
CVE-2015-4420,Opsview 4.6.2 - Multiple Cross-Site Scripting Vulnerabilities,http,80,0,1,MEDIUM,8.6,2
CVE-2017-1000028,Oracle GlassFish Server 4.1 - Directory Traversal,other,4848,0,1,HIGH,3.9,2
CVE-2019-2413,Oracle Reports Developer Component 12.2.1.3 - Cross-site Scripting,https,443,0,1,MEDIUM,2.8,2
CVE-2014-2044,ownCloud 4.0.x/4.5.x - 'upload.php?Filename' Remote Code Execution,http,80,0,1,HIGH,10.0,2
CVE-2014-9181,Plex Media Server 0.9.9.2.374-aa23a69 - Multiple Vulnerabilities,other,32400,0,1,MEDIUM,10.0,2
CVE-2014-9304,Plex Media Server 0.9.9.2.374-aa23a69 - Multiple Vulnerabilities,other,32400,0,1,HIGH,10.0,2
CVE-2019-10685,Prinect Archive System 2015 Release 2.6 - Cross-Site Scripting,http,80,0,1,MEDIUM,2.8,2
CVE-2008-1470,RSA - SecurID Cross-Site Scripting,http,80,0,1,MEDIUM,8.6,2
CVE-2019-9701,Symantec DLP 15.5 MP1 - Cross-Site Scripting,https-alt,8443,1,1,MEDIUM,1.7,2
CVE-2010-0690,Video Games Rentals Script - SQL Injection,http,80,0,1,HIGH,10.0,2
CVE-2009-4086,Xerver 4.31/4.32 - HTTP Response Splitting,http,80,0,1,MEDIUM,10.0,2
CVE-2009-4502,Zabbix Agent < 1.6.7 - Remote Bypass,http,80,0,1,HIGH,8.6,2
CVE-2009-4498,Zabbix Server - Multiple Vulnerabilities,http,80,0,1,MEDIUM,8.6,2
CVE-2009-4499,Zabbix Server - Multiple Vulnerabilities,http,80,0,1,HIGH,10.0,2
CVE-2009-4501,Zabbix Server - Multiple Vulnerabilities,http,80,0,1,MEDIUM,10.0,2
CVE-2010-2351,Netware - SMB Remote Stack Overflow (PoC),netbios,139,0,1,HIGH,10.0,2
CVE-2010-1929,Novell iManager - Multiple Vulnerabilities,other,48080,1,1,HIGH,8.0,2
CVE-2010-1930,Novell iManager - Multiple Vulnerabilities,other,48080,0,1,MEDIUM,10.0,2
CVE-2017-5850,OpenBSD HTTPd < 6.0 - Memory Exhaustion Denial of Service,http,80,0,1,HIGH,3.9,2
CVE-2004-0430,Apple Mac OSX 10.3.3 - AppleFileServer Overflow Remote Code Execution,other,548,0,1,MEDIUM,4.9,2
CVE-2006-0396,Apple Mac OSX 10.4.5 Mail.app - Real Name Buffer Overflow,smtp,25,0,1,MEDIUM,4.9,2
CVE-2010-2309,Apple Mac OSX EvoCam Web Server 3.6.6/3.6.7 - Remote Buffer Overflow,http-alt,8080,0,1,HIGH,10.0,2
CVE-2006-0395,Apple Mail.App 10.5.0 (OSX) - Image Attachment Command Execution (Metasploit),smtp,25,0,1,MEDIUM,4.9,2
CVE-2004-0430,AppleFileServer 10.3.3 (OSX) - LoginEXT PathName Overflow (Metasploit),other,548,0,1,MEDIUM,4.9,2
CVE-2003-0201,Samba 2.2.0 < 2.2.8 (OSX) - trans2open Overflow (Metasploit),netbios,139,0,1,HIGH,10.0,2
CVE-2005-2715,Veritas NetBackup 6.0 (OSX) - 'bpjava-msvc' Remote Command Execution,other,13722,0,1,HIGH,10.0,2
CVE-2004-0695,WebSTAR FTP Server 5.3.2 (OSX) - USER Overflow (Metasploit),ftp,21,0,1,HIGH,10.0,2
CVE-2014-9016,Drupal < 7.34 - Denial of Service,http,80,0,1,MEDIUM,10.0,2
CVE-2016-5399,PHP 5.5.37/5.6.23/7.0.8 - 'bzread()' Out-of-Bounds Write,http,80,0,0,HIGH,1.8,2
CVE-2014-9034,WordPress Core 4.0 - Denial of Service,http,80,0,1,MEDIUM,10.0,2
CVE-2014-9034,WordPress Core < 4.0.1 - Denial of Service,http,80,0,1,MEDIUM,10.0,2
CVE-2012-1823,Apache + PHP < 5.3.12 / < 5.4.2 - cgi-bin Remote Code Execution,http,80,0,1,CRITICAL,3.9,1
CVE-2012-2311,Apache + PHP < 5.3.12 / < 5.4.2 - cgi-bin Remote Code Execution,http,80,0,1,HIGH,10.0,2
CVE-2012-2336,Apache + PHP < 5.3.12 / < 5.4.2 - cgi-bin Remote Code Execution,http,80,0,1,MEDIUM,10.0,2
CVE-2016-2555,ATutor 2.2.1 - SQL Injection / Remote Code Execution (Metasploit),http,80,0,1,CRITICAL,3.9,2
CVE-2015-7309,CMS Bolt - Arbitrary File Upload (Metasploit),http,80,1,1,MEDIUM,8.0,2
CVE-2019-9692,CMS Made Simple (CMSMS) Showtime2 - File Upload Remote Code Execution (Metasploit),http,80,1,1,MEDIUM,2.8,2
CVE-2018-7600,Drupal < 8.3.9 / < 8.4.6 / < 8.5.1 - 'Drupalgeddon2' Remote Code Execution (Metasploit),http,80,0,1,CRITICAL,3.9,1
CVE-2013-5696,GLPI - 'install.php' Remote Command Execution (Metasploit),http,80,0,1,MEDIUM,8.6,2
CVE-2014-1691,Horde Framework - Unserialize PHP Code Execution (Metasploit),http,80,0,1,HIGH,10.0,2
CVE-2014-3080,IBM GCM16/32 1.20.0.22575 - Multiple Vulnerabilities,https,443,0,1,MEDIUM,8.6,2
CVE-2014-3081,IBM GCM16/32 1.20.0.22575 - Multiple Vulnerabilities,https,443,1,1,MEDIUM,6.8,2
CVE-2014-3085,IBM GCM16/32 1.20.0.22575 - Multiple Vulnerabilities,https,443,1,1,HIGH,3.9,2
CVE-2013-3629,ISPConfig - (Authenticated) Arbitrary PHP Code Execution (Metasploit),http,80,1,1,HIGH,2.8,2
CVE-2015-7297,Joomla! 3.4.4 Component Content History - SQL Injection / Remote Code Execution (Metasploit),http,80,0,1,HIGH,10.0,2
CVE-2015-7857,Joomla! 3.4.4 Component Content History - SQL Injection / Remote Code Execution (Metasploit),http,80,0,1,HIGH,10.0,2
CVE-2015-7858,Joomla! 3.4.4 Component Content History - SQL Injection / Remote Code Execution (Metasploit),http,80,0,1,HIGH,10.0,2
CVE-2014-7228,Joomla! Component Akeeba Kickstart - Unserialize Remote Code Execution (Metasploit),http,80,0,1,HIGH,10.0,2
CVE-2013-5576,Joomla! Component Media Manager - Arbitrary File Upload (Metasploit),http,80,0,1,MEDIUM,8.6,2
CVE-2008-4687,Mantis Bug Tracker 1.1.3 - 'manage_proj_page' PHP Code Execution (Metasploit),http,80,1,1,HIGH,8.0,2
CVE-2014-7146,Mantis Bug Tracker 1.2.0a3 < 1.2.17 XmlImportExport Plugin - PHP Code Injection (Metasploit) (2),http,80,0,1,HIGH,10.0,2
CVE-2013-3631,NAS4Free - Remote Code Execution (Metasploit),http,80,1,1,MEDIUM,6.8,2
CVE-2018-14933,NUUO NVRmini - upgrade_handle.php Remote Command Execution (Metasploit),http,80,0,1,CRITICAL,3.9,1
CVE-2009-4140,Open Flash Chart 2 - Arbitrary File Upload (Metasploit),http,80,0,1,HIGH,10.0,2
CVE-2011-4275,Open Flash Chart 2 - Arbitrary File Upload (Metasploit),http,80,0,1,MEDIUM,8.6,2
CVE-2010-4279,Pandora FMS 3.1 - Authentication Bypass / Arbitrary File Upload (Metasploit),http,80,0,1,HIGH,10.0,2
CVE-2018-12613,phpMyAdmin - (Authenticated) Remote Code Execution (Metasploit),http,80,1,1,HIGH,2.8,2
CVE-2014-9567,ProjectSend - Arbitrary File Upload (Metasploit),http,80,0,1,HIGH,10.0,2
CVE-2014-8684,Seagate Business NAS - Remote Command Execution (Metasploit),http,80,0,1,CRITICAL,3.9,2
CVE-2014-8686,Seagate Business NAS - Remote Command Execution (Metasploit),http,80,0,1,CRITICAL,3.9,2
CVE-2014-8687,Seagate Business NAS - Remote Command Execution (Metasploit),http,80,0,1,CRITICAL,3.9,2
CVE-2008-5191,SePortal 2.5 - SQL Injection / Remote Code Execution (Metasploit),http,80,0,1,HIGH,10.0,2
CVE-2019-10863,TeemIp IPAM < 2.4.0 - 'new_config' Command Injection (Metasploit),http,80,1,1,HIGH,1.2,2
CVE-2014-8791,Tuleap - PHP Unserialize Code Execution (Metasploit),http,80,1,1,MEDIUM,6.8,2
CVE-2017-7411,Tuleap 9.6 - Second-Order PHP Object Injection (Metasploit),https,443,1,1,HIGH,2.8,2
CVE-2014-7236,TWiki Debugenableplugins - Remote Code Execution (Metasploit),http,80,0,1,CRITICAL,3.9,2
CVE-2013-3522,vBulletin 5 - 'index.php/ajax/api/reputation/vote?nodeid' SQL Injection (Metasploit),http,80,1,1,MEDIUM,8.0,2
CVE-2014-2268,Vtiger - 'Install' Remote Command Execution (Metasploit),http,80,0,1,MEDIUM,10.0,2
CVE-2013-3591,vTiger CRM 5.3.0 5.4.0 - (Authenticated) Remote Code Execution (Metasploit),http,80,1,1,HIGH,2.8,2
CVE-2013-3214,vTiger CRM 5.4.0 SOAP - AddEmailAttachment Arbitrary File Upload (Metasploit),http,80,0,1,CRITICAL,3.9,2
CVE-2015-6567,Wolf CMS 0.8.2 - Arbitrary File Upload (Metasploit),http,80,1,1,HIGH,2.8,2
CVE-2015-6568,Wolf CMS 0.8.2 - Arbitrary File Upload (Metasploit),http,80,1,1,HIGH,2.8,2
CVE-2019-8942,WordPress Core 5.0.0 - Crop-image Shell Upload (Metasploit),http,80,1,1,HIGH,2.8,2
CVE-2019-8943,WordPress Core 5.0.0 - Crop-image Shell Upload (Metasploit),http,80,1,1,MEDIUM,2.8,2
CVE-2014-8739,WordPress Plugin Creative Contact Form - Arbitrary File Upload (Metasploit),http,80,0,1,CRITICAL,3.9,2
CVE-2014-6446,WordPress Plugin InfusionSoft - Arbitrary File Upload (Metasploit),http,80,0,1,HIGH,10.0,2
CVE-2014-4725,WordPress Plugin MailPoet Newsletters 2.6.8 - 'wysija-newsletters' Arbitrary File Upload (Metasploit),http,80,0,1,HIGH,10.0,2
CVE-2015-4133,WordPress Plugin Reflex Gallery - Arbitrary File Upload (Metasploit),http,80,0,1,HIGH,10.0,2
CVE-2014-9735,WordPress Plugin RevSlider 3.0.95 - Arbitrary File Upload / Execution (Metasploit),http,80,0,1,HIGH,10.0,2
CVE-2014-10021,WordPress Plugin WP Symposium 14.11 - Arbitrary File Upload (Metasploit),http,80,0,1,HIGH,10.0,2
CVE-2014-8998,X7 Chat 2.0.5 - 'message.php' PHP Code Execution (Metasploit),http,80,1,1,MEDIUM,8.0,2
CVE-2019-14221,1CRM On-Premise Software 8.5.7 - Persistent Cross-Site Scripting,http,80,1,1,MEDIUM,2.3,2
CVE-2019-11374,74CMS 5.0.1 - Cross-Site Request Forgery (Add New Admin User),http,80,0,1,HIGH,2.8,2
CVE-2014-9434,Absolut Engine 1.73 - Multiple Vulnerabilities,http,80,1,1,LOW,6.8,3
CVE-2014-9435,Absolut Engine 1.73 - Multiple Vulnerabilities,http,80,1,1,MEDIUM,8.0,2
CVE-2017-16949,Accesspress Anonymous Post Pro < 3.2.0 - Arbitrary File Upload,http,80,0,1,CRITICAL,3.9,2
CVE-2015-1058,AdaptCMS 3.0.3 - Multiple Vulnerabilities,http,80,0,1,MEDIUM,8.6,2
CVE-2015-1059,AdaptCMS 3.0.3 - Multiple Vulnerabilities,http,80,1,1,MEDIUM,8.0,2
CVE-2015-1060,AdaptCMS 3.0.3 - Multiple Vulnerabilities,http,80,0,1,MEDIUM,8.6,2
CVE-2018-19877,Adiscon LogAnalyzer < 4.1.7 - Cross-Site Scripting,http,80,0,1,MEDIUM,2.8,2
CVE-2019-14346,Adive Framework 2.0.7 - Cross-Site Request Forgery,http,80,0,1,HIGH,2.8,2
CVE-2017-17602,Advance B2B Script 2.1.3 - 'show_id' / 'pid' SQL Injection,http,80,0,1,CRITICAL,3.9,2
CVE-2017-17599,Advance Online Learning Management Script 3.1 - 'subcatid' / 'popcourseid' SQL Injection,http,80,0,1,CRITICAL,3.9,2
CVE-2018-18619,Advanced Comment System 1.0 - SQL Injection,http,80,0,1,CRITICAL,3.9,2
CVE-2017-17598,Affiliate MLM Script 1.0 - 'product-category.php?key' SQL Injection,http,80,0,1,CRITICAL,3.9,2
CVE-2014-5383,Alienvault Open Source SIEM (OSSIM) 4.6.1 - (Authenticated) SQL Injection (Metasploit),https,443,1,1,MEDIUM,8.0,2
CVE-2013-6058,appRain 3.0.2 - Blind SQL Injection,http,80,0,1,HIGH,10.0,2
CVE-2015-6519,Arab Portal 3 - SQL Injection,http,80,0,1,HIGH,10.0,2
CVE-2014-4170,ArticleFR 11.06.2014 - 'data.php' Privilege Escalation,http,80,0,1,CRITICAL,3.9,2
CVE-2015-5529,ArticleFR 3.0.6 - Multiple Vulnerabilities,http,80,0,1,MEDIUM,8.6,2
CVE-2015-5530,ArticleFR 3.0.6 - Multiple Vulnerabilities,http,80,0,1,MEDIUM,8.6,2
CVE-2014-1401,AuraCMS 2.3 - Multiple Vulnerabilities,http,80,1,1,MEDIUM,8.0,2
CVE-2013-2945,b2evolution 4.1.6 - Multiple Vulnerabilities,http,80,1,1,MEDIUM,8.0,2
CVE-2014-8295,Bacula-Web 5.2.10 - 'joblogs.php?jobid' SQL Injection,http,80,0,1,HIGH,10.0,2
CVE-2018-18804,Bakeshop Inventory System in VB.Net and MS Access Database 1.0 - SQL Injection,http,80,0,1,CRITICAL,3.9,2
CVE-2017-17600,Basic B2B Script 2.0.8 - 'product_details.php?id' SQL Injection,http,80,0,1,CRITICAL,3.9,2
CVE-2017-17595,Beauty Parlour Booking Script 1.0 - 'gender' / 'city' SQL Injection,http,80,0,1,CRITICAL,3.9,2
CVE-2015-6809,Bedita 3.5.1 - Cross-Site Scripting,http,80,0,1,MEDIUM,8.6,2
CVE-2018-12739,BEESCMS 4.0 - Cross-Site Request Forgery (Add Admin),http,80,0,1,HIGH,2.8,2
CVE-2015-2780,Berta CMS - Arbitrary File Upload,http,80,0,1,CRITICAL,3.9,2
CVE-2018-18308,BigTree CMS 4.2.23 - Cross-Site Scripting,http,80,0,1,MEDIUM,2.8,2
CVE-2015-8358,Bitrix bitrix.mpbuilder Module 1.0.10 - Local File Inclusion,http,80,1,1,HIGH,8.0,2
CVE-2015-8357,Bitrix bitrix.xscan Module 1.0.3 - Directory Traversal,http,80,1,1,MEDIUM,8.0,2
CVE-2015-5079,BlackCat CMS 1.1.1 - Arbitrary File Download,http,80,0,1,HIGH,3.9,2
CVE-2018-1000811,bludit Pages Editor 3.0.0 - Arbitrary File Upload,http,80,1,1,HIGH,2.8,2
CVE-2018-9206,Blueimp's jQuery File Upload 9.22.0 - Arbitrary File Upload Exploit,http,80,0,1,CRITICAL,3.9,2
CVE-2019-9553,Bolt CMS 3.6.4 - Cross-Site Scripting,http,80,0,1,MEDIUM,2.8,2
CVE-2019-10874,Bolt CMS 3.6.6 - Cross-Site Request Forgery / Remote Code Execution,http,80,0,1,HIGH,2.8,2
CVE-2018-19933,Bolt CMS < 3.6.2 - Cross-Site Scripting,http,80,0,1,MEDIUM,2.8,2
CVE-2019-9581,Booked Scheduler 2.7.5 - Remote Command Execution (Metasploit),http,80,1,1,HIGH,2.8,2
CVE-2014-4035,BSI Advance Hotel Booking System 2.0 - 'booking_details.php Persistent Cross-Site Scripting,http,80,0,1,MEDIUM,8.6,2
CVE-2013-7137,Burden 1.8 - Authentication Bypass,http,80,0,1,CRITICAL,3.9,2
CVE-2016-4793,CakePHP Framework 3.2.4 - IP Spoofing,http,80,0,1,HIGH,3.9,2
CVE-2014-8305,Cart Engine 3.0 - Multiple Vulnerabilities,http,80,0,1,MEDIUM,10.0,2
CVE-2014-8306,Cart Engine 3.0 - Multiple Vulnerabilities,http,80,0,1,HIGH,10.0,2
CVE-2014-8307,Cart Engine 3.0 - Multiple Vulnerabilities,http,80,0,1,MEDIUM,8.6,2
CVE-2015-1560,Centreon 2.5.4 - Multiple Vulnerabilities,http,80,0,1,HIGH,10.0,2
CVE-2015-1561,Centreon 2.5.4 - Multiple Vulnerabilities,http,80,1,1,MEDIUM,8.0,2
CVE-2015-6545,Cerb 7.0.3 - Cross-Site Request Forgery,http,80,0,1,MEDIUM,8.6,2
CVE-2013-6787,Chamilo Lms 1.9.6 - 'profile.php?password' SQL Injection,http,80,1,1,MEDIUM,6.8,2
CVE-2015-8309,Cherry Music 0.35.1 - Arbitrary File Disclosure,http,80,1,1,MEDIUM,2.8,2
CVE-2015-4659,ClickHeat 1.14 - Cross-Site Request Forgery (Change Admin Password),http,80,0,1,MEDIUM,8.6,2
CVE-2015-2102,Clipbucket 2.7 RC3 0.9 - Blind SQL Injection,http,80,0,1,HIGH,10.0,2
CVE-2018-19135,ClipperCMS 1.3.3 - Cross-Site Request Forgery (File Upload),http,80,0,1,HIGH,2.8,2
CVE-2016-2784,CMS Made Simple < 1.12.1 / < 2.1.3 - Web Server Cache Poisoning,http,80,0,1,MEDIUM,1.6,2
CVE-2019-9692,CMS Made Simple Showtime2 Module 3.6.2 - (Authenticated) Arbitrary File Upload,http,80,1,1,MEDIUM,2.8,2
CVE-2014-9522,CMS Papoo 6.0.0 Rev. 4701 - Persistent Cross-Site Scripting,http,80,0,1,MEDIUM,8.6,2
CVE-2018-8057,Cobub Razor 0.8.0 - SQL injection,http,80,0,1,CRITICAL,3.9,2
CVE-2018-9302,Cockpit CMS 0.4.4 < 0.5.5 - Server-Side Request Forgery,http,80,0,1,CRITICAL,3.9,2
CVE-2014-9581,Codiad 2.4.3 - Multiple Vulnerabilities,http,80,0,1,MEDIUM,10.0,2
CVE-2014-9582,Codiad 2.4.3 - Multiple Vulnerabilities,http,80,0,1,MEDIUM,8.6,2
CVE-2014-9261,CodoForum 2.5.1 - Arbitrary File Download,http,80,0,1,MEDIUM,10.0,2
CVE-2013-6872,Collabtive 1.1 - 'managetimetracker.php' SQL Injection,http,80,1,1,MEDIUM,8.0,2
CVE-2018-20418,Craft CMS 3.0.25 - Cross-Site Scripting,http,80,1,1,MEDIUM,1.7,2
CVE-2019-9554,Craft CMS 3.1.12 Pro - Cross-Site Scripting,http,80,0,1,MEDIUM,2.8,2
CVE-2013-2639,CTERA 3.2.29.0/3.2.42.0 - Persistent Cross-Site Scripting,http,80,0,1,MEDIUM,8.6,2
CVE-2014-1619,Cubic CMS - Multiple Vulnerabilities,http,80,0,1,HIGH,10.0,2
CVE-2018-18803,Curriculum Evaluation System 1.0 - SQL Injection,http,80,0,1,CRITICAL,3.9,2
CVE-2006-4077,Cwfm 0.9.1 - 'Language' Remote File Inclusion,http,80,0,1,HIGH,10.0,2
CVE-2014-8997,Digi Online Examination System 2.0 - Unrestricted Arbitrary File Upload,http,80,0,1,HIGH,10.0,2
CVE-2013-6881,Ditto Forensic FieldStation 2013Oct15a - Multiple Vulnerabilities,http,80,0,1,HIGH,10.0,2
CVE-2013-6882,Ditto Forensic FieldStation 2013Oct15a - Multiple Vulnerabilities,http,80,0,1,MEDIUM,8.6,2
CVE-2013-6883,Ditto Forensic FieldStation 2013Oct15a - Multiple Vulnerabilities,http,80,0,1,MEDIUM,8.6,2
CVE-2013-6884,Ditto Forensic FieldStation 2013Oct15a - Multiple Vulnerabilities,http,80,0,1,HIGH,10.0,2
CVE-2013-6341,Dokeos 2.2 RC2 - 'index.php?language' SQL Injection,http,80,0,1,HIGH,10.0,2
CVE-2018-10094,Dolibarr ERP/CRM 7.0.0 - (Authenticated) SQL Injection,http,80,0,1,CRITICAL,3.9,2
CVE-2018-19799,Dolibarr ERP/CRM 8.0.3 - Cross-Site Scripting,http,80,0,1,MEDIUM,2.8,2
CVE-2018-19914,DomainMOD 4.11.01 - 'assets/add/dns.php' Cross-Site Scripting,http,80,1,1,MEDIUM,1.7,2
CVE-2018-19915,DomainMOD 4.11.01 - 'assets/edit/host.php?whid=5' Cross-Site Scripting,http,80,1,1,MEDIUM,1.7,2
CVE-2018-20011,DomainMOD 4.11.01 - 'category.php CatagoryName_ StakeHolder' Cross-Site Scripting,http,80,1,1,MEDIUM,1.7,2
CVE-2018-19136,DomainMOD 4.11.01 - 'raid' Cross-Site Scripting,http,80,0,1,MEDIUM,2.8,2
CVE-2018-20010,DomainMOD 4.11.01 - 'ssl-accounts.php username' Cross-Site Scripting,http,80,1,1,MEDIUM,1.7,2
CVE-2018-19913,DomainMOD 4.11.01 - Cross-Site Scripting,http,80,1,1,MEDIUM,1.7,2
CVE-2018-19750,DomainMOD 4.11.01 - Custom Domain Fields Cross-Site Scripting,http,80,1,1,MEDIUM,2.3,2
CVE-2018-19751,DomainMOD 4.11.01 - Custom SSL Fields Cross-Site Scripting,http,80,1,1,MEDIUM,1.7,2
CVE-2018-19749,DomainMOD 4.11.01 - Owner name Field Cross-Site Scripting,http,80,1,1,MEDIUM,1.7,2
CVE-2018-19752,DomainMOD 4.11.01 - Registrar Cross-Site Scripting,http,80,1,1,MEDIUM,1.7,2
CVE-2017-17594,DomainSale PHP Script 1.0 - 'id' SQL Injection,http,80,0,1,CRITICAL,3.9,2
CVE-2014-2383,dompdf 0.6.0 - 'dompdf.php?read' Arbitrary File Read,http,80,0,1,MEDIUM,8.6,2
CVE-2014-1459,doorGets CMS 5.2 - SQL Injection,http,80,1,1,MEDIUM,8.0,2
CVE-2017-5344,dotCMS 3.6.1 - Blind Boolean SQL Injection,http,80,0,1,CRITICAL,3.9,2
CVE-2014-3704,Drupal 7.0 < 7.31 - 'Drupalgeddon' SQL Injection (Admin Session),https,443,0,1,HIGH,10.0,2
CVE-2014-3704,Drupal 7.0 < 7.31 - 'Drupalgeddon' SQL Injection (Remote Code Execution),https,443,0,1,HIGH,10.0,2
CVE-2018-7600,Drupal < 7.58 / < 8.3.9 / < 8.4.6 / < 8.5.1 - 'Drupalgeddon2' Remote Code Execution,http,80,0,1,CRITICAL,3.9,1
CVE-2019-6340,Drupal < 8.6.10 / < 8.5.11 - REST Module Remote Code Execution,http,80,0,1,HIGH,2.2,1
CVE-2018-18801,E-Negosyo System 1.0 - SQL Injection,http,80,0,1,CRITICAL,3.9,2
CVE-2004-2262,e107 - 'include()' Remote File Upload,http,80,0,1,HIGH,10.0,2
CVE-2019-9622,eBrigade ERP 4.5 - Arbitrary File Download,http,80,1,1,MEDIUM,2.8,2
CVE-2014-4033,eFront 3.6.14.4 - 'surname' Persistent Cross-Site Scripting,http,80,0,1,MEDIUM,8.6,2
CVE-2014-2987,eGroupWare 1.8.006 - Multiple Vulnerabilities,http,80,0,1,MEDIUM,8.6,2
CVE-2018-18417,Ekushey Project Manager CRM 3.1 - Cross-Site Scripting,http,80,1,1,MEDIUM,2.3,2
CVE-2019-9194,elFinder 2.1.47 - 'PHP connector' Command Injection,http,80,0,1,CRITICAL,3.9,2
CVE-2014-7176,Enalean Tuleap 7.2 - XML External Entity File Disclosure,http,80,1,1,MEDIUM,8.0,2
CVE-2014-7177,Enalean Tuleap 7.2 - XML External Entity File Disclosure,http,80,1,1,MEDIUM,8.0,2
CVE-2014-7176,Enalean Tuleap 7.4.99.5 - Blind SQL Injection,http,80,1,1,MEDIUM,8.0,2
CVE-2014-7178,Enalean Tuleap 7.4.99.5 - Remote Command Execution,http,80,0,1,HIGH,8.6,2
CVE-2015-2070,eTouch SamePage 4.4.0.0.239 - Multiple Vulnerabilities,http,80,0,1,HIGH,10.0,2
CVE-2015-2071,eTouch SamePage 4.4.0.0.239 - Multiple Vulnerabilities,http,80,1,1,MEDIUM,8.0,2
CVE-2014-8690,Exponent CMS 2.3.1 - Multiple Cross-Site Scripting Vulnerabilities,http,80,0,1,MEDIUM,8.6,2
CVE-2016-7400,Exponent CMS 2.3.9 - Blind SQL Injection,http,80,0,1,CRITICAL,3.9,2
CVE-2017-17615,Facebook Clone Script 1.0 - 'id' / 'send' SQL Injection,http,80,1,1,HIGH,2.8,2
CVE-2015-6962,FAROL - SQL Injection,http,80,0,1,HIGH,10.0,2
CVE-2015-1371,ferretCMS 1.0.4-alpha - Multiple Vulnerabilities,http,80,0,1,HIGH,10.0,2
CVE-2015-1372,ferretCMS 1.0.4-alpha - Multiple Vulnerabilities,http,80,0,1,HIGH,10.0,2
CVE-2015-1373,ferretCMS 1.0.4-alpha - Multiple Vulnerabilities,http,80,0,1,MEDIUM,8.6,2
CVE-2015-1374,ferretCMS 1.0.4-alpha - Multiple Vulnerabilities,http,80,0,1,MEDIUM,8.6,2
CVE-2015-4677,FiverrScript - Cross-Site Request Forgery (Add Admin),http,80,0,1,MEDIUM,8.6,2
CVE-2014-1222,Fiyo CMS 2.0.1.8 - Multiple Vulnerabilities,http,80,1,1,MEDIUM,8.0,2
CVE-2014-9145,Fiyo CMS 2.0.1.8 - Multiple Vulnerabilities,http,80,0,1,HIGH,10.0,2
CVE-2014-9146,Fiyo CMS 2.0.1.8 - Multiple Vulnerabilities,http,80,0,1,MEDIUM,8.6,2
CVE-2014-9147,Fiyo CMS 2.0.1.8 - Multiple Vulnerabilities,http,80,0,1,HIGH,3.9,2
CVE-2014-9148,Fiyo CMS 2.0.1.8 - Multiple Vulnerabilities,http,80,0,1,CRITICAL,3.9,2
CVE-2015-3934,Fiyo CMS 2.0_1.9.1 - SQL Injection,http,80,0,1,CRITICAL,3.9,2
CVE-2019-13396,FlightPath < 4.8.2 / < 5.0-rc2 - Local File Inclusion,http,80,0,1,MEDIUM,3.9,2
CVE-2017-17614,Food Order Script 1.0 - 'list?city' SQL Injection,http,80,0,1,CRITICAL,3.9,2
CVE-2017-17617,Foodspotting Clone Script 1.0 - 'quicksearch.php?q' SQL Injection,http,80,0,1,CRITICAL,3.9,2
CVE-2015-1467,Fork CMS 3.8.5 - SQL Injection,http,80,0,1,HIGH,10.0,2
CVE-2017-17613,Freelance Website Script 2.0.6 - 'pr_id' / 'catid' SQL Injection,http,80,0,1,CRITICAL,3.9,2
CVE-2014-1903,FreePBX 2.11.0 - Remote Command Execution,http,80,0,1,HIGH,10.0,2
CVE-2015-6512,FreiChat 9.6 - SQL Injection,http,80,0,1,MEDIUM,10.0,2
CVE-2018-19782,FreshRSS 1.11.1 - Cross-Site Scripting,http,80,0,1,MEDIUM,2.8,2
CVE-2018-20448,Frog CMS 0.9.5 - Cross-Site Scripting,http,80,1,1,MEDIUM,2.3,2
CVE-2018-10321,Frog CMS 0.9.5 - Persistent Cross-Site Scripting,http,80,1,1,MEDIUM,1.7,2
CVE-2017-17572,FS Amazon Clone 1.0 - SQL Injection,http,80,0,1,CRITICAL,3.9,2
CVE-2017-17574,FS Care Clone 1.0 - 'jobFrequency' / 'jobType' SQL Injection,http,80,0,1,CRITICAL,3.9,2
CVE-2017-17578,FS Crowdfunding Script 1.0 - 'latest_news_details.php?id' SQL Injection,http,80,0,1,CRITICAL,3.9,2
CVE-2017-17573,FS Ebay Clone 1.0 - 'id' / 'sub_category_id' / 'category_id' SQL Injection,http,80,0,1,CRITICAL,3.9,2
CVE-2017-17570,FS Expedia Clone 1.0 - 'fl_orig' / 'fl_dest' / 'id' SQL Injection,http,80,0,1,CRITICAL,3.9,2
CVE-2017-17571,FS Foodpanda Clone 1.0 - SQL Injection,http,80,0,1,CRITICAL,3.9,2
CVE-2017-17579,FS Freelancer Clone 1.0 - 'profile.php?u' SQL Injection,http,80,0,1,CRITICAL,3.9,2
CVE-2017-17576,FS Gigs Script 1.0 - 'cat' / 'sc' SQL Injection,http,80,0,1,CRITICAL,3.9,2
CVE-2017-17575,FS Groupon Clone 1.0 - 'id' SQL Injection,http,80,0,1,CRITICAL,3.9,2
CVE-2017-17582,FS Grubhub Clone 1.0 - 'keywords' SQL Injection,http,80,0,1,CRITICAL,3.9,2
CVE-2017-17588,FS IMDB Clone 1.0 - 'f' / 's' / 'id' SQL Injection,http,80,0,1,CRITICAL,3.9,2
CVE-2017-17587,FS Indiamart Clone 1.0 - 'token' / 'id' / 'c' SQL Injection,http,80,0,1,CRITICAL,3.9,2
CVE-2017-17580,FS Linkedin Clone 1.0 - 'grid' / 'fid' / 'id' SQL Injection,http,80,0,1,CRITICAL,3.9,2
CVE-2017-17584,FS Makemytrip Clone 1.0 - 'fl_orig' / 'fl_dest' SQL Injection,http,80,0,1,CRITICAL,3.9,2
CVE-2017-17585,FS Monster Clone 1.0 - 'Employer_Details.php?id' SQL Injection,http,80,0,1,CRITICAL,3.9,2
CVE-2017-17586,FS Olx Clone 1.0 - 'scat' / 'pid' SQL Injection,http,80,0,1,CRITICAL,3.9,2
CVE-2017-17581,FS Quibids Clone 1.0 - SQL Injection,http,80,0,1,CRITICAL,3.9,2
CVE-2017-17583,FS Shutterstock Clone 1.0 - 'keywords' SQL Injection,http,80,0,1,CRITICAL,3.9,2
CVE-2017-17590,FS Stackoverflow Clone 1.0 - 'keywords' SQL Injection,http,80,0,1,CRITICAL,3.9,2
CVE-2017-17589,FS Thumbtack Clone 1.0 - 'cat' / 'sc' SQL Injection,http,80,0,1,CRITICAL,3.9,2
CVE-2017-17577,FS Trademe Clone 1.0 - 'search' / 'id' SQL Injection,http,80,0,1,CRITICAL,3.9,2
CVE-2014-100029,GDL 4.2 - Multiple Vulnerabilities,http,80,0,1,MEDIUM,10.0,2
CVE-2014-100030,GDL 4.2 - Multiple Vulnerabilities,http,80,0,1,MEDIUM,8.6,2
CVE-2014-100031,GDL 4.2 - Multiple Vulnerabilities,http,80,0,1,HIGH,10.0,2
CVE-2015-1422,Gecko CMS 2.3 - Multiple Vulnerabilities,http,80,0,1,MEDIUM,8.6,2
CVE-2015-1423,Gecko CMS 2.3 - Multiple Vulnerabilities,http,80,1,1,MEDIUM,8.0,2
CVE-2015-1424,Gecko CMS 2.3 - Multiple Vulnerabilities,http,80,0,1,MEDIUM,8.6,2
CVE-2015-2678,GeniXCMS 0.0.1 - Multiple Vulnerabilities,http,80,0,1,MEDIUM,8.6,2
CVE-2015-2679,GeniXCMS 0.0.1 - Multiple Vulnerabilities,http,80,0,1,HIGH,10.0,2
CVE-2015-2680,GeniXCMS 0.0.1 - Multiple Vulnerabilities,http,80,0,1,MEDIUM,8.6,2
CVE-2015-3933,GeniXCMS 0.0.3 - 'register.php' SQL Injection,http,80,0,1,CRITICAL,3.9,2
CVE-2015-3221,GeniXCMS 0.0.3 - Cross-Site Scripting,http,80,1,1,MEDIUM,8.0,2
CVE-2015-5066,GeniXCMS 0.0.3 - Cross-Site Scripting,http,80,0,1,MEDIUM,8.6,2
CVE-2006-3823,GeoCore MAX DB Ver. 7.3.3 - Blind SQL Injection,http,80,0,1,MEDIUM,4.9,2
CVE-2014-3871,GeoCore MAX DB Ver. 7.3.3 - Blind SQL Injection,http,80,0,1,HIGH,10.0,2
CVE-2019-9647,Gila CMS 1.9.1 - Cross-Site Scripting,http,80,0,1,MEDIUM,2.8,2
CVE-2018-15845,Gleez CMS 1.2.0 - Cross-Site Request Forgery (Add Admin),https,443,0,1,HIGH,2.8,2
CVE-2013-5640,Gnew 2013.1 - Multiple Vulnerabilities (1),http,80,0,1,HIGH,10.0,2
CVE-2013-7349,Gnew 2013.1 - Multiple Vulnerabilities (1),http,80,0,1,HIGH,10.0,2
CVE-2013-7368,Gnew 2013.1 - Multiple Vulnerabilities (1),http,80,0,1,MEDIUM,8.6,2
CVE-2013-5639,Gnew 2013.1 - Multiple Vulnerabilities (2),http,80,0,1,HIGH,10.0,2
CVE-2013-5640,Gnew 2013.1 - Multiple Vulnerabilities (2),http,80,0,1,HIGH,10.0,2
CVE-2013-7349,Gnew 2013.1 - Multiple Vulnerabilities (2),http,80,0,1,HIGH,10.0,2
CVE-2015-2842,GoAutoDial CE 3.3-1406088000 - Authentication Bypass / Arbitrary File Upload / Command Injection,http,80,0,1,HIGH,10.0,2
CVE-2015-2843,GoAutoDial CE 3.3-1406088000 - Authentication Bypass / Arbitrary File Upload / Command Injection,http,80,0,1,HIGH,10.0,2
CVE-2015-2844,GoAutoDial CE 3.3-1406088000 - Authentication Bypass / Arbitrary File Upload / Command Injection,http,80,0,1,HIGH,10.0,2
CVE-2015-2845,GoAutoDial CE 3.3-1406088000 - Authentication Bypass / Arbitrary File Upload / Command Injection,http,80,0,1,HIGH,10.0,2
CVE-2014-9445,GQ File Manager 0.2.5 - Multiple Vulnerabilities,http,80,0,1,HIGH,10.0,2
CVE-2015-3203,h5ai < 0.25.0 - Unrestricted Arbitrary File Upload,http,80,0,1,HIGH,10.0,2
CVE-2015-7984,Horde Groupware 5.2.10 - Cross-Site Request Forgery,http,80,0,1,MEDIUM,8.6,2
CVE-2013-6275,Horde Groupware Web Mail Edition 5.1.2 - Cross-Site Request Forgery (1),http,80,0,1,MEDIUM,2.8,2
CVE-2013-6364,Horde Groupware Web Mail Edition 5.1.2 - Cross-Site Request Forgery (2),http,80,0,1,HIGH,2.8,2
CVE-2013-7139,Horizon QCMS 4.0 - Multiple Vulnerabilities,http,80,0,1,HIGH,10.0,2
CVE-2017-17612,Hot Scripts Clone 3.1 - 'subctid' / 'mctid' SQL Injection,http,80,0,1,CRITICAL,3.9,2
CVE-2019-8937,HotelDruid 2.3 - Cross-Site Scripting,http,80,0,1,MEDIUM,2.8,2
CVE-2019-11564,HumHub 1.3.12 - Cross-Site Scripting,http,80,0,1,MEDIUM,2.8,2
CVE-2019-6965,i-doit 1.12 - 'qr.php' Cross-Site Scripting,http,80,0,1,MEDIUM,2.8,2
CVE-2014-1944,Ilch CMS 2.0 - Persistent Cross-Site Scripting,http,80,0,1,MEDIUM,8.6,2
CVE-2014-2088,ILIAS 4.4.1 - Multiple Vulnerabilities,http,80,1,1,MEDIUM,8.0,2
CVE-2014-2089,ILIAS 4.4.1 - Multiple Vulnerabilities,http,80,0,1,MEDIUM,8.6,2
CVE-2014-2090,ILIAS 4.4.1 - Multiple Vulnerabilities,http,80,1,1,LOW,6.8,3
CVE-2014-1836,ImpressCMS 1.3.5 - Multiple Vulnerabilities,http,80,0,1,MEDIUM,10.0,2
CVE-2014-9001,Incredible PBX 2.0.6.5.0 - Remote Command Execution,http,80,1,1,MEDIUM,8.0,2
CVE-2013-6839,InstantCMS 1.10.3 - Blind SQL Injection,http,80,0,1,HIGH,10.0,2
CVE-2018-19828,Integria IMS 5.0.83 - 'search_string' Cross-Site Scripting,http,80,0,1,MEDIUM,2.8,2
CVE-2018-19829,Integria IMS 5.0.83 - Cross-Site Request Forgery,http,80,0,1,MEDIUM,2.8,2
CVE-2014-2531,InterWorx Control Panel 5.0.13 build 574 - 'xhr.php?i' SQL Injection,http,80,1,1,MEDIUM,8.0,2
CVE-2016-6174,IPS Community Suite 4.1.12.3 - PHP Code Injection,http,80,0,1,HIGH,2.2,2
CVE-2015-4118,ISPConfig 3.0.5.4p6 - Multiple Vulnerabilities,https,443,1,1,MEDIUM,8.0,2
CVE-2015-4119,ISPConfig 3.0.5.4p6 - Multiple Vulnerabilities,https,443,0,1,MEDIUM,8.6,2
CVE-2015-8562,Joomla! 1.5 < 3.4.6 - Object Injection 'x-forwarded-for' Header Remote Code Execution,http,80,0,1,HIGH,10.0,2
CVE-2015-8566,Joomla! 1.5 < 3.4.6 - Object Injection 'x-forwarded-for' Header Remote Code Execution,http,80,0,1,HIGH,10.0,2
CVE-2011-4906,Joomla! 1.5.12 TinyMCE - Remote Code Execution (via Arbitrary File Upload),http,80,0,1,CRITICAL,3.9,2
CVE-2016-8869,Joomla! 3.4.4 < 3.6.4 - Account Creation / Privilege Escalation,http,80,0,1,CRITICAL,3.9,2
CVE-2016-8870,Joomla! 3.4.4 < 3.6.4 - Account Creation / Privilege Escalation,http,80,0,1,HIGH,2.2,2
CVE-2017-8917,Joomla! 3.7.0 - 'com_fields' SQL Injection,http,80,0,1,CRITICAL,3.9,2
CVE-2018-9107,Joomla! Component Acymailing Starter 5.9.5 - CSV Macro Injection,http,80,0,1,HIGH,2.8,2
CVE-2018-9106,Joomla! Component AcySMS 3.5.0 - CSV Macro Injection,http,80,0,1,HIGH,2.8,2
CVE-2018-5982,Joomla! Component Advertisement Board 3.1.0 - 'catname' SQL Injection,http,80,0,1,CRITICAL,3.9,2
CVE-2018-5993,Joomla! Component Aist 2.0 - 'id' SQL Injection,http,80,0,1,CRITICAL,3.9,2
CVE-2018-5990,Joomla! Component AllVideos Reloaded 1.2.x - 'divid' SQL Injection,http,80,0,1,CRITICAL,3.9,2
CVE-2018-17397,Joomla! Component AlphaIndex Dictionaries 1.0 - SQL Injection,http,80,0,1,CRITICAL,3.9,2
CVE-2018-17380,Joomla! Component Article Factory Manager 4.3.9 - SQL Injection,http,80,0,1,CRITICAL,3.9,2
CVE-2018-5989,Joomla! Component ccNewsletter 2.x.x 'id' - SQL Injection,http,80,0,1,CRITICAL,3.9,2
CVE-2018-17383,Joomla! Component Collection Factory 4.1.9 - SQL Injection,http,80,0,1,CRITICAL,3.9,2
CVE-2018-14592,Joomla! Component CW Article Attachments 1.0.6 - 'id' SQL Injection,http,80,0,1,CRITICAL,3.9,2
CVE-2018-6584,Joomla! Component DT Register 3.2.7 - 'id' SQL Injection,http,80,0,1,CRITICAL,3.9,2
CVE-2015-2562,Joomla! Component ECommerce-WD 1.2.5 - SQL Injection,http,80,0,1,HIGH,10.0,2
CVE-2018-6373,Joomla! Component Fastball 2.5 - 'season' SQL Injection,http,80,0,1,CRITICAL,3.9,2
CVE-2018-6004,Joomla! Component File Download Tracker 3.0 - SQL Injection,http,80,0,1,CRITICAL,3.9,2
CVE-2018-5991,Joomla! Component Form Maker 3.6.12 - SQL Injection,http,80,0,1,CRITICAL,3.9,2
CVE-2018-5981,Joomla! Component Gallery WD 1.3.6 - SQL Injection,http,80,0,1,CRITICAL,3.9,2
CVE-2018-6396,Joomla! Component Google Map Landkarten 4.2.3 - SQL Injection,http,80,0,1,CRITICAL,3.9,2
CVE-2015-4071,Joomla! Component Helpdesk Pro < 1.4.0 - Multiple Vulnerabilities,http,80,0,1,MEDIUM,3.9,2
CVE-2015-4072,Joomla! Component Helpdesk Pro < 1.4.0 - Multiple Vulnerabilities,http,80,1,1,MEDIUM,2.3,2
CVE-2015-4073,Joomla! Component Helpdesk Pro < 1.4.0 - Multiple Vulnerabilities,http,80,0,1,CRITICAL,3.9,2
CVE-2015-4074,Joomla! Component Helpdesk Pro < 1.4.0 - Multiple Vulnerabilities,http,80,0,1,HIGH,3.9,2
CVE-2015-4075,Joomla! Component Helpdesk Pro < 1.4.0 - Multiple Vulnerabilities,http,80,0,1,HIGH,2.2,2
CVE-2018-6394,Joomla! Component InviteX 3.0.5 - 'invite_type' SQL Injection,http,80,0,1,CRITICAL,3.9,2
CVE-2018-6372,Joomla! Component JB Bus 2.3 - 'order_number' SQL Injection,http,80,0,1,CRITICAL,3.9,2
CVE-2017-17870,Joomla! Component JBuildozer 1.4.1 - 'appid' SQL Injection,http,80,0,1,CRITICAL,3.9,2
CVE-2018-5970,Joomla! Component jGive 2.0.9 - SQL Injection,http,80,0,1,CRITICAL,3.9,2
CVE-2018-17382,Joomla! Component Jobs Factory 2.0.4 - SQL Injection,http,80,0,1,CRITICAL,3.9,2
CVE-2018-6368,Joomla! Component JomEstate PRO 3.7 - 'id' SQL Injection,http,80,0,1,CRITICAL,3.9,2
CVE-2018-5983,Joomla! Component JquickContact 1.3.2.2.1 - SQL Injection,http,80,0,1,CRITICAL,3.9,2
CVE-2018-6006,Joomla! Component JS Autoz 1.0.9 - SQL Injection,http,80,0,1,CRITICAL,3.9,2
CVE-2018-5994,Joomla! Component JS Jobs 1.1.9 - SQL Injection,http,80,0,1,CRITICAL,3.9,2
CVE-2018-6585,Joomla! Component JTicketing 2.0.16 - SQL Injection,http,80,0,1,CRITICAL,3.9,2
CVE-2014-0794,Joomla! Component JV Comment 3.0.2 - 'id' SQL Injection,http,80,0,1,MEDIUM,8.6,2
CVE-2014-0793,Joomla! Component Komento 1.7.2 - Persistent Cross-Site Scripting,http,80,0,1,MEDIUM,8.6,2
CVE-2017-16356,Joomla! Component Kubik-Rubik Simple Image Gallery Extended (SIGE) 3.2.3 - Cross-Site Scripting,http,80,0,1,MEDIUM,2.8,2
CVE-2018-5971,Joomla! Component MediaLibrary Free 4.0.12 - SQL Injection,http,80,0,1,CRITICAL,3.9,2
CVE-2018-17375,Joomla! Component Music Collection 3.0.3 - SQL Injection,http,80,0,1,CRITICAL,3.9,2
CVE-2018-6370,Joomla! Component NeoRecruit 4.1 - SQL Injection,http,80,0,1,CRITICAL,3.9,2
CVE-2018-17378,Joomla! Component Penny Auction Factory 2.0.4 - SQL Injection,http,80,0,1,CRITICAL,3.9,2
CVE-2018-6024,Joomla! Component Project Log 1.5.3 - 'search' SQL Injection,http,80,0,1,CRITICAL,3.9,2
CVE-2018-17377,Joomla! Component Questions 1.4.3 - SQL Injection,http,80,0,1,CRITICAL,3.9,2
CVE-2018-17379,Joomla! Component Raffle Factory 3.5.2 - SQL Injection,http,80,0,1,CRITICAL,3.9,2
CVE-2018-6005,Joomla! Component Realpin 1.5.04 - SQL Injection,http,80,0,1,CRITICAL,3.9,2
CVE-2018-17376,Joomla! Component Reverse Auction Factory 4.3.8 - SQL Injection,http,80,0,1,CRITICAL,3.9,2
CVE-2018-7180,Joomla! Component Saxum Astro 4.0.14 - SQL Injection,http,80,0,1,CRITICAL,3.9,2
CVE-2018-7177,Joomla! Component Saxum Numerology 3.0.4 - SQL Injection,http,80,0,1,CRITICAL,3.9,2
CVE-2018-7178,Joomla! Component Saxum Picker 3.2.10 - SQL Injection,http,80,0,1,CRITICAL,3.9,2
CVE-2018-5974,Joomla! Component SimpleCalendar 3.1.9 - SQL Injection,http,80,0,1,CRITICAL,3.9,2
CVE-2018-5975,Joomla! Component Smart Shoutbox 3.0.0 - SQL Injection,http,80,0,1,CRITICAL,3.9,2
CVE-2018-17385,Joomla! Component Social Factory 3.8.3 - SQL Injection,http,80,0,1,CRITICAL,3.9,2
CVE-2018-5980,Joomla! Component Solidres 2.5.1 - SQL Injection,http,80,0,1,CRITICAL,3.9,2
CVE-2018-7179,Joomla! Component SquadManagement 1.0.3 - SQL Injection,http,80,0,1,CRITICAL,3.9,2
CVE-2018-5992,Joomla! Component Staff Master 1.0 RC 1 - SQL Injection,http,80,0,1,CRITICAL,3.9,2
CVE-2018-17384,Joomla! Component Swap Factory 2.2.1 - SQL Injection,http,80,0,1,CRITICAL,3.9,2
CVE-2018-6583,Joomla! Component Timetable Responsive Schedule For Joomla! 1.5 - 'alias' SQL Injection,http,80,0,1,CRITICAL,3.9,2
CVE-2018-17394,Joomla! Component Timetable Schedule 3.6.8 - SQL Injection,http,80,0,1,CRITICAL,3.9,2
CVE-2014-4960,Joomla! Component Youtube Gallery 4.1.7 - SQL Injection,http,80,0,1,HIGH,10.0,2
CVE-2019-10945,Joomla! Core 1.5.0 - 3.9.4 - Directory Traversal / Authenticated Arbitrary File Deletion,http,80,0,1,CRITICAL,3.9,2
CVE-2019-6263,Joomla! Core 3.9.1 - Persistent Cross-Site Scripting in Global Configuration Textfilter Settings,http,80,1,1,MEDIUM,1.7,2
CVE-2018-5987,Joomla! Pinterest Clone Social Pinboard 2.0 - SQL Injection,http,80,0,1,CRITICAL,3.9,2
CVE-2018-15918,Jorani Leave Management 0.6.5 - (Authenticated) 'startdate' SQL Injection,http,80,1,1,MEDIUM,2.8,2
CVE-2018-15917,Jorani Leave Management 0.6.5 - Cross-Site Scripting,http,80,1,1,MEDIUM,2.3,2
CVE-2018-18755,K-iwi Framework 1775 - SQL Injection,http,80,0,1,CRITICAL,3.9,2
CVE-2014-3857,Kerio Control 8.3.1 - Blind SQL Injection,other,4081,1,1,MEDIUM,8.0,2
CVE-2017-17618,Kickstarter Clone Acript 2.0 - 'projid' SQL Injection,http,80,0,1,CRITICAL,3.9,2
CVE-2014-3757,kitForm CRM Extension 0.43 - 'sorter.ph?sorter_value' SQL Injection,http,80,0,1,HIGH,10.0,2
CVE-2016-4337,Ktools Photostore 4.7.5 - Blind SQL Injection,http,80,0,1,CRITICAL,3.9,2
CVE-2017-17619,Laundry Booking Script 1.0 - 'list?city' SQL Injection,http,80,0,1,CRITICAL,3.9,2
CVE-2017-17620,Lawyer Search Script 1.1 - 'lawyer-list?city' SQL Injection,http,80,0,1,CRITICAL,3.9,2
CVE-2018-17997,LayerBB 1.1.1 - Persistent Cross-Site Scripting,http,80,0,1,MEDIUM,2.8,2
CVE-2018-17996,LayerBB 1.1.2 - Cross-Site Request Forgery (Add Admin),http,80,0,1,MEDIUM,2.8,2
CVE-2018-12603,LFCMS 3.7.0 - Cross-Site Request Forgery (Add Admin),http,80,0,1,HIGH,2.8,2
CVE-2018-12602,LFCMS 3.7.0 - Cross-Site Request Forgery (Add User),http,80,0,1,HIGH,2.8,2
CVE-2018-20434,LibreNMS 1.46 - 'addhost' Remote Code Execution,http,80,0,1,CRITICAL,3.9,2
CVE-2019-16172,LimeSurvey 3.17.13 - Cross-Site Scripting,http,80,1,1,MEDIUM,2.3,2
CVE-2019-16173,LimeSurvey 3.17.13 - Cross-Site Scripting,http,80,1,1,MEDIUM,2.3,2
CVE-2013-6225,LiveZilla 5.0.1.4 - Remote Code Execution,http,80,0,1,CRITICAL,3.9,2
CVE-2015-1587,MAARCH 1.4 - Arbitrary File Upload,http,80,0,1,HIGH,10.0,2
CVE-2018-6409,MachForm < 4.2.3 - SQL Injection / Path Traversal / Upload Bypass,http,80,0,1,MEDIUM,3.9,2
CVE-2018-6410,MachForm < 4.2.3 - SQL Injection / Path Traversal / Upload Bypass,http,80,0,1,CRITICAL,3.9,2
CVE-2018-6411,MachForm < 4.2.3 - SQL Injection / Path Traversal / Upload Bypass,http,80,0,1,CRITICAL,3.9,2
CVE-2016-4010,Magento < 2.0.6 - Arbitrary Unserialize / Arbitrary Write File,http,80,0,1,CRITICAL,3.9,2
CVE-2014-100002,ManageEngine Support Center Plus 7916 - Directory Traversal,http,80,0,1,MEDIUM,10.0,2
CVE-2018-9857,Match Clone Script 1.0.4 - Cross-Site Scripting,http,80,0,1,MEDIUM,2.8,2
CVE-2015-8356,mcart.xls Bitrix Module 6.5.2 - SQL Injection,http,80,1,1,HIGH,2.1,2
CVE-2014-9464,Microweber CMS 0.95 - SQL Injection,http,80,0,1,HIGH,10.0,2
CVE-2014-9254,MiniBB 3.1 - Blind SQL Injection,http,80,0,1,HIGH,10.0,2
CVE-2018-9092,MiniCMS 1.10 - Cross-Site Request Forgery,http,80,0,1,HIGH,2.8,2
CVE-2018-19908,MISP 2.4.97 - SQL Command Execution via Command Injection in STIX Module,http,80,1,1,HIGH,2.8,2
CVE-2019-14927,Mitsubishi Electric smartRTU / INEA ME-RTU - Unauthenticated Configuration Download,http,80,0,1,HIGH,3.9,2
CVE-2016-3694,modified eCommerce Shopsoftware 2.0.0.0 rev 9678 - Blind SQL Injection,http,80,0,1,CRITICAL,3.9,2
CVE-2018-1133,Moodle 3.4.1 - Remote Code Execution,http,80,1,1,HIGH,2.8,2
CVE-2018-1042,Moodle Filepicker 3.5.2 - Server Side Request Forgery,http,80,1,1,MEDIUM,2.8,2
CVE-2014-2008,Mpay24 PrestaShop Payment Module 1.5 - Multiple Vulnerabilities,http,80,0,1,HIGH,10.0,2
CVE-2014-2009,Mpay24 PrestaShop Payment Module 1.5 - Multiple Vulnerabilities,http,80,0,1,MEDIUM,10.0,2
CVE-2019-11375,Msvod 10 - Cross-Site Request Forgery (Change User Information),http,80,0,1,MEDIUM,2.8,2
CVE-2014-9734,Mulitple WordPress Themes - 'admin-ajax.php?img' Arbitrary File Download,http,80,0,1,MEDIUM,10.0,2
CVE-2015-1579,Mulitple WordPress Themes - 'admin-ajax.php?img' Arbitrary File Download,http,80,0,1,MEDIUM,10.0,2
CVE-2017-17621,Multivendor Penny Auction Clone Script 1.0 - SQL Injection,http,80,0,1,CRITICAL,3.9,2
CVE-2018-15596,MyBB 1.8.17 - Cross-Site Scripting,http,80,0,1,MEDIUM,2.8,2
CVE-2014-9240,MyBB 1.8.x - Multiple Vulnerabilities,http,80,0,1,HIGH,10.0,2
CVE-2014-9241,MyBB 1.8.x - Multiple Vulnerabilities,http,80,0,1,MEDIUM,8.6,2
CVE-2019-6979,MyBB IP History Logs Plugin 1.0.2 - Cross-Site Scripting,http,80,0,1,MEDIUM,2.8,2
CVE-2018-11502,MyBB Moderator Log Notes Plugin 1.1 - Cross-Site Request Forgery,http,80,0,1,MEDIUM,2.8,2
CVE-2018-14392,MyBB New Threads Plugin 1.1 - Cross-Site Scripting,http,80,0,1,MEDIUM,2.8,2
CVE-2019-3501,MyBB OUGC Awards Plugin 1.8.3 - Persistent Cross-Site Scripting,http,80,1,1,MEDIUM,1.7,2
CVE-2018-10365,MyBB Threads to Link Plugin 1.3 - Cross-Site Scripting,http,80,1,1,MEDIUM,2.3,2
CVE-2018-14575,MyBB Trash Bin Plugin 1.1.3 - Cross-Site Scripting / Cross-Site Request Forgery,http,80,0,1,HIGH,2.8,2
CVE-2019-9650,MyBB Upcoming Events Plugin 1.32 - Cross-Site Scripting,http,80,0,1,MEDIUM,2.8,2
CVE-2018-17128,MyBB Visual Editor 1.8.18 - Cross-Site Scripting,http,80,1,1,MEDIUM,2.3,2
CVE-2019-13346,MyT Project Management 1.5.1 - User[username] Persistent Cross-Site Scripting,http,80,0,1,MEDIUM,2.8,2
CVE-2020-23518,Neo Billing 3.5 - Persistent Cross-Site Scripting,http,80,1,1,MEDIUM,2.3,2
CVE-2015-5353,Novius 5.0.1 - Multiple Vulnerabilities,http,80,0,1,HIGH,10.0,2
CVE-2015-5354,Novius 5.0.1 - Multiple Vulnerabilities,http,80,0,1,MEDIUM,8.6,2
CVE-2015-1400,NPDS CMS REvolution-13 - SQL Injection,http,80,0,1,HIGH,10.0,2
CVE-2018-15716,NUUO NVRMini2 3.9.1 - (Authenticated) Command Injection,https,443,1,1,HIGH,2.8,2
CVE-2005-4664,Ocomon 2.0 - SQL Injection,http,80,0,1,MEDIUM,10.0,2
CVE-2019-19740,Octeth Oempro 4.8 - 'CampaignID' SQL Injection,http,80,0,1,CRITICAL,3.9,2
CVE-2014-5100,Omeka 2.2 - Cross-Site Request Forgery / Persistent Cross-Site Scripting,http,80,0,1,MEDIUM,8.6,2
CVE-2017-17622,Online Exam Test Application Script 1.6 - 'exams.php?sort' SQL Injection,http,80,0,1,CRITICAL,3.9,2
CVE-2019-14696,Open-School 3.0 / Community Edition 2.3 - Cross-Site Scripting,http,80,0,1,MEDIUM,2.8,2
CVE-2014-1945,OpenDocMan 1.2.7 - Multiple Vulnerabilities,http,80,0,1,HIGH,10.0,2
CVE-2014-2317,OpenDocMan 1.2.7 - Multiple Vulnerabilities,http,80,0,1,MEDIUM,8.6,2
CVE-2014-5462,OpenEMR 4.1.2(7) - Multiple SQL Injections,http,80,1,1,MEDIUM,8.0,2
CVE-2014-7190,OpenFiler 2.99.1 - Cross-Site Request Forgery,other,446,0,1,MEDIUM,8.6,2
CVE-2019-10227,openITCOCKPIT 3.6.1-2 - Cross-Site Request Forgery,http,80,0,1,MEDIUM,2.8,2
CVE-2017-17623,Opensource Classified Ads Script 3.2 - SQL Injection,http,80,0,1,CRITICAL,3.9,2
CVE-2013-5694,Opsview pre 4.4.1 - Blind SQL Injection,http,80,0,1,HIGH,10.0,2
CVE-2014-2540,Orbit Open Ad Server 1.1.0 - SQL Injection,http,80,0,1,HIGH,10.0,2
CVE-2014-6308,OSClass 3.4.1 - 'index.php' Local File Inclusion,http,80,0,1,MEDIUM,10.0,2
CVE-2014-10033,osCommerce 2.3.3.4 - 'geo_zones.php?zID' SQL Injection,http,80,1,1,MEDIUM,8.0,2
CVE-2019-11537,osTicket 1.11 - Cross-Site Scripting / Local File Inclusion,http,80,0,1,MEDIUM,2.8,2
CVE-2019-14749,osTicket 1.12 - Formula Injection,http,80,0,1,HIGH,2.8,2
CVE-2019-14750,osTicket 1.12 - Persistent Cross-Site Scripting,http,80,0,1,MEDIUM,2.8,2
CVE-2019-14748,osTicket 1.12 - Persistent Cross-Site Scripting via File Upload,http,80,1,1,MEDIUM,2.3,2
CVE-2008-3918,Ovidentia 7.9.4 - Multiple Vulnerabilities,http,80,0,1,HIGH,10.0,2
CVE-2008-4423,Ovidentia 7.9.4 - Multiple Vulnerabilities,http,80,1,1,MEDIUM,8.0,2
CVE-2019-13977,Ovidentia 8.4.3 - Cross-Site Scripting,http,80,1,1,MEDIUM,2.3,2
CVE-2014-1665,ownCloud 6.0.0a - Multiple Vulnerabilities,http,80,1,1,MEDIUM,2.3,2
CVE-2014-9101,Oxwall 1.7.0 - Multiple Cross-Site Request Forgery / HTML Injection Vulnerabilities,http,80,0,1,MEDIUM,8.6,2
CVE-2018-18800,PayPal-Credit Card-Debit Card Payment 1.0 - SQL Injection,http,80,0,1,CRITICAL,3.9,2
CVE-2014-9215,PBBoard CMS 3.0.1 - SQL Injection,http,80,0,1,HIGH,10.0,2
CVE-2019-8953,pfSense 2.4.4-p1 (HAProxy Package 0.59_14) - Persistent Cross-Site Scripting,https,443,0,1,MEDIUM,2.8,2
CVE-2006-4115,PgMarket 2.2.3 - 'CFG[libdir]' Remote File Inclusion,http,80,0,1,MEDIUM,4.9,2
CVE-2006-4103,phNNTP 1.3 - 'article-raw.php' Remote File Inclusion,http,80,0,1,HIGH,10.0,2
CVE-2017-17624,PHP Multivendor Ecommerce 1.0 - 'sid' / 'searchcat' / 'chid1' SQL Injection,http,80,0,1,CRITICAL,3.9,2
CVE-2018-19458,PHP Proxy 3.0.3 - Local File Inclusion,http,80,0,1,HIGH,3.9,2
CVE-2018-14869,PHP Template Store Script 3.0.6 - Cross-Site Scripting,http,80,1,1,MEDIUM,2.3,2
CVE-2018-19246,PHP-Proxy 5.1.0 - Local File Inclusion,http,80,0,1,HIGH,3.9,2
CVE-2006-4210,PHPay 2.02 - 'nu_mail.inc.php?mail()' Remote Injection,http,80,0,1,LOW,4.9,3
CVE-2004-1519,phpBugTracker 1.6.0 - Multiple Vulnerabilities,http,80,0,1,HIGH,10.0,2
CVE-2015-2142,phpBugTracker 1.6.0 - Multiple Vulnerabilities,http,80,1,1,HIGH,2.1,2
CVE-2015-2143,phpBugTracker 1.6.0 - Multiple Vulnerabilities,http,80,0,1,HIGH,2.8,2
CVE-2015-2145,phpBugTracker 1.6.0 - Multiple Vulnerabilities,http,80,1,1,MEDIUM,1.7,2
CVE-2015-2147,phpBugTracker 1.6.0 - Multiple Vulnerabilities,http,80,0,1,CRITICAL,3.9,2
CVE-2006-4044,PHPCodeCabinet 0.5 - 'Core.php' Remote File Inclusion,http,80,0,1,HIGH,10.0,2
CVE-2014-6389,PHPCompta/NOALYSS 6.7.1 5638 - Remote Command Execution,http,80,0,1,HIGH,10.0,2
CVE-2014-8469,PHPFox - Persistent Cross-Site Scripting,http,80,0,1,MEDIUM,8.6,2
CVE-2019-16692,phpIPAM 1.4 - SQL Injection,http,80,0,1,CRITICAL,3.9,2
CVE-2014-10001,PHPJabbers Appointment Scheduler 2.0 - Multiple Vulnerabilities,http,80,0,1,MEDIUM,8.6,2
CVE-2014-10010,PHPJabbers Appointment Scheduler 2.0 - Multiple Vulnerabilities,http,80,0,1,MEDIUM,10.0,2
CVE-2014-10014,PHPJabbers Event Booking Calendar 2.0 - Multiple Vulnerabilities,http,80,0,1,MEDIUM,8.6,2
CVE-2014-10015,PHPJabbers Event Booking Calendar 2.0 - Multiple Vulnerabilities,http,80,0,1,HIGH,10.0,2
CVE-2015-6517,phpLiteAdmin 1.1 - Multiple Vulnerabilities,http,80,0,1,MEDIUM,8.6,2
CVE-2015-6518,phpLiteAdmin 1.1 - Multiple Vulnerabilities,http,80,0,1,MEDIUM,8.6,2
CVE-2015-2208,PHPMoAdmin - Unauthorized Remote Code Execution,http,80,0,1,HIGH,10.0,2
CVE-2010-4480,phpMyAdmin - Client-Side Code Injection / Redirect Link Falsification,http,80,0,1,MEDIUM,8.6,2
CVE-2016-5734,phpMyAdmin 4.6.2 - (Authenticated) Remote Code Execution,http,80,0,1,CRITICAL,3.9,2
CVE-2017-1000499,phpMyAdmin 4.7.x - Cross-Site Request Forgery,http,80,0,1,HIGH,2.8,2
CVE-2018-12613,phpMyAdmin 4.8.1 - (Authenticated) Local File Inclusion (1),http,80,1,1,HIGH,2.8,2
CVE-2018-12613,phpMyAdmin 4.8.1 - (Authenticated) Local File Inclusion (2),http,80,1,1,HIGH,2.8,2
CVE-2019-12922,phpMyAdmin 4.9.0.1 - Cross-Site Request Forgery,http,80,0,1,MEDIUM,2.8,2
CVE-2014-6045,phpMyFAQ 2.8.x - Multiple Vulnerabilities,http,80,1,1,HIGH,1.2,2
CVE-2014-6046,phpMyFAQ 2.8.x - Multiple Vulnerabilities,http,80,0,1,HIGH,2.8,2
CVE-2014-6047,phpMyFAQ 2.8.x - Multiple Vulnerabilities,http,80,0,1,MEDIUM,3.9,2
CVE-2014-6048,phpMyFAQ 2.8.x - Multiple Vulnerabilities,http,80,0,1,MEDIUM,3.9,2
CVE-2014-6049,phpMyFAQ 2.8.x - Multiple Vulnerabilities,http,80,1,1,LOW,1.2,3
CVE-2014-6050,phpMyFAQ 2.8.x - Multiple Vulnerabilities,http,80,0,1,MEDIUM,3.9,2
CVE-2014-9440,PHPMyRecipes 1.2.2 - 'browse.php?category' SQL Injection,http,80,0,1,HIGH,10.0,2
CVE-2014-9347,PHPMyRecipes 1.2.2 - 'dosearch.php?words_exact' SQL Injection,http,80,0,1,HIGH,10.0,2
CVE-2006-4114,PHPMyRing 4.2.0 - 'view_com.php' SQL Injection,http,80,0,1,HIGH,10.0,2
CVE-2006-4164,phpPrintAnalyzer 1.2 - Remote File Inclusion,http,80,0,1,HIGH,10.0,2
CVE-2014-5519,PhpWiki - Remote Command Execution,http,80,0,1,HIGH,10.0,2
CVE-2019-9769,PilusCart 1.4.1 - Cross-Site Request Forgery (Add Admin),http,80,0,1,HIGH,2.8,2
CVE-2018-14057,Pimcore 5.2.3 - SQL Injection / Cross-Site Scripting / Cross-Site Request Forgery,http,80,0,1,HIGH,2.8,2
CVE-2018-14058,Pimcore 5.2.3 - SQL Injection / Cross-Site Scripting / Cross-Site Request Forgery,http,80,1,1,MEDIUM,2.8,2
CVE-2018-14059,Pimcore 5.2.3 - SQL Injection / Cross-Site Scripting / Cross-Site Request Forgery,http,80,1,1,MEDIUM,2.3,2
CVE-2014-9115,Piwigo 2.6.0 - 'picture.php?rate' SQL Injection,http,80,0,1,HIGH,10.0,2
CVE-2014-4613,Piwigo 2.6.1 - Cross-Site Request Forgery,http,80,0,1,MEDIUM,2.8,2
CVE-2015-1517,Piwigo 2.7.3 - SQL Injection,http,80,1,1,MEDIUM,6.8,2
CVE-2014-9096,Pligg CMS 2.0.1 - Multiple Vulnerabilities,http,80,0,1,HIGH,10.0,2
CVE-2015-6655,Pligg CMS 2.0.2 - Cross-Site Request Forgery (Add Admin),http,80,0,1,MEDIUM,8.6,2
CVE-2014-2223,Plogger 1.0-RC1 - (Authenticated) Arbitrary File Upload,http,80,0,1,HIGH,10.0,2
CVE-2018-18805,Point of Sales (POS) in VB.Net MySQL Database 1.0 - SQL Injection,http,80,0,1,CRITICAL,3.9,2
CVE-2015-1471,Pragyan CMS 3.0 - SQL Injection,http,80,0,1,HIGH,10.0,2
CVE-2018-19125,PrestaShop 1.6.x/1.7.x - Remote Code Execution,http,80,0,1,HIGH,3.9,2
CVE-2018-19126,PrestaShop 1.6.x/1.7.x - Remote Code Execution,http,80,0,1,CRITICAL,3.9,2
CVE-2014-5275,Pro Chat Rooms 8.2.0 - Multiple Vulnerabilities,http,80,1,1,MEDIUM,8.0,2
CVE-2014-5276,Pro Chat Rooms 8.2.0 - Multiple Vulnerabilities,http,80,1,1,LOW,6.8,3
CVE-2017-17625,Professional Service Script 1.0 - 'service-list?city' SQL Injection,http,80,0,1,CRITICAL,3.9,2
CVE-2013-6164,Project'Or RIA 3.4.0 - 'objectDetail.php?objectId' SQL Injection,http,80,0,1,HIGH,10.0,2
CVE-2011-3713,ProjectSend r561 - Multiple Vulnerabilities,http,80,0,1,MEDIUM,10.0,2
CVE-2014-9580,ProjectSend r561 - Multiple Vulnerabilities,http,80,0,1,MEDIUM,8.6,2
CVE-2015-2564,ProjectSend r561 - SQL Injection,http,80,1,1,MEDIUM,8.0,2
CVE-2013-6227,Pydio / AjaXplorer < 5.0.4 - (Unauthenticated) Arbitrary File Upload,http,80,0,1,HIGH,10.0,2
CVE-2019-8390,qdPM 9.1 - 'search[keywords]' Cross-Site Scripting,http,80,0,1,MEDIUM,2.8,2
CVE-2019-8391,qdPM 9.1 - 'type' Cross-Site Scripting,http,80,0,1,MEDIUM,2.8,2
CVE-2017-17626,Readymade PHP Classified Script 3.3 - 'subctid' / 'mctid' SQL Injection,http,80,0,1,CRITICAL,3.9,2
CVE-2017-17627,Readymade Video Sharing Script 3.2 - SQL Injection,http,80,0,1,CRITICAL,3.9,2
CVE-2018-15535,Responsive FileManager < 9.13.4 - Directory Traversal,http,80,0,1,HIGH,3.9,2
CVE-2018-15536,Responsive FileManager < 9.13.4 - Directory Traversal,http,80,1,0,MEDIUM,1.8,2
CVE-2017-17628,Responsive Realestate Script 3.2 - 'property-list?tbud' SQL Injection,http,80,0,1,CRITICAL,3.9,2
CVE-2014-6619,Restaurant Script (PizzaInn Project) - Persistent Cross-Site Scripting,http,80,0,1,MEDIUM,8.6,2
CVE-2018-18760,RhinOS CMS 3.x - Arbitrary File Download,http,80,0,1,MEDIUM,2.8,2
CVE-2015-8770,Roundcube Webmail 1.1.3 - Directory Traversal,http,80,1,1,HIGH,1.6,2
CVE-2018-20525,Roxy Fileman 1.4.5 - Unrestricted File Upload / Directory Traversal,http,80,0,1,CRITICAL,3.9,2
CVE-2018-20526,Roxy Fileman 1.4.5 - Unrestricted File Upload / Directory Traversal,http,80,0,1,CRITICAL,3.9,2
CVE-2019-7400,Rukovoditel ERP & CRM 2.4.1 - 'path' Cross-Site Scripting,http,80,0,1,MEDIUM,2.8,2
CVE-2019-7541,Rukovoditel Project Management CRM 2.4.1 - Cross-Site Scripting,http,80,0,1,MEDIUM,2.8,2
CVE-2018-18762,SaltOS Erp Crm 3.1 r8126 - Database File Download,http,80,0,1,MEDIUM,2.8,2
CVE-2018-18761,SaltOS Erp Crm 3.1 r8126 - SQL Injection,http,80,0,1,CRITICAL,3.9,2
CVE-2018-18763,SaltOS Erp Crm 3.1 r8126 - SQL Injection (2),http,80,0,1,CRITICAL,3.9,2
CVE-2006-4063,SAPID Blog Beta 2 - 'ROOT_PATH' Remote File Inclusion,http,80,0,1,HIGH,10.0,2
CVE-2006-4063,SAPID Gallery 1.0 - 'ROOT_PATH' Remote File Inclusion,http,80,0,1,HIGH,10.0,2
CVE-2006-4065,SAPID Gallery 1.0 - 'ROOT_PATH' Remote File Inclusion,http,80,0,1,MEDIUM,4.9,2
CVE-2006-4062,SAPID Shop 1.2 - 'ROOT_PATH' Remote File Inclusion,http,80,0,1,MEDIUM,4.9,2
CVE-2006-4063,SAPID Shop 1.2 - 'ROOT_PATH' Remote File Inclusion,http,80,0,1,HIGH,10.0,2
CVE-2018-7841,Schneider Electric U.Motion Builder 1.3.4 - 'track_import_export.php object_id' Unauthenticated Command Injection,http,80,0,1,CRITICAL,3.9,1
CVE-2018-18799,School Attendance Monitoring System 1.0 - Arbitrary File Upload,http,80,0,1,HIGH,2.8,2
CVE-2018-18797,School Attendance Monitoring System 1.0 - Cross-Site Request Forgery (Update Admin),http,80,0,1,HIGH,2.8,2
CVE-2018-18798,School Attendance Monitoring System 1.0 - SQL Injection,http,80,0,1,CRITICAL,3.9,2
CVE-2018-18793,School Event Management System 1.0 - Arbitrary File Upload,http,80,0,1,CRITICAL,3.9,2
CVE-2018-18794,School Event Management System 1.0 - Cross-Site Request Forgery (Update Admin),http,80,0,1,HIGH,2.8,2
CVE-2018-18795,School Event Management System 1.0 - SQL Injection,http,80,0,1,CRITICAL,3.9,2
CVE-2015-8282,SeaWell Networks Spectrum - Multiple Vulnerabilities,https,443,0,1,CRITICAL,3.9,2
CVE-2015-8283,SeaWell Networks Spectrum - Multiple Vulnerabilities,https,443,1,1,MEDIUM,2.8,2
CVE-2015-8284,SeaWell Networks Spectrum - Multiple Vulnerabilities,https,443,1,1,HIGH,2.8,2
CVE-2017-17629,Secure E-commerce Script 2.0.1 - 'searchcat' / 'searchmain' SQL Injection,http,80,0,1,CRITICAL,3.9,2
CVE-2015-0919,Sefrengo CMS 1.6.0 - SQL Injection,http,80,0,1,HIGH,10.0,2
CVE-2014-100012,Sendy 1.1.8.4 - SQL Injection,http,80,0,1,HIGH,10.0,2
CVE-2019-15813,Sentrifugo 3.2 - File Upload Restriction Bypass,http,80,1,1,HIGH,2.8,2
CVE-2019-15814,Sentrifugo 3.2 - Persistent Cross-Site Scripting,http,80,1,1,MEDIUM,2.3,2
CVE-2014-3414,Sharetronix 3.3 - Multiple Vulnerabilities,http,80,0,1,MEDIUM,8.6,2
CVE-2014-3415,Sharetronix 3.3 - Multiple Vulnerabilities,http,80,1,1,MEDIUM,8.0,2
CVE-2014-4962,Shopizer 1.1.5 - Multiple Vulnerabilities,http,80,0,1,MEDIUM,10.0,2
CVE-2014-4963,Shopizer 1.1.5 - Multiple Vulnerabilities,http,80,0,1,MEDIUM,8.6,2
CVE-2014-4964,Shopizer 1.1.5 - Multiple Vulnerabilities,http,80,0,1,MEDIUM,8.6,2
CVE-2014-4965,Shopizer 1.1.5 - Multiple Vulnerabilities,http,80,0,1,MEDIUM,8.6,2
CVE-2018-5782,ShoreTel / Mitel Connect ONSITE 19.49.5200.0 - Remote Code Execution,http,80,0,1,CRITICAL,3.9,2
CVE-2017-17593,Simple Chatting System 1.0.0 - Arbitrary File Upload,http,80,0,1,HIGH,3.9,2
CVE-2013-5748,SimpleRisk 20130915-01 - Multiple Vulnerabilities,http,80,0,1,MEDIUM,8.6,2
CVE-2014-1683,Skybluecanvas CMS 1.1 r248-03 - Remote Command Execution,http,80,0,1,MEDIUM,8.6,2
CVE-2014-9344,Snowfox CMS 1.0 - Cross-Site Request Forgery (Add Admin),http,80,0,1,MEDIUM,8.6,2
CVE-2014-8673,SO Planning 1.32 - Multiple Vulnerabilities,http,80,0,1,CRITICAL,3.9,2
CVE-2014-8674,SO Planning 1.32 - Multiple Vulnerabilities,http,80,1,1,MEDIUM,2.3,2
CVE-2014-8675,SO Planning 1.32 - Multiple Vulnerabilities,http,80,0,1,HIGH,3.9,2
CVE-2014-8676,SO Planning 1.32 - Multiple Vulnerabilities,http,80,0,1,MEDIUM,3.9,2
CVE-2014-8677,SO Planning 1.32 - Multiple Vulnerabilities,http,80,1,1,MEDIUM,1.6,2
CVE-2014-9516,Social Microblogging PRO 1.5 - Persistent Cross-Site Scripting,http,80,0,1,MEDIUM,8.6,2
CVE-2006-4158,Spaminator 1.7 - 'page' Remote File Inclusion,http,80,0,1,MEDIUM,4.9,2
CVE-2014-5081,Sphider Search Engine - Multiple Vulnerabilities,http,80,0,1,CRITICAL,3.9,2
CVE-2014-5082,Sphider Search Engine - Multiple Vulnerabilities,http,80,0,1,HIGH,10.0,2
CVE-2014-5083,Sphider Search Engine - Multiple Vulnerabilities,http,80,1,1,HIGH,2.8,2
CVE-2014-5084,Sphider Search Engine - Multiple Vulnerabilities,http,80,1,1,HIGH,2.8,2
CVE-2014-5085,Sphider Search Engine - Multiple Vulnerabilities,http,80,1,1,HIGH,2.8,2
CVE-2014-5086,Sphider Search Engine - Multiple Vulnerabilities,http,80,1,1,HIGH,2.8,2
CVE-2014-5087,Sphider Search Engine - Multiple Vulnerabilities,http,80,0,1,CRITICAL,3.9,2
CVE-2014-5082,Sphider Search Engine 1.3.6 - Multiple Vulnerabilities,http,80,0,1,HIGH,10.0,2
CVE-2014-5192,Sphider Search Engine 1.3.6 - Multiple Vulnerabilities,http,80,0,1,HIGH,10.0,2
CVE-2014-5193,Sphider Search Engine 1.3.6 - Multiple Vulnerabilities,http,80,0,1,MEDIUM,8.6,2
CVE-2014-5194,Sphider Search Engine 1.3.6 - Multiple Vulnerabilities,http,80,1,1,MEDIUM,8.0,2
CVE-2016-7982,SPIP 3.1.1/3.1.2 - File Enumeration / Path Traversal,http,80,0,1,HIGH,3.9,2
CVE-2016-7980,SPIP 3.1.2 - Cross-Site Request Forgery,http,80,0,1,HIGH,2.8,2
CVE-2016-7998,SPIP 3.1.2 Template Compiler/Composer - PHP Code Execution,http,80,1,1,HIGH,2.8,2
CVE-2013-2118,SPIP CMS < 2.0.23/ 2.1.22/3.0.9 - Privilege Escalation,http,80,0,1,HIGH,10.0,2
CVE-2019-9083,SQLiteManager 1.2.0 / 1.2.4 - Blind SQL Injection,http,80,0,1,CRITICAL,3.9,2
CVE-2014-10008,Stark CRM 1.0 - Multiple Vulnerabilities,http,80,0,1,MEDIUM,8.6,2
CVE-2014-10009,Stark CRM 1.0 - Multiple Vulnerabilities,http,80,0,1,MEDIUM,8.6,2
CVE-2014-5088,Status2k Server Monitoring Software - Multiple Vulnerabilities,http,80,0,1,MEDIUM,8.6,2
CVE-2014-5089,Status2k Server Monitoring Software - Multiple Vulnerabilities,http,80,0,1,HIGH,10.0,2
CVE-2014-5090,Status2k Server Monitoring Software - Multiple Vulnerabilities,http,80,1,1,MEDIUM,8.0,2
CVE-2014-5091,Status2k Server Monitoring Software - Multiple Vulnerabilities,http,80,0,1,CRITICAL,3.9,2
CVE-2014-5092,Status2k Server Monitoring Software - Multiple Vulnerabilities,http,80,1,1,HIGH,2.8,2
CVE-2014-5093,Status2k Server Monitoring Software - Multiple Vulnerabilities,http,80,0,1,CRITICAL,3.9,2
CVE-2014-5094,Status2k Server Monitoring Software - Multiple Vulnerabilities,http,80,0,1,MEDIUM,10.0,2
CVE-2018-17784,SugarCRM 6.5.26 - Cross-Site Scripting,http,80,0,1,MEDIUM,2.8,2
CVE-2019-14974,SugarCRM Enterprise 9.0.0 - Cross-Site Scripting,http,80,0,1,MEDIUM,2.8,2
CVE-2018-17391,Super Cms Blog Pro 1.0 - SQL Injection,http,80,0,1,CRITICAL,3.9,2
CVE-2016-3652,Symantec Endpoint Protection Manager 12.1 - Multiple Vulnerabilities,other,8445,1,1,MEDIUM,2.3,2
CVE-2016-3653,Symantec Endpoint Protection Manager 12.1 - Multiple Vulnerabilities,other,8445,1,1,HIGH,2.1,2
CVE-2016-5304,Symantec Endpoint Protection Manager 12.1 - Multiple Vulnerabilities,other,8445,1,1,MEDIUM,2.3,2
CVE-2016-4309,Symphony CMS 2.6.7 - Session Fixation,http,80,0,1,HIGH,1.6,2
CVE-2015-3140,Syncrify Server 3.6 Build 833 - Multiple Vulnerabilities,other,5800,0,1,HIGH,2.8,2
CVE-2014-2023,Tapatalk for vBulletin 4.x - Blind SQL Injection,http,80,0,1,CRITICAL,3.9,2
CVE-2015-7562,TeamPass 2.1.24 - Multiple Vulnerabilities,http,80,0,1,MEDIUM,2.8,2
CVE-2015-7563,TeamPass 2.1.24 - Multiple Vulnerabilities,http,80,0,1,HIGH,2.8,2
CVE-2015-7564,TeamPass 2.1.24 - Multiple Vulnerabilities,http,80,0,1,CRITICAL,3.9,2
CVE-2014-5308,TestLink 1.9.11 - Multiple SQL Injections,http,80,1,1,HIGH,8.0,2
CVE-2002-2298,Thatware 0.4.6 - 'ROOT_PATH' Remote File Inclusion,http,80,0,1,MEDIUM,8.6,2
CVE-2006-4213,Thatware 0.4.6 - 'ROOT_PATH' Remote File Inclusion,http,80,0,1,HIGH,10.0,2
CVE-2018-18923,Ticketly 1.0 - 'kind_id' SQL Injection,http,80,0,1,CRITICAL,3.9,2
CVE-2014-3978,TomatoCart 1.x - SQL Injection,http,80,1,1,MEDIUM,8.0,2
CVE-2014-10023,TopicsViewer 3.0 Beta 1 - Multiple Vulnerabilities,http,80,0,1,HIGH,10.0,2
CVE-2015-2803,TYPO3 Extension Akronymmanager 0.5.0 - SQL Injection,http,80,1,1,MEDIUM,6.8,2
CVE-2014-6235,TYPO3 Extension ke DomPDF - Remote Code Execution,http,80,0,1,HIGH,10.0,2
CVE-2019-11398,UliCMS 2019.1 'Spitting Lama' - Persistent Cross-Site Scripting,http,80,0,1,MEDIUM,2.8,2
CVE-2019-11398,UliCMS 2019.2 / 2019.1 - Multiple Cross-Site Scripting,http,80,0,1,MEDIUM,2.8,2
CVE-2019-14804,UNA 10.0.0 RC1 - 'polyglot.php' Persistent Cross-Site Scripting,http,80,1,1,MEDIUM,1.7,2
CVE-2018-18419,User Management 1.1 - Cross-Site Scripting,http,80,1,1,MEDIUM,2.3,2
CVE-2013-3528,Vanilla Forums 2.0 < 2.0.18.5 - 'class.utilitycontroller.php' PHP Object Injection,http,80,0,1,HIGH,10.0,2
CVE-2016-6483,vBulletin 5.2.2 - Server-Side Request Forgery,http,80,0,1,HIGH,3.9,2
CVE-2015-7808,vBulletin 5.x - Remote Code Execution,http,80,0,1,HIGH,10.0,2
CVE-2014-9463,vBulletin vBSEO 4.x - 'visitormessage.php' Remote Code Injection,http,80,1,1,HIGH,2.8,2
CVE-2014-10078,Vembu Storegrid Web Interface 4.4.0 - Multiple Vulnerabilities,http,80,0,1,MEDIUM,2.8,2
CVE-2014-10079,Vembu Storegrid Web Interface 4.4.0 - Multiple Vulnerabilities,http,80,0,1,MEDIUM,3.9,2
CVE-2014-3962,Videos Tube 1.0 - Multiple SQL Injections,http,80,0,1,HIGH,10.0,2
CVE-2017-6086,ViMbAdmin 3.0.15 - Multiple Cross-Site Request Forgery Vulnerabilities,http,80,0,1,HIGH,2.8,2
CVE-2014-1222,vTiger CRM 5.4.0/6.0 RC/6.0.0 GA - 'browse.php' Local File Inclusion,http,80,1,1,MEDIUM,8.0,2
CVE-2015-6000,vTiger CRM 6.3.0 - (Authenticated) Remote Code Execution,http,80,1,1,HIGH,2.8,2
CVE-2016-1713,vTiger CRM 6.3.0 - (Authenticated) Remote Code Execution,http,80,1,0,HIGH,1.3,2
CVE-2018-12979,WAGO e!DISPLAY 7300T - Multiple Vulnerabilities,http,80,1,1,MEDIUM,2.8,2
CVE-2018-12980,WAGO e!DISPLAY 7300T - Multiple Vulnerabilities,http,80,1,1,HIGH,2.8,2
CVE-2018-12981,WAGO e!DISPLAY 7300T - Multiple Vulnerabilities,http,80,1,1,MEDIUM,2.3,2
CVE-2014-2846,WD Arkeia Virtual Appliance 10.2.9 - Local File Inclusion,http,80,0,1,HIGH,10.0,2
CVE-2014-3119,web2Project 3.1 - Multiple Vulnerabilities,http,80,1,1,HIGH,2.8,2
CVE-2014-5258,webEdition 6.3.8.0 (SVN-Revision: 6985) - Directory Traversal,http,80,1,1,MEDIUM,8.0,2
CVE-2019-8404,Webiness Inventory 2.3 - 'ProductModel' Arbitrary File Upload,http,80,1,1,MEDIUM,1.2,2
CVE-2017-17592,Website Auction Marketplace 2.0.5 - 'cat_id' SQL Injection,http,80,0,1,CRITICAL,3.9,2
CVE-2014-9242,WebsiteBaker 2.8.3 - Multiple Vulnerabilities,http,80,0,1,HIGH,10.0,2
CVE-2014-9243,WebsiteBaker 2.8.3 - Multiple Vulnerabilities,http,80,0,1,MEDIUM,8.6,2
CVE-2014-4306,WebTitan 4.01 (Build 68) - Multiple Vulnerabilities,http,80,0,1,MEDIUM,10.0,2
CVE-2014-4307,WebTitan 4.01 (Build 68) - Multiple Vulnerabilities,http,80,0,1,HIGH,10.0,2
CVE-2013-6041,Webuzo 2.1.3 - Multiple Vulnerabilities,http,80,0,1,HIGH,10.0,2
CVE-2013-6042,Webuzo 2.1.3 - Multiple Vulnerabilities,http,80,0,1,MEDIUM,8.6,2
CVE-2013-6043,Webuzo 2.1.3 - Multiple Vulnerabilities,http,80,0,1,MEDIUM,10.0,2
CVE-2006-4198,Wheatblog 1.1 - 'session.php' Remote File Inclusion,http,80,0,1,MEDIUM,4.9,2
CVE-2018-11512,wityCMS 0.6.1 - Cross-Site Scripting,http,80,1,1,MEDIUM,1.7,2
CVE-2018-14029,WityCMS 0.6.2 - Cross-Site Request Forgery (Password Change),http,80,0,1,HIGH,2.8,2
CVE-2015-6567,Wolf CMS - Arbitrary File Upload / Execution,http,80,1,1,HIGH,2.8,2
CVE-2015-6568,Wolf CMS - Arbitrary File Upload / Execution,http,80,1,1,HIGH,2.8,2
CVE-2018-8813,WolfCMS 0.8.3.1 - Open Redirection,http,80,1,1,MEDIUM,1.7,2
CVE-2016-6896,WordPress Core 4.5.3 - Directory Traversal / Denial of Service,http,80,1,1,HIGH,2.8,2
CVE-2016-6897,WordPress Core 4.5.3 - Directory Traversal / Denial of Service,http,80,0,1,MEDIUM,2.8,2
CVE-2014-8603,WordPress Plugin / Joomla! Component XCloner - Multiple Vulnerabilities,http,80,1,1,MEDIUM,8.0,2
CVE-2014-8604,WordPress Plugin / Joomla! Component XCloner - Multiple Vulnerabilities,http,80,0,1,MEDIUM,10.0,2
CVE-2014-8605,WordPress Plugin / Joomla! Component XCloner - Multiple Vulnerabilities,http,80,0,1,MEDIUM,10.0,2
CVE-2014-8606,WordPress Plugin / Joomla! Component XCloner - Multiple Vulnerabilities,http,80,1,1,MEDIUM,8.0,2
CVE-2014-8607,WordPress Plugin / Joomla! Component XCloner - Multiple Vulnerabilities,http,80,0,0,LOW,3.9,3
CVE-2014-1854,WordPress Plugin AdRotate 3.9.4 - 'clicktracker.ph?track' SQL Injection,http,80,0,1,HIGH,10.0,2
CVE-2018-11525,WordPress Plugin Advanced Order Export For WooCommerce < 1.5.4 - CSV Injection,http,80,0,0,HIGH,1.8,2
CVE-2014-2674,WordPress Plugin Ajax Pagination 1.1 - Local File Inclusion,http,80,0,1,HIGH,3.9,2
CVE-2018-13832,WordPress Plugin All In One Favicon 4.6 - (Authenticated) Cross-Site Scripting,http,80,1,1,MEDIUM,1.7,2
CVE-2014-6242,WordPress Plugin All In One WP Security 3.8.2 - SQL Injection,http,80,1,1,MEDIUM,8.0,2
CVE-2018-1002000,WordPress Plugin Arigato Autoresponder and Newsletter 2.5 - Blind SQL Injection / Reflected Cross-Site Scripting,http,80,1,1,HIGH,1.2,2
CVE-2018-1002001,WordPress Plugin Arigato Autoresponder and Newsletter 2.5 - Blind SQL Injection / Reflected Cross-Site Scripting,http,80,1,1,MEDIUM,1.7,2
CVE-2018-1002002,WordPress Plugin Arigato Autoresponder and Newsletter 2.5 - Blind SQL Injection / Reflected Cross-Site Scripting,http,80,1,1,MEDIUM,1.7,2
CVE-2018-1002003,WordPress Plugin Arigato Autoresponder and Newsletter 2.5 - Blind SQL Injection / Reflected Cross-Site Scripting,http,80,1,1,MEDIUM,1.7,2
CVE-2018-1002004,WordPress Plugin Arigato Autoresponder and Newsletter 2.5 - Blind SQL Injection / Reflected Cross-Site Scripting,http,80,1,1,MEDIUM,1.7,2
CVE-2018-1002005,WordPress Plugin Arigato Autoresponder and Newsletter 2.5 - Blind SQL Injection / Reflected Cross-Site Scripting,http,80,1,1,MEDIUM,1.7,2
CVE-2018-1002006,WordPress Plugin Arigato Autoresponder and Newsletter 2.5 - Blind SQL Injection / Reflected Cross-Site Scripting,http,80,1,1,MEDIUM,1.7,2
CVE-2018-1002007,WordPress Plugin Arigato Autoresponder and Newsletter 2.5 - Blind SQL Injection / Reflected Cross-Site Scripting,http,80,1,1,MEDIUM,1.7,2
CVE-2018-1002008,WordPress Plugin Arigato Autoresponder and Newsletter 2.5 - Blind SQL Injection / Reflected Cross-Site Scripting,http,80,1,1,MEDIUM,1.7,2
CVE-2018-1002009,WordPress Plugin Arigato Autoresponder and Newsletter 2.5 - Blind SQL Injection / Reflected Cross-Site Scripting,http,80,1,1,MEDIUM,1.7,2
CVE-2015-4455,WordPress Plugin Aviary Image Editor Addon For Gravity Forms 3.0 Beta - Arbitrary File Upload,http,80,0,1,CRITICAL,3.9,2
CVE-2018-20556,WordPress Plugin Booking Calendar 8.4.3 - (Authenticated) SQL Injection,http,80,1,1,HIGH,2.8,2
CVE-2014-1889,WordPress Plugin BuddyPress 1.9.1 - Privilege Escalation,http,80,1,1,MEDIUM,2.8,2
CVE-2018-7747,WordPress Plugin Caldera Forms 1.5.9.1 - Cross-Site Scripting,http,80,1,1,MEDIUM,1.7,2
CVE-2013-5977,WordPress Plugin Cart66 1.5.1.14 - Multiple Vulnerabilities,http,80,0,1,MEDIUM,8.6,2
CVE-2013-5978,WordPress Plugin Cart66 1.5.1.14 - Multiple Vulnerabilities,http,80,0,1,MEDIUM,2.8,2
CVE-2014-9305,WordPress Plugin Cart66 Lite eCommerce 1.5.1.17 - Blind SQL Injection,http,80,1,1,MEDIUM,8.0,2
CVE-2015-4127,WordPress Plugin church_admin 0.800 - Persistent Cross-Site Scripting,http,80,0,1,MEDIUM,8.6,2
CVE-2018-11526,WordPress Plugin Comments Import & Export < 2.0.4 - CSV Injection,http,80,0,0,HIGH,1.8,2
CVE-2018-9035,WordPress Plugin Contact Form 7 to Database Extension 2.10.32 - CSV Injection,http,80,0,1,CRITICAL,2.8,2
CVE-2015-6965,WordPress Plugin Contact Form Generator 2.0.1 - Multiple Cross-Site Request Forgery Vulnerabilities,http,80,0,1,MEDIUM,8.6,2
CVE-2015-5533,WordPress Plugin Count Per Day 3.4 - SQL Injection,http,80,1,1,HIGH,1.2,2
CVE-2014-8586,WordPress Plugin CP Multi View Event Calendar 1.01 - SQL Injection,http,80,0,1,HIGH,10.0,2
CVE-2015-7235,WordPress Plugin CP Reservation Calendar 1.1.6 - SQL Injection,http,80,0,1,HIGH,10.0,2
CVE-2014-9119,WordPress Plugin DB Backup - Arbitrary File Download,http,80,0,1,MEDIUM,10.0,2
CVE-2014-5345,WordPress Plugin Disqus 2.7.5 - Cross-Site Request Forgery (Admin Persistent) / Cross-Site Scripting,http,80,0,1,MEDIUM,8.6,2
CVE-2014-5346,WordPress Plugin Disqus 2.7.5 - Cross-Site Request Forgery (Admin Persistent) / Cross-Site Scripting,http,80,0,1,MEDIUM,8.6,2
CVE-2014-5347,WordPress Plugin Disqus 2.7.5 - Cross-Site Request Forgery (Admin Persistent) / Cross-Site Scripting,http,80,0,1,MEDIUM,8.6,2
CVE-2019-15889,WordPress Plugin Download Manager 2.9.93 - Cross-Site Scripting,http,80,0,1,MEDIUM,2.8,2
CVE-2014-9262,WordPress Plugin Duplicator 0.5.8 - Privilege Escalation,http,80,0,1,HIGH,3.9,2
CVE-2018-7543,WordPress Plugin Duplicator 1.2.32 - Cross-Site Scripting,http,80,0,1,MEDIUM,2.8,2
CVE-2015-2084,WordPress Plugin Easy Social Icons 1.2.2 - Cross-Site Request Forgery,http,80,0,1,MEDIUM,8.6,2
CVE-2015-4614,WordPress Plugin Easy2Map 1.24 - SQL Injection,http,80,0,1,HIGH,10.0,2
CVE-2015-4616,WordPress Plugin Easy2Map 1.24 - SQL Injection,http,80,0,1,MEDIUM,10.0,2
CVE-2015-4010,WordPress Plugin Encrypted Contact Form 1.0.4 - Cross-Site Request Forgery,http,80,0,1,MEDIUM,8.6,2
CVE-2015-4018,WordPress Plugin FeedWordPress 2015.0426 - SQL Injection,http,80,1,1,MEDIUM,8.0,2
CVE-2015-4084,WordPress Plugin Free Counter 1.1 - Persistent Cross-Site Scripting,http,80,0,1,MEDIUM,8.6,2
CVE-2014-5201,WordPress Plugin Gallery Objects 0.4 - SQL Injection,http,80,0,1,HIGH,10.0,2
CVE-2015-4066,WordPress Plugin GigPress 2.3.8 - SQL Injection,http,80,1,1,MEDIUM,8.0,2
CVE-2014-9173,WordPress Plugin Google Document Embedder 2.5.14 - SQL Injection,http,80,0,1,HIGH,10.0,2
CVE-2019-9618,WordPress Plugin GraceMedia Media Player 1.0 - Local File Inclusion,http,80,0,1,CRITICAL,3.9,2
CVE-2014-7153,WordPress Plugin Huge-IT Image Gallery 1.0.1 - (Authenticated) SQL Injection,http,80,1,1,MEDIUM,8.0,2
CVE-2014-3842,WordPress Plugin iMember360 3.8.012 < 3.9.001 - Multiple Vulnerabilities,http,80,0,1,MEDIUM,8.6,2
CVE-2014-3848,WordPress Plugin iMember360 3.8.012 < 3.9.001 - Multiple Vulnerabilities,http,80,0,1,MEDIUM,10.0,2
CVE-2014-3849,WordPress Plugin iMember360 3.8.012 < 3.9.001 - Multiple Vulnerabilities,http,80,0,1,MEDIUM,8.6,2
CVE-2014-8948,WordPress Plugin iMember360 3.8.012 < 3.9.001 - Multiple Vulnerabilities,http,80,0,1,MEDIUM,8.6,2
CVE-2014-8949,WordPress Plugin iMember360 3.8.012 < 3.9.001 - Multiple Vulnerabilities,http,80,1,1,MEDIUM,6.8,2
CVE-2019-15092,WordPress Plugin Import Export WordPress Users 1.3.1 - CSV Injection,http,80,1,0,HIGH,1.3,2
CVE-2018-12636,WordPress Plugin iThemes Security < 7.0.3 - SQL Injection,http,80,1,1,HIGH,1.2,2
CVE-2015-2321,WordPress Plugin Job Manager 0.7.22 - Persistent Cross-Site Scripting,http,80,0,1,MEDIUM,8.6,2
CVE-2019-14348,WordPress Plugin JoomSport 3.3 - SQL Injection,http,80,0,1,CRITICAL,3.9,2
CVE-2015-4064,WordPress Plugin Landing Pages 1.8.4 - Multiple Vulnerabilities,http,80,1,1,MEDIUM,8.0,2
CVE-2015-4065,WordPress Plugin Landing Pages 1.8.4 - Multiple Vulnerabilities,http,80,1,1,LOW,6.8,3
CVE-2019-13344,WordPress Plugin Like Button 1.6.0 - Authentication Bypass,http,80,0,1,MEDIUM,3.9,2
CVE-2018-16299,WordPress Plugin Localize My Post 1.0 - Local File Inclusion,http,80,0,1,HIGH,3.9,2
CVE-2014-6312,WordPress Plugin Login Widget With ShortCode 3.1.1 - Multiple Vulnerabilities,http,80,0,1,MEDIUM,8.6,2
CVE-2015-6805,WordPress Plugin MDC Private Message 1.0.0 - Persistent Cross-Site Scripting,http,80,1,1,LOW,6.8,3
CVE-2018-19040,WordPress Plugin Media File Manager 1.4.2 - Directory Traversal / Cross-Site Scripting,http,80,0,1,MEDIUM,3.9,2
CVE-2018-19041,WordPress Plugin Media File Manager 1.4.2 - Directory Traversal / Cross-Site Scripting,http,80,0,1,MEDIUM,2.8,2
CVE-2018-19042,WordPress Plugin Media File Manager 1.4.2 - Directory Traversal / Cross-Site Scripting,http,80,0,1,MEDIUM,3.9,2
CVE-2018-19043,WordPress Plugin Media File Manager 1.4.2 - Directory Traversal / Cross-Site Scripting,http,80,0,1,MEDIUM,3.9,2
CVE-2015-4062,WordPress Plugin NewStatPress 0.9.8 - Multiple Vulnerabilities,http,80,1,1,MEDIUM,8.0,2
CVE-2015-4063,WordPress Plugin NewStatPress 0.9.8 - Multiple Vulnerabilities,http,80,1,1,LOW,6.8,3
CVE-2014-8800,WordPress Plugin Nextend Facebook Connect 1.4.59 - Cross-Site Scripting,http,80,0,1,MEDIUM,8.6,2
CVE-2018-19287,WordPress Plugin Ninja Forms 3.3.17 - Cross-Site Scripting,http,80,0,1,MEDIUM,2.8,2
CVE-2014-8801,WordPress Plugin Paid Memberships Pro 1.7.14.2 - Directory Traversal,http,80,0,1,MEDIUM,10.0,2
CVE-2014-3961,WordPress Plugin Participants Database 1.5.4.8 - SQL Injection,http,80,0,1,HIGH,10.0,2
CVE-2014-9312,WordPress Plugin Photo Gallery 1.2.5 - Unrestricted Arbitrary File Upload,http,80,1,1,HIGH,2.8,2
CVE-2019-16117,WordPress Plugin Photo Gallery 1.5.34 - Cross-Site Scripting,http,80,0,1,MEDIUM,2.8,2
CVE-2019-16118,WordPress Plugin Photo Gallery 1.5.34 - Cross-Site Scripting (2),http,80,0,1,MEDIUM,2.8,2
CVE-2019-16119,WordPress Plugin Photo Gallery 1.5.34 - SQL Injection,http,80,0,1,CRITICAL,3.9,2
CVE-2014-8802,WordPress Plugin Pie Register 2.0.13 - Privilege Escalation,http,80,0,1,MEDIUM,10.0,2
CVE-2015-1365,WordPress Plugin Pixarbay Images 2.3 - Multiple Vulnerabilities,http,80,0,1,MEDIUM,10.0,2
CVE-2015-1366,WordPress Plugin Pixarbay Images 2.3 - Multiple Vulnerabilities,http,80,0,1,MEDIUM,8.6,2
CVE-2015-1375,WordPress Plugin Pixarbay Images 2.3 - Multiple Vulnerabilities,http,80,0,1,HIGH,10.0,2
CVE-2015-1376,WordPress Plugin Pixarbay Images 2.3 - Multiple Vulnerabilities,http,80,1,1,MEDIUM,8.0,2
CVE-2018-15877,WordPress Plugin Plainview Activity Monitor 20161228 - (Authenticated) Command Injection,http,80,1,1,HIGH,2.8,2
CVE-2014-2598,WordPress Plugin Quick Page/Post Redirect 5.0.3 - Multiple Vulnerabilities,http,80,0,1,MEDIUM,8.6,2
CVE-2018-9034,WordPress Plugin Relevanssi 4.0.4 - Reflected Cross-Site Scripting,http,80,1,1,MEDIUM,2.3,2
CVE-2015-4414,WordPress Plugin SE HTML5 Album Audio Player 1.1.0 - Directory Traversal,http,80,0,1,MEDIUM,10.0,2
CVE-2014-9311,WordPress Plugin Shareaholic 7.6.0.3 - Cross-Site Scripting,http,80,1,1,LOW,6.8,3
CVE-2014-9308,WordPress Plugin Shopping Cart 3.0.4 - Unrestricted Arbitrary File Upload,http,80,1,1,MEDIUM,8.0,2
CVE-2015-2826,WordPress Plugin Simple Ads Manager - Information Disclosure,http,80,0,1,MEDIUM,3.9,2
CVE-2015-2824,WordPress Plugin Simple Ads Manager - Multiple SQL Injections,http,80,0,1,HIGH,10.0,2
CVE-2015-2825,WordPress Plugin Simple Ads Manager 2.5.94 - Arbitrary File Upload,http,80,0,1,HIGH,10.0,2
CVE-2019-14328,WordPress Plugin Simple Membership 3.8.4 - Cross-Site Request Forgery,http,80,0,1,HIGH,2.8,2
CVE-2014-4717,WordPress Plugin Simple Share Buttons Adder 4.4 - Multiple Vulnerabilities,http,80,0,1,MEDIUM,8.6,2
CVE-2018-7422,WordPress Plugin Site Editor 1.1.1 - Local File Inclusion,http,80,0,1,HIGH,3.9,2
CVE-2014-5460,WordPress Plugin Slideshow Gallery 1.4.6 - Arbitrary File Upload,http,80,1,1,MEDIUM,8.0,2
CVE-2014-9178,WordPress Plugin SP Client Document Manager 2.4.1 - SQL Injection,http,80,0,1,HIGH,10.0,2
CVE-2014-9179,WordPress Plugin SupportEzzy Ticket System 1.2.5 - Persistent Cross-Site Scripting,http,80,1,1,MEDIUM,8.0,2
CVE-2015-2090,WordPress Plugin Survey and Poll 1.1 - Blind SQL Injection,http,80,0,1,HIGH,10.0,2
CVE-2015-5471,WordPress Plugin Swim Team 1.44.10777 - Arbitrary File Download,http,80,0,1,MEDIUM,3.9,2
CVE-2018-10752,WordPress Plugin Tagregator 0.6 - Cross-Site Scripting,http,80,1,1,MEDIUM,1.7,2
CVE-2015-3300,WordPress Plugin TheCartPress 1.3.9 - Multiple Vulnerabilities,http,80,0,1,MEDIUM,8.6,2
CVE-2015-3301,WordPress Plugin TheCartPress 1.3.9 - Multiple Vulnerabilities,http,80,1,1,MEDIUM,8.0,2
CVE-2015-3302,WordPress Plugin TheCartPress 1.3.9 - Multiple Vulnerabilities,http,80,0,1,HIGH,3.9,2
CVE-2015-3986,WordPress Plugin TheCartPress 1.3.9 - Multiple Vulnerabilities,http,80,0,1,MEDIUM,8.6,2
CVE-2014-2559,WordPress Plugin Twitget 3.3.1 - Multiple Vulnerabilities,http,80,0,1,MEDIUM,8.6,2
CVE-2014-2995,WordPress Plugin Twitget 3.3.1 - Multiple Vulnerabilities,http,80,1,1,LOW,6.8,3
CVE-2019-14470,WordPress Plugin UserPro 4.9.32 - Cross-Site Scripting,http,80,0,1,MEDIUM,2.8,2
CVE-2014-9097,WordPress Plugin Video Gallery 2.5 - Multiple Vulnerabilities,http,80,0,1,HIGH,10.0,2
CVE-2014-9098,WordPress Plugin Video Gallery 2.5 - Multiple Vulnerabilities,http,80,1,1,LOW,6.8,3
CVE-2014-1905,WordPress Plugin VideoWhisper 4.27.3 - Multiple Vulnerabilities,http,80,0,1,HIGH,10.0,2
CVE-2014-1906,WordPress Plugin VideoWhisper 4.27.3 - Multiple Vulnerabilities,http,80,0,1,MEDIUM,8.6,2
CVE-2014-1907,WordPress Plugin VideoWhisper 4.27.3 - Multiple Vulnerabilities,http,80,0,1,MEDIUM,10.0,2
CVE-2014-1908,WordPress Plugin VideoWhisper 4.27.3 - Multiple Vulnerabilities,http,80,0,1,MEDIUM,10.0,2
CVE-2018-16283,WordPress Plugin Wechat Broadcast 1.2.0 - Local File Inclusion,http,80,0,1,CRITICAL,3.9,2
CVE-2019-6780,WordPress Plugin Wisechat 2.6.3 - Reverse Tabnabbing,http,80,0,1,MEDIUM,2.8,2
CVE-2018-20782,WordPress Plugin WooCommerce - GloBee (cryptocurrency) Payment Gateway 1.1.1 - Payment Bypass / Unauthorized Order Status Spoofing,http,80,0,1,HIGH,3.9,2
CVE-2019-1010124,WordPress Plugin WooCommerce Product Feed 2.2.18 - Cross-Site Scripting,http,80,1,1,MEDIUM,2.3,2
CVE-2015-5468,WordPress Plugin WP E-Commerce Shop Styling 2.5 - Arbitrary File Download,http,80,0,1,HIGH,3.9,2
CVE-2014-9308,WordPress Plugin WP EasyCart - Unrestricted Arbitrary File Upload (Metasploit),http,80,1,1,MEDIUM,8.0,2
CVE-2018-8719,WordPress Plugin WP Security Audit Log 3.1.1 - Sensitive Information Disclosure,http,80,0,1,MEDIUM,3.9,2
CVE-2015-3325,WordPress Plugin WP Symposium 15.1 - '&show=' SQL Injection,http,80,0,1,HIGH,10.0,2
CVE-2015-6522,WordPress Plugin WP Symposium 15.1 - 'get_album_item.php' SQL Injection,http,80,0,1,HIGH,10.0,2
CVE-2019-9879,WordPress Plugin WPGraphQL 0.2.3 - Multiple Vulnerabilities,http,80,0,1,CRITICAL,3.9,2
CVE-2019-9880,WordPress Plugin WPGraphQL 0.2.3 - Multiple Vulnerabilities,http,80,0,1,CRITICAL,3.9,2
CVE-2019-9881,WordPress Plugin WPGraphQL 0.2.3 - Multiple Vulnerabilities,http,80,0,1,MEDIUM,3.9,2
CVE-2015-2314,WordPress Plugin WPML 3.1.9 - Multiple Vulnerabilities,http,80,0,1,HIGH,10.0,2
CVE-2015-2315,WordPress Plugin WPML 3.1.9 - Multiple Vulnerabilities,http,80,0,1,MEDIUM,8.6,2
CVE-2015-2791,WordPress Plugin WPML 3.1.9 - Multiple Vulnerabilities,http,80,0,1,MEDIUM,10.0,2
CVE-2014-2340,WordPress Plugin XCloner 3.1.0 - Cross-Site Request Forgery,http,80,0,1,MEDIUM,8.6,2
CVE-2015-4153,WordPress Plugin zM Ajax Login & Register 1.0.9 - Local File Inclusion,http,80,0,1,MEDIUM,10.0,2
CVE-2015-4465,WordPress Plugin zM Ajax Login & Register 1.0.9 - Local File Inclusion,http,80,0,1,MEDIUM,8.6,2
CVE-2013-5692,X2CRM 3.4.1 - Multiple Vulnerabilities,http,80,1,1,HIGH,6.8,2
CVE-2013-5693,X2CRM 3.4.1 - Multiple Vulnerabilities,http,80,0,1,MEDIUM,8.6,2
CVE-2015-5074,X2Engine 4.2 - Arbitrary File Upload,http,80,0,1,HIGH,10.0,2
CVE-2015-5075,X2Engine 4.2 - Cross-Site Request Forgery,http,80,0,1,MEDIUM,8.6,2
CVE-2013-2586,XAMPP 1.8.1 - 'lang.php?WriteIntoLocalDisk method' Local Write Access,http,80,0,1,MEDIUM,8.6,2
CVE-2019-8923,XAMPP 5.6.8 - SQL Injection / Persistent Cross-Site Scripting,http,80,0,1,CRITICAL,3.9,2
CVE-2019-8924,XAMPP 5.6.8 - SQL Injection / Persistent Cross-Site Scripting,http,80,0,1,MEDIUM,2.8,2
CVE-2014-2579,XCloner Standalone 3.5 - Cross-Site Request Forgery,http,80,0,1,HIGH,4.9,2
CVE-2014-2996,XCloner Standalone 3.5 - Cross-Site Request Forgery,http,80,1,1,HIGH,3.9,2
CVE-2015-3141,Xeams 4.5 Build 5755 - Multiple Vulnerabilities,other,5272,0,1,MEDIUM,8.6,2
CVE-2014-8429,xEpan 1.0.1 - Cross-Site Request Forgery,http,80,0,1,MEDIUM,8.6,2
CVE-2014-5520,XRms - Blind SQL Injection / Command Execution,http,80,0,1,HIGH,10.0,2
CVE-2014-5521,XRms - Blind SQL Injection / Command Execution,http,80,1,1,MEDIUM,8.0,2
CVE-2015-7567,Yeager CMS 1.2.1 - Multiple Vulnerabilities,http,80,0,1,CRITICAL,3.9,2
CVE-2015-7568,Yeager CMS 1.2.1 - Multiple Vulnerabilities,http,80,0,1,CRITICAL,3.9,2
CVE-2015-7569,Yeager CMS 1.2.1 - Multiple Vulnerabilities,http,80,1,1,HIGH,2.8,2
CVE-2015-7570,Yeager CMS 1.2.1 - Multiple Vulnerabilities,http,80,0,1,HIGH,3.9,2
CVE-2015-7571,Yeager CMS 1.2.1 - Multiple Vulnerabilities,http,80,0,0,HIGH,1.8,2
CVE-2018-13045,Yeswiki Cercopitheque - 'id' SQL Injection,http,80,0,1,CRITICAL,3.9,2
CVE-2017-17630,Yoga Class Script 1.0 - 'list?city' SQL Injection,http,80,0,1,CRITICAL,3.9,2
CVE-2019-14430,YouPHPTube 7.2 - 'userCreate.json.php' SQL Injection,http,80,0,1,MEDIUM,3.9,2
CVE-2013-5572,Zabbix 2.0.5 - Cleartext ldap_bind_Password Password Disclosure (Metasploit),http,80,1,1,LOW,6.8,3
CVE-2015-8352,Zen Cart 1.5.4 - Local File Inclusion,http,80,0,1,CRITICAL,3.9,2
CVE-2015-5591,ZenPhoto 1.4.8 - Multiple Vulnerabilities,http,80,1,1,HIGH,1.2,2
CVE-2015-5594,ZenPhoto 1.4.8 - Multiple Vulnerabilities,http,80,0,1,MEDIUM,2.8,2
CVE-2015-5595,ZenPhoto 1.4.8 - Multiple Vulnerabilities,http,80,0,1,MEDIUM,2.8,2
CVE-2014-4034,ZeroCMS 1.0 - 'zero_view_article.php' SQL Injection,http,80,0,1,HIGH,10.0,2
CVE-2018-13980,Zeta Producer Desktop CMS 14.2.0 - Remote Code Execution / Local File Disclosure,http,80,1,0,MEDIUM,1.8,2
CVE-2018-13981,Zeta Producer Desktop CMS 14.2.0 - Remote Code Execution / Local File Disclosure,http,80,0,1,CRITICAL,3.9,2
CVE-2010-5322,Zeuscart 4.0 - Multiple Vulnerabilities,http,80,0,1,MEDIUM,8.6,2
CVE-2015-2182,Zeuscart 4.0 - Multiple Vulnerabilities,http,80,0,1,MEDIUM,8.6,2
CVE-2015-2183,Zeuscart 4.0 - Multiple Vulnerabilities,http,80,0,1,HIGH,10.0,2
CVE-2015-2184,Zeuscart 4.0 - Multiple Vulnerabilities,http,80,0,1,MEDIUM,10.0,2
CVE-2014-9235,Zoph 0.9.1 - Multiple Vulnerabilities,http,80,1,1,MEDIUM,8.0,2
CVE-2014-9236,Zoph 0.9.1 - Multiple Vulnerabilities,http,80,0,1,MEDIUM,8.6,2
CVE-2019-9082,zzzphp CMS 1.6.1 - Cross-Site Request Forgery,http,80,0,1,HIGH,2.8,1
CVE-2017-6326,Symantec Messaging Gateway 10.6.2-7 - Remote Code Execution (Metasploit),https,443,0,1,CRITICAL,3.9,2
CVE-2016-6186,Django CMS 3.3.0 - Editor Snippet Persistent Cross-Site Scripting,http,80,0,1,MEDIUM,2.8,2
CVE-2016-2098,Ruby on Rails ActionPack Inline ERB - Code Execution (Metasploit),http,80,0,1,HIGH,3.9,2
CVE-2019-10226,Fat Free CRM 0.19.0 - HTML Injection,http,80,0,1,MEDIUM,2.8,2
CVE-2016-4340,GitLab - 'impersonate' Feature Privilege Escalation,http,80,1,1,HIGH,2.8,2
CVE-2004-0396,CVS - Remote Entry Line Root Heap Overflow,other,2401,0,1,HIGH,10.0,2
CVE-2001-0010,ISC BIND 8.2.x - 'TSIG' Remote Stack Overflow (3),dns,53,0,1,HIGH,10.0,2
CVE-1999-0744,Netscape Enterprise Server 4.0/sparc/SunOS 5.7 - Remote Command Execution,http,80,0,1,HIGH,10.0,2
CVE-2007-0882,Solaris 10/11 Telnet - Remote Authentication Bypass (Metasploit),telnet,23,0,1,HIGH,10.0,2
CVE-2001-0797,Solaris 2.5.1/2.6/7/8 rlogin (SPARC) - '/bin/login' Remote Buffer Overflow,rlogin,513,0,1,HIGH,10.0,2
CVE-2001-0803,Solaris 8 dtspcd - Remote Heap Overflow (Metasploit),other,6112,0,1,HIGH,10.0,2
CVE-2001-1583,Solaris 8.0 LPD - Command Execution (Metasploit),other,515,0,1,HIGH,10.0,2
CVE-2008-4556,Solaris 9 (UltraSPARC) - 'sadmind' Remote Code Execution,rpc,111,0,1,HIGH,10.0,2
CVE-2003-0722,Solaris Sadmind - Default Configuration Remote Code Execution,rpc,111,0,1,HIGH,10.0,2
CVE-1999-0977,Solaris sadmind - Remote Buffer Overflow,rpc,111,0,1,HIGH,10.0,2
CVE-2008-4556,Solaris sadmind adm_build_path - Remote Buffer Overflow (Metasploit),rpc,111,0,1,HIGH,10.0,2
CVE-2001-0797,Solaris TelnetD - 'TTYPROMPT' Remote Buffer Overflow (1) (Metasploit),telnet,23,0,1,HIGH,10.0,2
CVE-2007-0882,SunOS 5.10/5.11 in.TelnetD - Remote Authentication Bypass,telnet,23,0,1,HIGH,10.0,2
CVE-2000-0573,WU-FTPD 2.6.0 - Remote Format Strings,ftp,21,0,1,HIGH,10.0,2
CVE-2002-0082,Apache mod_ssl < 2.8.7 OpenSSL - 'OpenFuck.c' Remote Buffer Overflow,http,80,0,1,HIGH,10.0,2
CVE-2002-0082,Apache mod_ssl < 2.8.7 OpenSSL - 'OpenFuckV2.c' Remote Buffer Overflow (1),http,80,0,1,HIGH,10.0,2
CVE-2002-0082,Apache mod_ssl < 2.8.7 OpenSSL - 'OpenFuckV2.c' Remote Buffer Overflow (2),http,80,0,1,HIGH,10.0,2
CVE-2002-0656,Apache mod_ssl OpenSSL < 0.9.6d / < 0.9.7-beta2 - 'openssl-too-open.c' SSL2 KEY_ARG Overflow,http,80,0,1,HIGH,10.0,2
CVE-2014-3828,Centreon - SQL Injection / Command Injection (Metasploit),http,80,0,1,HIGH,10.0,2
CVE-2019-1935,Cisco UCS Director - default scpuser password (Metasploit),ssh,22,0,1,CRITICAL,3.9,2
CVE-2014-2928,F5 iControl - Remote Command Execution (Metasploit),https,443,1,1,HIGH,3.9,2
CVE-2015-2843,GoAutoDial CE 3.3 - Authentication Bypass / Command Injection (Metasploit),https,443,0,1,HIGH,10.0,2
CVE-2015-2845,GoAutoDial CE 3.3 - Authentication Bypass / Command Injection (Metasploit),https,443,0,1,HIGH,10.0,2
CVE-2013-4835,HP SiteScope issueSiebelCmd - Remote Code Execution (Metasploit),http-alt,8080,0,1,HIGH,10.0,2
CVE-2016-9722,IBM QRadar SIEM - Remote Code Execution (Metasploit),https,443,1,1,MEDIUM,1.6,2
CVE-2018-1418,IBM QRadar SIEM - Remote Code Execution (Metasploit),https,443,1,1,HIGH,2.8,2
CVE-2018-1612,IBM QRadar SIEM - Remote Code Execution (Metasploit),https,443,0,1,MEDIUM,3.9,2
CVE-2017-15944,Palo Alto Networks - 'readSessionVarsFromFile()' Session Corruption (Metasploit),https,443,0,1,CRITICAL,3.9,1
CVE-2014-2849,Sophos Web Protection Appliance Interface - (Authenticated) Arbitrary Command Execution (Metasploit),https,443,1,1,HIGH,8.0,2
CVE-2014-2850,Sophos Web Protection Appliance Interface - (Authenticated) Arbitrary Command Execution (Metasploit),https,443,1,1,HIGH,6.8,2
CVE-2006-2447,SpamAssassin spamd 3.1.3 - Command Injection (Metasploit),other,783,0,1,MEDIUM,4.9,2
CVE-2013-6955,Synology DiskStation Manager - SLICEUPLOAD Remote Command Execution (Metasploit),other,5000,0,1,HIGH,10.0,2
CVE-2014-3008,Unitrends Enterprise Backup 7.3.0 - Root Remote Code Execution (Metasploit),https,443,0,1,HIGH,10.0,2
CVE-2014-3139,Unitrends Enterprise Backup 7.3.0 - Root Remote Code Execution (Metasploit),https,443,0,1,HIGH,10.0,2
CVE-2012-2982,Webmin 1.580 - '/file/show.cgi' Remote Command Execution (Metasploit),other,10000,1,1,MEDIUM,8.0,2
CVE-2006-6184,Allied Telesyn TFTP (AT-TFTP) Server/Daemon 2.0 - Stack Buffer Overflow (Denial of Service) (PoC),other,69,0,1,HIGH,10.0,2
CVE-2005-0382,Breed patch #1 - Zero-Length Remote Crash,other,7649,0,1,MEDIUM,10.0,2
CVE-2007-3340,BugHunter HTTP Server 1.6.2 - 'httpsv.exe' GET 404 Remote Denial of Service,http,80,0,1,HIGH,10.0,2
CVE-2006-2961,CesarFTP 0.99g - XCWD Denial of Service,ftp,21,0,1,HIGH,10.0,2
CVE-2010-1174,Cisco TFTP Server 1.1 - Denial of Service,other,69,0,1,MEDIUM,10.0,2
CVE-2019-9649,Core FTP Server FTP / SFTP Server v2 Build 674 - 'MDTM' Directory Traversal,ftp,21,0,1,MEDIUM,3.9,2
CVE-2019-9648,Core FTP Server FTP / SFTP Server v2 Build 674 - 'SIZE' Directory Traversal,ftp,21,0,1,MEDIUM,3.9,2
CVE-2015-5696,Dell Netvault Backup 10.0.1.24 - Denial of Service,other,20031,0,1,MEDIUM,10.0,2
CVE-2014-8652,Elipse E3 - HTTP Denial of Service,http,80,0,1,MEDIUM,10.0,2
CVE-2009-3744,EMC RepliStor Server 6.3.1.3 - Denial of Service,other,7144,0,1,MEDIUM,10.0,2
CVE-2004-1696,Emulive Server4 Build 7560 - Remote Denial of Service,other,66,0,1,MEDIUM,10.0,2
CVE-2009-3837,Eureka Email Client 2.2q - Buffer Overflow (PoC),pop3,110,0,1,HIGH,8.6,2
CVE-2015-2281,Fortinet Single Sign On - Stack Overflow,other,8000,0,1,HIGH,10.0,2
CVE-2014-2087,Free Download Manager - Stack Buffer Overflow,http,80,0,1,HIGH,8.6,2
CVE-2007-1580,FTPDMIN 0.96 - 'LIST' Remote Denial of Service,ftp,21,1,1,MEDIUM,6.8,2
CVE-2009-4051,Home FTP Server 1.10.1.139 - 'SITE INDEX' Remote Denial of Service,ftp,21,0,1,MEDIUM,10.0,2
CVE-2009-3840,IBM SolidDB - Invalid Error Code,other,2315,0,1,MEDIUM,10.0,2
CVE-2012-1830,Kingview Touchview 6.53 - EIP Overwrite,other,555,0,1,HIGH,10.0,2
CVE-2011-5166,KnFTP 1.0.0 Server - Multiple Buffer Overflows (PoC) (SEH),ftp,21,0,1,HIGH,10.0,2
CVE-2015-7767,Konica Minolta FTP Utility 1.0 - Remote Denial of Service (PoC),ftp,21,0,1,HIGH,10.0,2
CVE-2018-8269,Microsoft Office SharePoint Server 2016 - Denial of Service (Metasploit),https,443,0,1,HIGH,3.9,2
CVE-2015-1635,Microsoft Windows - 'HTTP.sys' HTTP Request Parsing Denial of Service (MS15-034),http,80,0,1,CRITICAL,3.9,1
CVE-2017-0143,Microsoft Windows - SMB Remote Code Execution Scanner (MS17-010) (Metasploit),smb,445,1,1,HIGH,2.8,1
CVE-2017-0144,Microsoft Windows - SMB Remote Code Execution Scanner (MS17-010) (Metasploit),smb,445,1,1,HIGH,2.8,1
CVE-2017-0145,Microsoft Windows - SMB Remote Code Execution Scanner (MS17-010) (Metasploit),smb,445,1,1,HIGH,2.8,1
CVE-2017-0146,Microsoft Windows - SMB Remote Code Execution Scanner (MS17-010) (Metasploit),smb,445,1,1,HIGH,2.8,1
CVE-2017-0147,Microsoft Windows - SMB Remote Code Execution Scanner (MS17-010) (Metasploit),smb,445,0,1,HIGH,3.9,1
CVE-2017-0148,Microsoft Windows - SMB Remote Code Execution Scanner (MS17-010) (Metasploit),smb,445,0,1,HIGH,2.2,1
CVE-2009-3103,Microsoft Windows 7/2008 R2 - Remote Kernel Crash,smb,445,0,1,HIGH,10.0,2
CVE-2019-0708,Microsoft Windows Remote Desktop - 'BlueKeep' Denial of Service (Metasploit),rdp,3389,0,1,CRITICAL,3.9,1
CVE-2009-4654,Novell eDirectory - HTTPSTK Login Stack Overflow,http,80,1,1,HIGH,8.0,2
CVE-2004-1698,PopMessenger 1.60 - Remote Denial of Service,other,8473,0,1,MEDIUM,10.0,2
CVE-2004-0313,PSOProxy 0.91 - Stack Buffer Overflow (Metasploit),http-alt,8080,0,1,HIGH,10.0,1
CVE-2000-0272,RealNetworks Real Server 7.0 / GameHouse dldisplay ActiveX control 0 - Denial of Service,other,7070,0,1,HIGH,10.0,2
CVE-2014-0995,SAP NetWeaver Enqueue Server - Denial of Service,other,3200,0,1,MEDIUM,10.0,2
CVE-2010-2115,SolarWinds TFTP Server 10.4.0.10 - Denial of Service,other,69,0,1,MEDIUM,10.0,2
CVE-2005-0280,SOLDNER Secret Wars 30830 - Denial of Service,other,20000,0,1,HIGH,10.0,2
CVE-2014-100014,SolidWorks Workgroup PDM 2014 SP2 Opcode 2001 - Denial of Service,other,30000,0,1,HIGH,10.0,2
CVE-2009-4105,TYPSoft FTP Server 1.10 - APPE DELE Denial of Service,ftp,21,1,1,LOW,6.8,3
CVE-2009-4048,XM Easy Personal FTP Server - 'APPE' / 'DELE' Denial of Service,ftp,21,1,1,MEDIUM,8.0,2
CVE-2009-4108,XM Easy Personal FTP Server - 'APPE' / 'DELE' Denial of Service,ftp,21,1,1,MEDIUM,8.0,2
CVE-2009-3643,XM Easy Personal FTP Server 5.8.0 - Denial of Service (Metasploit),ftp,21,0,1,MEDIUM,10.0,2
CVE-2009-4048,XM Easy Personal FTP Server 5.8.0 - Remote Denial of Service,ftp,21,1,1,MEDIUM,8.0,2
CVE-2009-4108,XM Easy Personal FTP Server 5.8.0 - Remote Denial of Service,ftp,21,1,1,MEDIUM,8.0,2
CVE-2005-0325,Xpand Rally 1.0.0.0 (Server/Clients) - Crash,other,28015,0,1,MEDIUM,10.0,2
CVE-2005-0277,3Com 3CDaemon FTP - Unauthorized 'USER' Remote Buffer Overflow,ftp,21,0,1,MEDIUM,10.0,2
CVE-2005-0277,3Com FTP Server 2.0 - Remote Overflow,ftp,21,0,1,MEDIUM,10.0,2
CVE-2006-6183,3Com TFTP Service (3CTftpSvc) 2.0.1 - 'Long Transporting Mode' Remote Overflow,other,69,0,1,HIGH,10.0,2
CVE-2006-6183,3Com TFTP Service (3CTftpSvc) 2.0.1 - Long Transporting Mode,other,69,0,1,HIGH,10.0,2
CVE-2006-6183,3Com TFTP Service (3CTftpSvc) 2.0.1 - Remote Buffer Overflow (Metasploit),other,69,0,1,HIGH,10.0,2
CVE-2005-0419,3CServer 1.1 (FTP Server) - Remote Overflow,ftp,21,0,1,HIGH,10.0,2
CVE-2004-1626,Ability Server 2.34 (Unix) - FTP 'STOR' Remote Buffer Overflow,ftp,21,0,1,MEDIUM,10.0,2
CVE-2004-1627,Ability Server 2.34 - 'APPE' Remote Buffer Overflow,ftp,21,0,1,HIGH,10.0,2
CVE-2004-1626,Ability Server 2.34 - FTP 'STOR' Remote Buffer Overflow,ftp,21,0,1,MEDIUM,10.0,2
CVE-2016-0854,Advantech Webaccess Dashboard Viewer - Arbitrary File Upload (Metasploit),http,80,0,1,CRITICAL,3.9,2
CVE-2006-5596,AEP SmartGate 4.3b - 'GET' Arbitrary File Download,imap,143,0,1,HIGH,10.0,2
CVE-2006-5725,AEP SmartGate 4.3b - 'GET' Arbitrary File Download,imap,143,0,1,MEDIUM,10.0,2
CVE-2006-6184,Allied Telesyn TFTP (AT-TFTP) Server/Daemon 1.9 - 'Filename' Remote Buffer Overflow,other,69,0,1,HIGH,10.0,2
CVE-2004-1546,Alt-N MDaemon 6.5.1 - IMAP/SMTP Remote Buffer Overflow,imap,143,0,1,MEDIUM,10.0,2
CVE-2003-1200,Alt-N MDaemon 6.8.5 - WorldClient 'form2raw.cgi' Remote Stack Buffer Overflow (Metasploit),other,3000,0,1,HIGH,10.0,1
CVE-2008-1358,Alt-N MDaemon IMAP server 9.6.4 - 'FETCH' Remote Buffer Overflow,imap,143,1,1,MEDIUM,8.0,2
CVE-2006-4364,Alt-N MDaemon POP3 Server < 9.06 - 'USER' Remote Heap Overflow,pop3,110,0,1,MEDIUM,10.0,2
CVE-2008-4193,Alt-N SecurityGateway 1.0.1 - 'Username' Remote Buffer Overflow (Metasploit),other,4000,0,1,HIGH,10.0,1
CVE-2008-4193,Alt-N SecurityGateway 1.00-1.01 - Remote Stack Overflow,other,4000,0,1,HIGH,10.0,2
CVE-2003-0471,Alt-N WebAdmin 2.0.4 - USER Buffer Overflow (Metasploit),other,1000,0,1,HIGH,10.0,2
CVE-2006-3747,Apache 2.0.58 mod_rewrite (Windows 2003) - Remote Overflow,http,80,0,1,HIGH,4.9,2
CVE-2006-3747,Apache mod_rewrite - LDAP protocol Buffer Overflow (Metasploit),http,80,0,1,HIGH,4.9,1
CVE-2019-0232,Apache Tomcat - CGIServlet enableCmdLineArguments Remote Code Execution (Metasploit),http-alt,8080,0,1,HIGH,2.2,2
CVE-2008-1491,ASUS DPC Proxy 2.0.0.16/19 - Remote Buffer Overflow,other,623,0,1,HIGH,10.0,2
CVE-2005-0595,BadBlue 2.5 - 'ext.dll' Remote Buffer Overflow (Metasploit),http,80,0,1,HIGH,10.0,1
CVE-2005-0595,BadBlue 2.5 - Easy File Sharing Remote Buffer Overflow,http,80,0,1,HIGH,10.0,2
CVE-2007-6377,BadBlue 2.72 - PassThru Remote Buffer Overflow,http,80,0,1,HIGH,10.0,2
CVE-2005-1009,BakBone NetVault 6.x/7.x - Remote Heap Buffer Overflow (1),other,20031,0,1,HIGH,10.0,2
CVE-2005-1547,BakBone NetVault 6.x/7.x - Remote Heap Buffer Overflow (1),other,20031,0,1,HIGH,10.0,2
CVE-2005-1009,BakBone NetVault 6.x/7.x - Remote Heap Buffer Overflow (2),other,20031,0,1,HIGH,10.0,2
CVE-2008-5457,BEA WebLogic - JSESSIONID Cookie Value Overflow (Metasploit),http,80,0,1,HIGH,10.0,1
CVE-2008-4008,BEA Weblogic - Transfer-Encoding Buffer Overflow (Metasploit),http,80,0,1,HIGH,10.0,1
CVE-2008-3257,Bea Weblogic Apache Connector - Code Execution / Denial of Service,http,80,0,1,HIGH,10.0,2
CVE-2008-1914,BigAnt Server 2.2 - Remote Overflow (SEH),other,6080,0,1,HIGH,10.0,2
CVE-2008-1914,BigAnt Server 2.50 - GET Remote Buffer Overflow (SEH),other,6660,0,1,HIGH,10.0,2
CVE-2009-4660,BigAnt Server 2.50 - GET Remote Buffer Overflow (SEH),other,6660,0,1,HIGH,10.0,2
CVE-2008-1914,BigAnt Server 2.50 - GET Universal Remote Buffer Overflow (SEH),other,6660,0,1,HIGH,10.0,2
CVE-2009-4660,BigAnt Server 2.50 - GET Universal Remote Buffer Overflow (SEH),other,6660,0,1,HIGH,10.0,2
CVE-2015-7602,BisonWare BisonFTP Server 3.5 - Directory Traversal,ftp,21,0,1,HIGH,10.0,2
CVE-2004-1439,BlackJumboDog FTP Server - Remote Buffer Overflow,ftp,21,0,1,HIGH,10.0,2
CVE-2004-1439,BlackJumboDog FTP Server 3.6.1 - Remote Buffer Overflow,ftp,21,0,1,HIGH,10.0,2
CVE-2005-4085,Blue Coat WinProxy - Host Header Overflow (Metasploit),http,80,0,1,HIGH,10.0,1
CVE-2005-4085,BlueCoat WinProxy 6.0 R1c - 'Host' Remote Stack Overflow (SEH),http,80,0,1,HIGH,10.0,2
CVE-2004-2074,BolinTech DreamFTP Server 1.02 - Format String (Metasploit),ftp,21,0,1,MEDIUM,10.0,2
CVE-2004-2074,BolinTech DreamFTP Server 1.2 (1.02/TryFTP 1.0.0.1) - Remote User Name Format String,ftp,21,0,1,MEDIUM,10.0,2
CVE-2009-2227,Bopup Communications Server 3.2.26.5460 - Remote Buffer Overflow (SEH),other,19810,0,1,HIGH,10.0,2
CVE-2009-2227,Bopup Communications Server 3.2.26.5460 - Remote SYSTEM,other,19810,0,1,HIGH,10.0,2
CVE-2008-5754,BulletProof FTP Client 2.63 b56 - '.bps' File Stack Buffer Overflow,ftp,21,0,1,HIGH,8.6,2
CVE-2007-0449,CA BrightStor ARCserve - 'lgserver.exe' Remote Stack Overflow,other,1900,0,1,HIGH,10.0,2
CVE-2007-0449,CA BrightStor ARCserve - 'msgeng.exe' Remote Heap Overflow (1),other,6503,0,1,HIGH,10.0,2
CVE-2007-0449,CA BrightStor ARCserve - 'msgeng.exe' Remote Heap Overflow (2),other,6503,0,1,HIGH,10.0,2
CVE-2006-5143,CA BrightStor ARCserve - 'msgeng.exe' Remote Stack Overflow,other,6503,0,1,HIGH,10.0,2
CVE-2006-6917,CA BrightStor ARCserve - 'tapeeng.exe' Remote Buffer Overflow,other,6502,0,1,HIGH,10.0,2
CVE-2006-6379,CA BrightStor ARCserve Backup - Remote Overflow,other,6070,0,1,HIGH,10.0,2
CVE-2005-1272,CA BrightStor ARCserve Backup Agent - 'dbasqlr.exe' Remote Overflow,other,6070,0,1,HIGH,10.0,2
CVE-2007-1785,CA BrightStor Backup 11.5.2.0 - 'Mediasvr.exe' Remote Code,rpc,111,1,1,HIGH,3.9,2
CVE-2005-3190,CA iTechnology iGateway - 'Debug Mode' Remote Buffer Overflow,other,5250,0,1,HIGH,10.0,2
CVE-2005-3190,CA iTechnology iGateway - Debug Mode Buffer Overflow (Metasploit),other,5250,0,1,HIGH,10.0,1
CVE-2005-0581,CA License Server - 'GETCONFIG' Remote Buffer Overflow,other,10203,0,0,MEDIUM,3.9,2
CVE-2005-0582,CA License Server - 'GETCONFIG' Remote Buffer Overflow,other,10203,0,1,HIGH,10.0,2
CVE-2004-2685,CCProxy 6.2 - 'ping' Remote Buffer Overflow,telnet,23,0,1,HIGH,10.0,2
CVE-2004-2416,CCProxy Log - Remote Stack Overflow,other,808,0,1,HIGH,10.0,2
CVE-2008-0394,Citadel SMTP 7.10 - Remote Overflow,smtp,25,0,1,HIGH,10.0,2
CVE-2008-2639,CitectSCADA ODBC Server - Remote Stack Buffer Overflow (Metasploit),other,2022,0,1,HIGH,4.9,1
CVE-2018-6892,CloudMe Sync 1.10.9 - Stack-Based Buffer Overflow (Metasploit),other,8888,0,1,CRITICAL,3.9,2
CVE-2005-0581,Computer Associates License Client - GETCONFIG Overflow (Metasploit),other,10203,0,0,MEDIUM,3.9,2
CVE-2005-0581,Computer Associates License Server - GETCONFIG Overflow (Metasploit),other,10202,0,0,MEDIUM,3.9,2
CVE-2004-1327,CrystalFTP Pro 2.8 - Remote Buffer Overflow,ftp,21,0,1,HIGH,10.0,2
CVE-2018-9842,CyberArk 9.7 - Memory Disclosure,other,1858,0,1,MEDIUM,3.9,2
CVE-2005-2842,DameWare Mini Remote Control 4.0 < 4.9 - Client Agent Remote Overflow,other,6129,0,1,HIGH,10.0,2
CVE-2018-10594,Delta Electronics Delta Industrial Automation COMMGR 1.08 - Stack Buffer Overflow (Metasploit),other,502,0,1,CRITICAL,3.9,2
CVE-2013-7390,DesktopCentral AgentLogUpload - Arbitrary File Upload (Metasploit),other,8020,0,1,CRITICAL,3.9,2
CVE-2014-5007,DesktopCentral AgentLogUpload - Arbitrary File Upload (Metasploit),other,8020,0,1,CRITICAL,3.9,2
CVE-2004-1533,DMS POP3 Server 1.5.3 build 37 - Remote Buffer Overflow,pop3,110,0,1,MEDIUM,10.0,2
CVE-2006-6853,Durian Web Application Server 3.02 - Remote Buffer Overflow,other,4002,0,1,HIGH,10.0,2
CVE-2005-1903,e-Post SPA-PRO 4.01 - 'imap' Remote Buffer Overflow,imap,143,0,0,LOW,3.9,3
CVE-2006-3952,Easy File Sharing FTP Server 2.0 (Windows 2000 SP4) - 'PASS' Remote Overflow,ftp,21,0,1,HIGH,10.0,2
CVE-2006-3952,Easy File Sharing FTP Server 2.0 - 'PASS' Remote,ftp,21,0,1,HIGH,10.0,2
CVE-2006-3952,Easy File Sharing FTP Server 3.5 - Remote Stack Buffer Overflow,ftp,21,0,1,HIGH,10.0,2
CVE-2006-5714,Easy File Sharing Web Server 4 - Remote Information Stealer,http,80,0,1,MEDIUM,10.0,2
CVE-2014-3791,Easy File Sharing Web Server 6.8 - Remote Stack Buffer Overflow,http,80,0,1,HIGH,10.0,2
CVE-2018-9059,Easy File Sharing Web Server 7.2 - Stack Buffer Overflow,http,80,0,1,CRITICAL,3.9,2
CVE-2005-2551,eDirectory 8.7.3 - iMonitor Remote Stack Buffer Overflow (Metasploit),other,8008,0,1,HIGH,10.0,1
CVE-2004-2466,EFS Easy Chat Server - Authentication Request Handling Buffer Overflow (Metasploit),http,80,0,1,MEDIUM,10.0,2
CVE-2007-5699,eIQnetworks ESA SEARCHREPORT - Remote Overflow (Metasploit),other,10616,0,1,MEDIUM,8.6,2
CVE-2006-3838,eIQnetworks License Manager - Remote Buffer Overflow (Metasploit) (1),other,10616,0,1,HIGH,10.0,2
CVE-2006-3838,eIQnetworks License Manager - Remote Buffer Overflow (Metasploit) (3),other,10616,0,1,HIGH,10.0,2
CVE-2006-3838,eIQnetworks License Manager - Remote Buffer Overflow (multi) (1),other,10616,0,1,HIGH,10.0,2
CVE-2013-0928,EMC AlphaStor Device Manager Opcode 0x75 - Command Injection (Metasploit),other,3000,0,1,HIGH,8.6,2
CVE-2013-0946,EMC AlphaStor Library Manager < 4.0 build 910 - Opcode 0x4f Buffer Overflow (Metasploit),other,3500,0,1,HIGH,8.6,2
CVE-2010-0620,EMC HomeBase Server - Directory Traversal Remote Code Execution (Metasploit),other,18821,0,1,HIGH,8.6,1
CVE-2014-3913,Ericom AccessNow Server - Remote Buffer Overflow (Metasploit),http-alt,8080,0,1,HIGH,10.0,2
CVE-2004-1868,eSignal 7.6 - STREAMQUOTE Remote Buffer Overflow,http,80,0,1,HIGH,10.0,2
CVE-2007-1770,ESRI ArcSDE 9.0 < 9.2sp1 - Remote Buffer Overflow,other,5151,0,1,HIGH,10.0,2
CVE-2006-0189,eStara SoftPhone 3.0.1.46 - SIP Remote Buffer Overflow (2),other,5060,0,1,HIGH,10.0,2
CVE-2005-4267,Eudora Qualcomm WorldMail 3.0 - 'IMAPd' Remote Overflow,imap,143,0,1,HIGH,10.0,2
CVE-2006-0637,Eudora Qualcomm WorldMail 3.0 - 'IMAPd' Remote Overflow,imap,143,0,1,HIGH,10.0,2
CVE-2020-0688,Exchange Control Panel - Viewstate Deserialization (Metasploit),https,443,1,1,HIGH,2.8,1
CVE-2006-0537,eXchange POP3 5.0.050203 - RPCT TO Remote Buffer Overflow,smtp,25,0,1,HIGH,10.0,2
CVE-2003-1339,Eznet 3.5.0 - Remote Stack Overflow / Denial of Service,http,80,0,1,HIGH,10.0,2
CVE-2003-1339,Eznet 3.5.0 - Remote Stack Overflow Universal,http,80,0,1,HIGH,10.0,2
CVE-2006-0319,Farmers WIFE 4.4 sp1 - 'FTP' Remote System Access,other,22003,0,1,MEDIUM,10.0,2
CVE-2019-16724,File Sharing Wizard 1.5.0 - POST SEH Overflow,http,80,0,1,CRITICAL,3.9,2
CVE-2006-3726,FileCOPA FTP Server (Pre 18 Jul Version) - 'LIST' Remote Buffer Overflow (Metasploit),ftp,21,1,1,MEDIUM,8.0,2
CVE-2006-3726,FileCOPA FTP Server 1.01 - 'LIST' Remote Buffer Overflow (Metasploit),ftp,21,1,1,MEDIUM,8.0,2
CVE-2014-1216,Fitnesse Wiki - Remote Command Execution (Metasploit),http,80,0,1,HIGH,10.0,2
CVE-2008-4321,FlashGet 1.9.0.1012 - 'FTP PWD Response' SEH Stack Overflow,ftp,21,0,1,HIGH,8.6,2
CVE-2005-0635,Foxmail 1.1.0.1 - POP3 Temp Dir Stack Overflow,pop3,110,0,1,HIGH,10.0,2
CVE-2009-0183,Free Download Manager 2.5 Build 758 - Remote Control Server Buffer Overflow (Metasploit),http,80,0,1,HIGH,10.0,1
CVE-2005-3683,freeFTPd 1.0.8 - 'USER' Remote Buffer Overflow,ftp,21,0,1,HIGH,10.0,2
CVE-2005-3684,freeFTPd 1.0.8 - 'USER' Remote Buffer Overflow,ftp,21,0,1,HIGH,10.0,2
CVE-2006-2407,freeSSHd 1.0.9 - Key Exchange Algorithm Buffer Overflow,ssh,22,0,1,HIGH,10.0,2
CVE-2008-6899,freeSSHd 1.2.1 - 'rename' Remote Buffer Overflow (SEH),ssh,22,1,1,HIGH,8.0,2
CVE-2008-2573,freeSSHd 1.2.1 - (Authenticated) Remote Overflow (SEH),ssh,22,1,1,HIGH,6.8,2
CVE-2007-1645,FutureSoft TFTP Server 2000 - Remote Overwrite (SEH),other,69,0,1,HIGH,10.0,2
CVE-2000-0665,GAMSoft TelSrv 1.5 - 'Username' Remote Buffer Overflow (Metasploit),telnet,23,0,1,MEDIUM,10.0,2
CVE-2014-0750,GE Proficy CIMPLICITY - 'gefebt.exe' Remote Code Execution (Metasploit),http,80,0,1,HIGH,10.0,2
CVE-2005-1415,GlobalScape Secure FTP Server 3.0 - Remote Buffer Overflow,ftp,21,0,1,HIGH,10.0,2
CVE-2005-4553,Golden FTP Server 1.92 - 'APPE' Remote Overflow (Metasploit),ftp,21,0,1,HIGH,10.0,2
CVE-2005-0566,Golden FTP Server 2.02b - Remote Buffer Overflow,ftp,21,0,1,HIGH,10.0,2
CVE-2009-4194,Golden FTP Server 4.30 - File Deletion,ftp,21,1,1,HIGH,2.8,2
CVE-2006-6576,Golden FTP Server 4.70 - PASS Stack Buffer Overflow (Metasploit),ftp,21,0,1,HIGH,10.0,1
CVE-2005-0634,Golden FTP Server Pro 2.52 - Remote Buffer Overflow (1),ftp,21,0,1,HIGH,10.0,2
CVE-2005-0634,Golden FTP Server Pro 2.52 - Remote Buffer Overflow (2),ftp,21,0,1,HIGH,10.0,2
CVE-2005-0634,Golden FTP Server Pro 2.52 - Remote Buffer Overflow (3),ftp,21,0,1,HIGH,10.0,2
CVE-2008-4726,GoodTech SSH - 'SSH_FXP_OPEN' Remote Buffer Overflow,ssh,22,1,1,HIGH,8.0,2
CVE-2005-0768,GoodTech Telnet Server 5.0.6 - Remote Buffer Overflow (Metasploit),other,2380,0,1,HIGH,10.0,1
CVE-2006-6026,Helix Server 11.0.1 (Windows 2000 SP4) - Remote Heap Overflow,other,554,0,1,HIGH,10.0,2
CVE-2009-2685,Hewlett-Packard (HP) Power Manager Administration - Remote Buffer Overflow (Metasploit),http,80,0,1,HIGH,10.0,1
CVE-2009-2685,Hewlett-Packard (HP) Power Manager Administration Power Manager Administration - Universal Buffer Overflow,http,80,0,1,HIGH,10.0,2
CVE-2009-4053,Home FTP Server - 'MKD' Directory Traversal,ftp,21,1,1,MEDIUM,2.8,2
CVE-2011-1865,HP - 'OmniInet.exe' Opcode 27 Buffer Overflow (Metasploit),other,5555,0,1,HIGH,10.0,1
CVE-2009-3844,HP Application Recovery Manager - 'OmniInet.exe' Remote Buffer Overflow,other,5555,0,1,HIGH,10.0,2
CVE-2013-2347,HP Data Protector - 'EXEC_BAR' Remote Command Execution,other,5555,0,1,HIGH,10.0,2
CVE-2013-6194,HP Data Protector - Backup Client Service Directory Traversal (Metasploit),other,5555,0,1,HIGH,10.0,2
CVE-2013-2347,HP Data Protector - Backup Client Service Remote Code Execution (Metasploit),other,5555,0,1,HIGH,10.0,2
CVE-2012-0124,HP Data Protector - Create New Folder Buffer Overflow (Metasploit),other,3817,0,1,HIGH,10.0,2
CVE-2011-1865,HP Data Protector 6.11 - Remote Buffer Overflow (DEP Bypass),other,5555,0,1,HIGH,10.0,2
CVE-2014-2623,HP Data Protector 8.10 - Remote Command Execution (Metasploit),other,5555,0,1,HIGH,10.0,2
CVE-2017-12557,HP Intelligent Management - Java Deserialization Remote Code Execution (Metasploit),http-alt,8080,0,1,CRITICAL,3.9,2
CVE-2013-4822,HP Intelligent Management Center BIms UploadServlet - Directory Traversal (Metasploit),http-alt,8080,0,1,HIGH,10.0,2
CVE-2013-4800,HP LoadRunner - 'magentproc.exe' Remote Overflow (Metasploit),https,443,0,1,HIGH,8.6,2
CVE-2013-4837,HP LoadRunner EmulationAdmin - Web Service Directory Traversal (Metasploit),http-alt,8080,0,1,HIGH,10.0,2
CVE-2010-1549,HP Mercury LoadRunner Agent magentproc.exe - Remote Command Execution (Metasploit),other,54345,0,1,HIGH,10.0,2
CVE-2010-1554,HP OpenView Network Node Manager (OV NNM) - 'getnnmdata.exe ICount' CGI Buffer Overflow (Metasploit),http,80,0,1,HIGH,10.0,1
CVE-2010-1553,HP OpenView Network Node Manager (OV NNM) - 'getnnmdata.exe' (MaxAge) CGI Buffer Overflow (Metasploit),http,80,0,1,HIGH,10.0,1
CVE-2010-1555,HP OpenView Network Node Manager (OV NNM) - 'getnnmdata.exe' CGI Invalid Hostname Remote Code Execution,http,80,0,1,HIGH,10.0,2
CVE-2010-1554,HP OpenView Network Node Manager (OV NNM) - 'getnnmdata.exe' CGI Invalid ICount Remote Code Execution,http,80,0,1,HIGH,10.0,2
CVE-2010-1553,HP OpenView Network Node Manager (OV NNM) - 'getnnmdata.exe' CGI Invalid MaxAge Remote Code Execution,http,80,0,1,HIGH,10.0,2
CVE-2011-0267,HP OpenView Network Node Manager (OV NNM) - 'nnmRptConfig.exe schdParams' Remote Buffer Overflow (Metasploit),http,80,0,1,HIGH,10.0,1
CVE-2007-6204,HP OpenView Network Node Manager (OV NNM) - 'OpenView5.exe' CGI Buffer Overflow (Metasploit),http,80,0,1,HIGH,10.0,1
CVE-2010-1964,HP OpenView Network Node Manager (OV NNM) - 'ovwebsnmpsrv.exe main' Remote Buffer Overflow (Metasploit),http,80,0,1,HIGH,10.0,1
CVE-2010-1552,HP OpenView Network Node Manager (OV NNM) - 'snmpviewer.exe' Remote Buffer Overflow (Metasploit),http,80,0,1,HIGH,10.0,1
CVE-2008-1697,HP OpenView Network Node Manager (OV NNM) 7.5.1 - 'OVAS.exe' Overflow (SEH),other,7510,0,1,HIGH,10.0,2
CVE-2009-4179,HP OpenView Network Node Manager (OV NNM) 7.53 - 'ovalarm.exe' CGI Remote Buffer Overflow,http,80,0,1,HIGH,10.0,2
CVE-2007-6204,HP OpenView Network Node Manager 07.50 - CGI Remote Buffer Overflow,http,80,0,1,HIGH,10.0,2
CVE-2013-4811,HP ProCurve Manager - SNAC UpdateDomainControllerServlet Arbitrary File Upload (Metasploit),https,443,0,1,HIGH,10.0,2
CVE-2013-4812,HP ProCurve Manager SNAC - UpdateCertificatesServlet Arbitrary File Upload (Metasploit),https,443,0,1,HIGH,10.0,2
CVE-2013-2367,HP SiteScope (Windows) - Remote Code Execution (Metasploit),http-alt,8080,0,1,HIGH,10.0,2
CVE-2008-1661,HP StorageWorks - NSI Double Take Remote Overflow (Metasploit),other,1100,0,1,HIGH,10.0,1
CVE-2012-3282,HP StorageWorks P4000 Virtual SAN Appliance - Login Buffer Overflow (Metasploit),other,13838,0,1,HIGH,10.0,2
CVE-2013-2343,HP StorageWorks P4000 Virtual SAN Appliance - Login Buffer Overflow (Metasploit),other,13838,0,1,HIGH,10.0,2
CVE-2013-3576,HP System Management Homepage - JustGetSNMPQueue Command Injection (Metasploit),other,2381,1,1,HIGH,8.0,2
CVE-2017-5816,HPE iMC - dbman 'RestartDB' Remote Command Execution (Metasploit),other,2810,0,1,CRITICAL,3.9,2
CVE-2017-5817,HPE iMC - dbman 'RestoreDBase' Remote Command Execution (Metasploit),other,2810,0,1,CRITICAL,3.9,2
CVE-2009-4769,httpdx - 'tolog()' Format String (Metasploit) (2),http,80,0,1,HIGH,8.6,1
CVE-2009-3711,httpdx 1.4 - GET Buffer Overflow,http,80,0,1,HIGH,10.0,2
CVE-2003-1192,IA WebMail Server 3.x - 'iaregdll.dll 1.0.0.5' Remote Overflow,http,80,0,1,HIGH,10.0,2
CVE-2003-1192,IA WebMail Server 3.x - Remote Buffer Overflow (Metasploit),http,80,0,1,HIGH,10.0,1
CVE-2006-4681,IBM Director < 5.10 - 'Redirect.bat' Directory Traversal,other,411,0,1,MEDIUM,10.0,2
CVE-2010-3407,IBM Lotus Domino iCalendar - MAILTO Buffer Overflow (Metasploit),smtp,25,0,1,HIGH,8.6,1
CVE-2008-2499,IBM Lotus Domino Sametime - 'STMux.exe' Remote Stack Buffer Overflow (Metasploit),other,1533,0,1,HIGH,10.0,1
CVE-2007-1675,IBM Lotus Domino Server 6.5 - Remote Overflow,imap,143,0,1,HIGH,10.0,2
CVE-2008-2240,IBM Lotus Domino Web Server - Accept-Language Stack Buffer Overflow (Metasploit),http,80,0,1,HIGH,10.0,1
CVE-2007-4880,IBM Tivoli Storage Manager 5.3 - Express CAD Service Buffer Overflow,other,1581,0,1,HIGH,10.0,2
CVE-2007-1868,IBM TPM for OS Deployment 5.1.0.x - 'rembo.exe' Remote Buffer Overflow (Metasploit),https,443,0,1,HIGH,10.0,1
CVE-2015-7450,IBM WebSphere - RCE Java Deserialization (Metasploit),other,8800,0,1,CRITICAL,3.9,1
CVE-2004-1561,Icecast 2.0.1 (Win32) - Remote Code Execution (1),other,8000,0,1,HIGH,10.0,2
CVE-2004-1561,Icecast 2.0.1 (Win32) - Remote Code Execution (2),other,8000,0,1,HIGH,10.0,2
CVE-2011-4051,InduSoft Web Studio - Arbitrary File Upload / Remote Code Execution (Metasploit),other,4322,0,1,HIGH,10.0,2
CVE-2019-16702,Integard Pro NoJs 2.2.0.9026 - Remote Buffer Overflow,other,18881,0,1,CRITICAL,3.9,2
CVE-2011-1566,Interactive Graphical SCADA System - Remote Command Injection (Metasploit),other,12397,0,1,HIGH,10.0,2
CVE-2004-1520,IPSwitch IMail 8.13 - 'DELETE' Remote Stack Overflow,imap,143,0,0,MEDIUM,3.9,2
CVE-2004-0297,IPSwitch IMail LDAP Daemon/Service - Remote Buffer Overflow,other,389,0,1,HIGH,10.0,2
CVE-2004-0297,IPSwitch IMail LDAP Daemon/Service - Remote Buffer Overflow (Metasploit),other,389,0,1,HIGH,10.0,1
CVE-2007-3925,IPSwitch IMail Server 2006 - SEARCH Remote Stack Overflow,imap,143,1,1,MEDIUM,8.0,2
CVE-2006-4379,Ipswitch IMail Server 2006 / 8.x - 'RCPT' Remote Stack Overflow,smtp,25,0,1,HIGH,10.0,2
CVE-2007-3927,IPSwitch IMail Server 2006 9.10 - Subscribe Remote Overflow,imap,143,0,1,HIGH,10.0,2
CVE-2007-5094,IPSwitch IMail Server 8.0x - Remote Heap Overflow,smtp,25,0,1,HIGH,10.0,2
CVE-2006-4379,Ipswitch IMail Server 8.10-8.12 - RCPT TO Remote Buffer Overflow,smtp,25,0,1,HIGH,10.0,2
CVE-2006-4379,Ipswitch IMail Server 8.10-8.12 - RCPT TO Remote Buffer Overflow (Metasploit),smtp,25,0,1,HIGH,10.0,2
CVE-2005-1255,IPSwitch IMail Server 8.20 - IMAPD Remote Buffer Overflow,imap,143,0,1,HIGH,10.0,2
CVE-2005-1255,IPSwitch IMAP Server - LOGON Remote Stack Overflow,imap,143,0,1,HIGH,10.0,2
CVE-2007-2795,IPSwitch IMAP Server 9.20 - Remote Buffer Overflow,imap,143,1,1,HIGH,8.0,2
CVE-2004-0798,IPSwitch WhatsUp Gold 8.03 - Remote Buffer Overflow,http,80,0,1,HIGH,10.0,2
CVE-2004-1883,Ipswitch WS_FTP Server 4.0.2 - ALLO Remote Buffer Overflow,ftp,21,0,0,HIGH,3.9,2
CVE-2004-1135,Ipswitch WS_FTP Server 5.03 - MKD Overflow (Metasploit),ftp,21,0,1,MEDIUM,10.0,2
CVE-2006-4847,Ipswitch WS_FTP Server 5.05 - XMD5 Remote Buffer Overflow (Metasploit),ftp,21,1,1,MEDIUM,8.0,2
CVE-2014-2314,JIRA Issues Collector - Directory Traversal (Metasploit),http-alt,8080,0,1,MEDIUM,8.6,2
CVE-2006-0441,KarjaSoft Sami FTP Server 2.0.1 - Remote Buffer Overflow (cpp),ftp,21,0,1,HIGH,10.0,2
CVE-2006-0441,KarjaSoft Sami FTP Server 2.0.1 - Remote Buffer Overflow (Metasploit),ftp,21,0,1,HIGH,10.0,2
CVE-2006-0441,KarjaSoft Sami FTP Server 2.0.2 - USER Remote Buffer Overflow (Metasploit),ftp,21,0,1,HIGH,10.0,1
CVE-2006-2212,KarjaSoft Sami FTP Server 2.0.2 - USER Remote Buffer Overflow (Metasploit),ftp,21,0,1,MEDIUM,10.0,2
CVE-2006-0441,KarjaSoft Sami FTP Server 2.0.2 - USER/PASS Remote Buffer Overflow,ftp,21,0,1,HIGH,10.0,2
CVE-2003-0220,Kerio Personal Firewall 2.1.4 - Remote Authentication Packet Overflow (Metasploit),other,44334,0,1,HIGH,10.0,2
CVE-2014-0787,KingScada AlarmServer 3.1.2.13 - Remote Stack Buffer Overflow (Metasploit),other,12401,0,1,HIGH,10.0,2
CVE-2014-4158,Kolibri Web Server 2.0 - GET Stack Buffer Overflow,http,80,0,1,HIGH,10.0,2
CVE-2014-5289,Kolibri WebServer 2.0 - Remote Buffer Overflow (EMET 5.0 / EMET 4.1 Partial Bypass),http,80,0,1,CRITICAL,3.9,2
CVE-2015-7603,Konica Minolta FTP Utility 1.0 - Directory Traversal,ftp,21,0,1,HIGH,10.0,2
CVE-2015-7767,Konica Minolta FTP Utility 1.0 - Remote Command Execution,ftp,21,0,1,HIGH,10.0,2
CVE-2015-7768,Konica Minolta FTP Utility 1.00 - (Authenticated) CWD Command Overflow (SEH) (Metasploit),ftp,21,0,1,HIGH,10.0,2
CVE-2015-7768,Konica Minolta FTP Utility 1.00 - CWD Command Overflow (SEH),ftp,21,0,1,HIGH,10.0,2
CVE-2003-0558,LeapWare LeapFTP 2.7.x - Remote Buffer Overflow,ftp,21,0,1,HIGH,10.0,2
CVE-2013-3563,Lianja SQL 1.0.0RC5.1 - db_netserver Stack Buffer Overflow (Metasploit),other,8001,0,1,HIGH,10.0,2
CVE-2017-1274,Lotus Domino 8.5.3 - 'EXAMINE' Stack Buffer Overflow DEP/ASLR Bypass (NSA's EMPHASISMINE),imap,143,1,1,HIGH,2.8,2
CVE-2007-1675,Lotus Domino IMAP4 Server 6.5.4 - Remote Buffer Overflow,imap,143,0,1,HIGH,10.0,2
CVE-2005-2428,Lotus Domino R6 Webmail - Remote Password Hash Dumper,http,80,0,1,MEDIUM,10.0,2
CVE-2007-0977,Lotus Domino R6 Webmail - Remote Password Hash Dumper,http,80,0,1,HIGH,8.6,2
CVE-2005-3155,MailEnable 1.54 Pro - Universal IMAPD W3C Logging Buffer Overflow (Metasploit),imap,143,0,1,HIGH,10.0,2
CVE-2005-1348,MailEnable Enterprise & Professional - https Remote Buffer Overflow,http-alt,8080,0,1,HIGH,10.0,2
CVE-2006-6423,MailEnable IMAPD Enterprise 2.32 < 2.34 - Remote Buffer Overflow,imap,143,0,1,HIGH,10.0,2
CVE-2006-6423,MailEnable IMAPD Professional 2.35 - Remote Buffer Overflow,imap,143,0,1,HIGH,10.0,2
CVE-2004-2501,MailEnable Mail Server IMAP 1.52 - Remote Buffer Overflow,imap,143,0,1,HIGH,10.0,2
CVE-2007-1301,MailEnable Professional/Enterprise 2.37 - 'APPEND' Remote Buffer Overflow,imap,143,1,1,HIGH,8.0,2
CVE-2014-5005,ManageEngine Desktop Central StatusUpdate - Arbitrary File Upload (Metasploit),other,8020,0,1,HIGH,10.0,2
CVE-2014-5006,ManageEngine Desktop Central StatusUpdate - Arbitrary File Upload (Metasploit),other,8020,0,1,HIGH,10.0,2
CVE-2015-7387,ManageEngine EventLog Analyzer - Remote Code Execution (Metasploit),other,8400,0,1,HIGH,10.0,2
CVE-2006-4305,MaxDB WebDBM - 'Database' Remote Overflow (Metasploit),other,9999,0,1,HIGH,10.0,1
CVE-2005-0684,MaxDB WebDBM - GET Buffer Overflow (Metasploit),other,9999,0,1,HIGH,10.0,1
CVE-2006-5156,McAfee ePo 3.5.0 / ProtectionPilot 1.1.0 - Source Remote (Metasploit),other,81,0,1,HIGH,10.0,2
CVE-2004-1520,MDaemon 8.0.3 - IMAPD CRAM-MD5 Authentication Overflow (Metasploit),imap,143,0,0,MEDIUM,3.9,2
CVE-2004-0735,Medal of Honor Allied Assault - getinfo Stack Buffer Overflow (Metasploit),other,12203,0,1,HIGH,10.0,1
CVE-2006-1255,Mercur MailServer 5.0 SP3 - 'IMAP' Remote Buffer Overflow (2),imap,143,0,1,HIGH,10.0,2
CVE-2007-1579,Mercur Messaging 2005 (Windows 2000 SP4) - IMAP 'Subscribe' Remote Overflow,imap,143,0,1,HIGH,10.0,2
CVE-2006-1255,Mercur Messaging 2005 - IMAP Remote Buffer Overflow,imap,143,0,1,HIGH,10.0,2
CVE-2006-1255,Mercur Messaging 2005 < SP4 - IMAP Remote (Egghunter),imap,143,0,1,HIGH,10.0,2
CVE-2005-4411,Mercury Mail Transport System 4.01b - PH SERVER Remote Overflow,other,105,0,1,HIGH,10.0,2
CVE-2007-5018,Mercury/32 4.52 IMAPD - 'SEARCH' (Authenticated) Overflow,imap,143,1,1,MEDIUM,6.8,2
CVE-2004-1211,Mercury/32 Mail Server 3.32 < 4.51 - SMTP EIP Overwrite,smtp,25,0,1,HIGH,10.0,2
CVE-2004-2513,Mercury/32 Mail Server 3.32 < 4.51 - SMTP EIP Overwrite,smtp,25,0,1,HIGH,10.0,2
CVE-2004-1211,Mercury/32 Mail Server 4.0.1 - 'LOGIN' Remote IMAP Stack Buffer Overflow,imap,143,0,1,HIGH,10.0,2
CVE-2004-1211,Mercury/32 Mail Server 4.01 - 'Pegasus' IMAP Buffer Overflow (1),imap,143,0,1,HIGH,10.0,2
CVE-2004-2513,Mercury/32 Mail Server 4.01 - 'Pegasus' IMAP Buffer Overflow (1),imap,143,0,1,HIGH,10.0,2
CVE-2004-1211,Mercury/32 Mail Server 4.01 - 'Pegasus' IMAP Buffer Overflow (2),imap,143,0,1,HIGH,10.0,2
CVE-2004-2513,Mercury/32 Mail Server 4.01 - 'Pegasus' IMAP Buffer Overflow (2),imap,143,0,1,HIGH,10.0,2
CVE-2004-1211,Mercury/32 Mail Server 4.01 - 'Pegasus' IMAP Buffer Overflow (3),imap,143,0,1,HIGH,10.0,2
CVE-2004-2513,Mercury/32 Mail Server 4.01 - 'Pegasus' IMAP Buffer Overflow (3),imap,143,0,1,HIGH,10.0,2
CVE-2006-5961,Mercury/32 Mail Server 4.01a (Pegasus) - IMAP Buffer Overflow,imap,143,0,1,HIGH,10.0,2
CVE-2007-1373,Mercury/32 Mail Server 4.01a (Pegasus) - IMAP Buffer Overflow,imap,143,0,1,HIGH,10.0,2
CVE-2007-4440,Mercury/32 Mail SMTPD - AUTH CRAM-MD5 Buffer Overflow (Metasploit),smtp,25,0,1,HIGH,10.0,1
CVE-2007-4440,Mercury/32 Mail SMTPD 4.51 - SMTPD CRAM-MD5 Remote Overflow,smtp,25,0,1,HIGH,10.0,2
CVE-2007-0213,Microsoft Exchange 2003 - base64-MIME Remote Code Execution,smtp,25,0,1,HIGH,10.0,2
CVE-2005-0560,Microsoft Exchange Server - Remote Code Execution (MS05-021),smtp,25,0,1,HIGH,10.0,2
CVE-2003-0714,Microsoft Exchange Server 2000 - XEXCH50 Heap Overflow (MS03-046) (Metasploit),smtp,25,0,1,HIGH,10.0,1
CVE-2003-0822,Microsoft FrontPage Server Extensions - 'fp30reg.dll' (MS03-051),http,80,0,1,HIGH,10.0,2
CVE-2003-0109,Microsoft IIS - WebDAV 'ntdll.dll' Remote Overflow,http,80,0,1,HIGH,10.0,2
CVE-2000-0884,Microsoft IIS 4.0/5.0 and PWS - Extended Unicode Directory Traversal (6),http,80,0,1,HIGH,10.0,2
CVE-2000-0884,Microsoft IIS 4.0/5.0 and PWS - Extended Unicode Directory Traversal (7),http,80,0,1,HIGH,10.0,2
CVE-2000-0884,Microsoft IIS 4.0/5.0 and PWS - Extended Unicode Directory Traversal (8),http,80,0,1,HIGH,10.0,2
CVE-2000-0884,Microsoft IIS 4.0/5.0 and PWS - Extended Unicode Directory Traversal (9),http,80,0,1,HIGH,10.0,2
CVE-2003-0719,Microsoft IIS 5.0 - SSL Remote Buffer Overflow (MS04-011),https,443,0,1,HIGH,10.0,2
CVE-2003-0109,Microsoft IIS 5.0 - WebDAV Remote,http,80,0,1,HIGH,10.0,2
CVE-2003-0109,Microsoft IIS 5.0 - WebDAV Remote Code Execution (3) (xwdav),http,80,0,1,HIGH,10.0,2
CVE-2009-3023,Microsoft IIS 5.0 FTP Server (Windows 2000 SP4) - Remote Stack Overflow,ftp,21,1,1,HIGH,8.0,2
CVE-2009-3023,Microsoft IIS 5.0/6.0 FTP Server (Windows 2000) - Remote Stack Overflow,ftp,21,1,1,HIGH,8.0,2
CVE-2009-3023,Microsoft IIS FTP Server - NLST Response Overflow (MS09-053) (Metasploit),ftp,21,1,1,HIGH,8.0,1
CVE-2009-1547,Microsoft Internet Explorer 5/6/7 - Memory Corruption (MS09-054),http,80,0,1,HIGH,2.8,2
CVE-2005-0059,Microsoft Message Queueing Service - Path Overflow (MS05-017) (Metasploit),other,2103,0,1,HIGH,10.0,1
CVE-2010-3964,Microsoft Office SharePoint Server 2007 - Remote Code Execution (MS10-104) (Metasploit),other,8082,0,1,HIGH,10.0,2
CVE-2003-0533,Microsoft Windows - 'Lsasrv.dll' RPC Remote Buffer Overflow (MS04-011),smb,445,0,1,HIGH,10.0,2
CVE-2006-4691,Microsoft Windows - 'NetpManageIPCConnect' Remote Stack Overflow (MS06-070),smb,445,0,1,HIGH,10.0,2
CVE-2003-0352,Microsoft Windows - 'RPC DCOM' Long Filename Overflow (MS03-026),msrpc,135,0,1,HIGH,10.0,2
CVE-2003-0605,Microsoft Windows - 'RPC DCOM' Remote (1),msrpc,135,0,1,HIGH,10.0,2
CVE-2003-0605,Microsoft Windows - 'RPC DCOM' Remote (2),msrpc,135,0,1,HIGH,10.0,2
CVE-2003-0605,Microsoft Windows - 'RPC DCOM' Remote (Universal),msrpc,135,0,1,HIGH,10.0,2
CVE-2003-0605,Microsoft Windows - 'RPC DCOM' Remote Buffer Overflow,msrpc,135,0,1,HIGH,10.0,2
CVE-2003-0605,Microsoft Windows - 'RPC DCOM' Scanner (MS03-039),msrpc,135,0,1,HIGH,10.0,2
CVE-2003-0605,Microsoft Windows - 'RPC DCOM2' Remote (MS03-039),msrpc,135,0,1,HIGH,10.0,2
CVE-2003-0605,Microsoft Windows - 'RPC2' Universal / Denial of Service (RPC3) (MS03-039),msrpc,135,0,1,HIGH,10.0,2
CVE-2004-1080,Microsoft Windows - 'WINS' Remote Buffer Overflow (MS04-045) (3),other,42,0,1,HIGH,10.0,2
CVE-2003-0818,Microsoft Windows - ASN.1 Remote (MS04-007),smb,445,0,1,HIGH,10.0,2
CVE-2019-0708,Microsoft Windows - BlueKeep RDP Remote Windows Kernel Use After Free (Metasploit),rdp,3389,0,1,CRITICAL,3.9,1
CVE-2006-3439,Microsoft Windows - CanonicalizePathName() Remote (MS06-040),netbios,139,0,1,HIGH,10.0,2
CVE-2007-1748,Microsoft Windows - DNS DnssrvQuery Remote Stack Overflow,netbios,139,0,1,HIGH,10.0,2
CVE-2007-1748,Microsoft Windows - DNS RPC Remote Buffer Overflow (2),smb,445,0,1,HIGH,10.0,2
CVE-2004-0206,Microsoft Windows - NetDDE Remote Buffer Overflow (MS04-031),netbios,139,0,1,HIGH,10.0,2
CVE-2006-3439,Microsoft Windows - NetpIsRemote() Remote Overflow (MS06-040) (2),smb,445,0,1,HIGH,10.0,2
CVE-2006-3439,Microsoft Windows - NetpIsRemote() Remote Overflow (MS06-040) (Metasploit),smb,445,0,1,HIGH,10.0,2
CVE-2005-1983,Microsoft Windows - Plug-and-Play Service Remote Overflow (MS05-039),netbios,139,0,1,HIGH,10.0,2
CVE-2006-2370,Microsoft Windows - RRAS RASMAN Registry Stack Overflow (MS06-025) (Metasploit),smb,445,0,1,HIGH,10.0,2
CVE-2003-0109,Microsoft Windows - WebDAV Remote Code Execution (2),http,80,0,1,HIGH,10.0,2
CVE-2003-0003,Microsoft Windows 2000/NT 4 - RPC Locator Service Remote Overflow,netbios,139,0,1,HIGH,10.0,2
CVE-2008-4037,Microsoft Windows 2000/XP - SMB Authentication Remote Overflow,netbios,139,0,1,HIGH,8.6,2
CVE-2017-0144,Microsoft Windows 7/2008 R2 - 'EternalBlue' SMB Remote Code Execution (MS17-010),smb,445,1,1,HIGH,2.8,1
CVE-2003-0227,Microsoft Windows Media Services - 'nsiislog.dll' Remote Overflow,http,80,0,1,MEDIUM,10.0,2
CVE-2003-0349,Microsoft Windows Media Services - Remote (MS03-022),http,80,0,1,HIGH,10.0,2
CVE-2005-0059,Microsoft Windows Message Queuing - Remote Buffer Overflow Universal (MS05-017) (v.0.3),other,2103,0,1,HIGH,10.0,2
CVE-2003-0717,Microsoft Windows Messenger Service (French) - Remote (MS03-043),msrpc,135,0,1,HIGH,10.0,2
CVE-2005-1983,Microsoft Windows Plug-and-Play Service - Remote Universal (MS05-039),smb,445,0,1,HIGH,10.0,2
CVE-2005-1983,Microsoft Windows Plug-and-Play Service - Remote Universal (Spanish) (MS05-039),smb,445,0,1,HIGH,10.0,2
CVE-2006-2370,Microsoft Windows RRAS - Remote Stack Overflow (MS06-025) (Metasploit),smb,445,0,1,HIGH,10.0,2
CVE-2007-4005,Microsoft Windows RSH daemon 1.7 - Remote Buffer Overflow,other,514,0,1,MEDIUM,10.0,2
CVE-2007-4006,Microsoft Windows RSH daemon 1.7 - Remote Buffer Overflow,other,514,0,1,MEDIUM,8.6,2
CVE-2008-4250,Microsoft Windows Server - Code Execution (MS08-067),msrpc,135,0,1,CRITICAL,3.9,1
CVE-2008-4250,Microsoft Windows Server - Universal Code Execution (MS08-067),msrpc,135,0,1,CRITICAL,3.9,1
CVE-2004-0567,Microsoft Windows Server 2000 - WINS Remote Code Execution,other,42,0,1,HIGH,10.0,2
CVE-2001-0241,Microsoft Windows Server 2000 SP1/SP2 - isapi .printer Extension Overflow (1),http,80,0,1,HIGH,10.0,2
CVE-2001-0241,Microsoft Windows Server 2000 SP1/SP2 - isapi .printer Extension Overflow (2),http,80,0,1,HIGH,10.0,2
CVE-2007-1748,Microsoft Windows Server 2000 SP4 - DNS RPC Remote Buffer Overflow,netbios,139,0,1,HIGH,10.0,2
CVE-2008-4250,Microsoft Windows Server 2000/2003 - Code Execution (MS08-067),smb,445,0,1,CRITICAL,3.9,1
CVE-2006-3439,Microsoft Windows Server 2003 - NetpIsRemote() Remote Overflow (MS06-040) (Metasploit),smb,445,0,1,HIGH,10.0,2
CVE-2003-0533,Microsoft Windows XP/2000 - 'Lsasrv.dll' Remote Universal (MS04-011),smb,445,0,1,HIGH,10.0,2
CVE-2003-0605,Microsoft Windows XP/2000 - 'RPC DCOM' Remote (MS03-026),msrpc,135,0,1,HIGH,10.0,2
CVE-2003-0605,Microsoft Windows XP/2000 - RPC Remote Non Exec Memory,msrpc,135,0,1,HIGH,10.0,2
CVE-2018-19861,MiniShare 1.4.1 - 'HEAD/POST' Remote Buffer Overflow,http,80,0,1,CRITICAL,3.9,2
CVE-2018-19862,MiniShare 1.4.1 - 'HEAD/POST' Remote Buffer Overflow,http,80,0,1,CRITICAL,3.9,2
CVE-2004-2271,MiniShare 1.4.1 - Remote Buffer Overflow (1),http,80,0,1,HIGH,10.0,2
CVE-2004-2271,MiniShare 1.4.1 - Remote Buffer Overflow (2),http,80,0,1,HIGH,10.0,2
CVE-2004-2271,MiniShare 1.4.1 - Remote Buffer Overflow (Metasploit),http,80,0,1,HIGH,10.0,1
CVE-2008-0226,MySQL yaSSL (Windows) - SSL Hello Message Buffer Overflow (Metasploit),mysql,3306,0,1,HIGH,10.0,1
CVE-2006-5112,NaviCOPA Web Server 2.0.1 - URL Handling Buffer Overflow (Metasploit),http,80,0,1,HIGH,10.0,1
CVE-2006-5112,NaviCOPA Web Server 2.01 - 'GET' Remote Buffer Overflow,http,80,0,1,HIGH,10.0,2
CVE-2006-5112,NaviCOPA Web Server 2.01 - 'GET' Remote Buffer Overflow (Metasploit),http,80,0,1,HIGH,10.0,2
CVE-2007-1733,NaviCOPA Web Server 2.01 - Remote Buffer Overflow (Metasploit),http,80,0,1,HIGH,10.0,2
CVE-2005-1323,NetFTPd 4.2.2 - User Authentication Remote Buffer Overflow,ftp,21,0,1,HIGH,10.0,2
CVE-2016-1525,Netgear NMS300 ProSafe Network Management System - Arbitrary File Upload (Metasploit),http-alt,8080,0,1,HIGH,3.9,2
CVE-2008-1498,NetWin Surgemail 3.8k4-4 - IMAP (Authenticated) Remote LIST Universal,imap,143,1,1,HIGH,8.0,2
CVE-2001-1320,Network Associates PGP KeyServer 7 - LDAP Buffer Overflow (Metasploit),other,389,0,1,HIGH,10.0,1
CVE-2003-1142,NIPrint LPD-LPR Print Server 4.10 - Remote Overflow,other,515,0,1,HIGH,10.0,2
CVE-2005-0185,NodeManager Professional 2.00 - Remote Buffer Overflow,other,162,0,1,HIGH,10.0,2
CVE-2005-2551,Novell eDirectory 8.7.3 - iMonitor Remote Stack Overflow (Metasploit),other,8008,0,1,HIGH,10.0,2
CVE-2006-5478,Novell eDirectory NDS Server - Host Header Overflow (Metasploit),other,8028,0,1,HIGH,10.0,1
CVE-2008-2703,Novell Groupwise Messenger Client - Remote Buffer Overflow (Metasploit),other,8300,0,1,HIGH,10.0,1
CVE-2006-0992,Novell Messenger Server 2.0 - Accept-Language Overflow (Metasploit),other,8300,0,1,HIGH,10.0,1
CVE-2006-6424,Novell NetMail 3.52d - NMAP STOR Buffer Overflow (Metasploit),other,689,1,1,HIGH,8.0,1
CVE-2005-1543,Novell ZENworks 6.5 - Desktop/Server Management Remote Stack Overflow (Metasploit),other,1761,0,1,HIGH,10.0,2
CVE-2011-3175,Novell ZENworks Configuration Management Preboot Service - 0x4c Buffer Overflow (Metasploit),other,998,0,1,HIGH,10.0,2
CVE-2011-3176,Novell ZENworks Configuration Management Preboot Service - 0x4c Buffer Overflow (Metasploit),other,998,0,1,HIGH,10.0,2
CVE-2008-0871,Now SMS/Mms Gateway - Remote Buffer Overflow (Metasploit),other,8800,0,1,MEDIUM,8.6,2
CVE-2008-0871,Now SMS/Mms Gateway 5.5 - Remote Buffer Overflow,other,8800,0,1,MEDIUM,8.6,2
CVE-2018-18982,Nuuo Central Management - (Authenticated) SQL Server SQL Injection (Metasploit),other,5180,1,1,HIGH,2.8,2
CVE-2006-5780,Omni-NFS Server 5.2 - 'nfsd.exe' Remote Stack Overflow (Metasploit),other,2049,0,1,HIGH,10.0,2
CVE-2010-2620,Open-FTPD 1.2 - Arbitrary File Upload (Metasploit),http-alt,8080,0,1,HIGH,8.6,2
CVE-2003-0727,Oracle 9.2.0.1 - Universal XDB HTTP Pass Overflow (Metasploit),http-alt,8080,0,0,LOW,3.9,3
CVE-2010-4417,Oracle BeeHive 2 - 'voice-servlet processEvaluation()' Write File (Metasploit),other,7777,0,1,HIGH,10.0,2
CVE-2009-1979,Oracle Database 10.1.0.5 < 10.2.0.4 - AUTH_SESSKEY Length Validation Remote Buffer Overflow,other,1521,0,1,HIGH,10.0,2
CVE-2013-3763,Oracle Endeca Server - Remote Command Execution (Metasploit),other,7770,1,1,MEDIUM,8.0,2
CVE-2014-2424,Oracle Event Processing FileUploadServlet - Arbitrary File Upload (Metasploit),other,9002,1,1,MEDIUM,8.0,2
CVE-2009-1977,Oracle Secure Backup Server 10.3.0.1.0 - Authentication Bypass / Remote Code Injection,http,80,0,1,HIGH,10.0,2
CVE-2009-1978,Oracle Secure Backup Server 10.3.0.1.0 - Authentication Bypass / Remote Code Injection,http,80,1,1,HIGH,8.0,2
CVE-2018-2628,Oracle Weblogic Server - Deserialization Remote Code Execution (Metasploit),other,7001,0,1,CRITICAL,3.9,1
CVE-2003-0727,Oracle XDB FTP Service - UNLOCK Buffer Overflow,other,2100,0,0,LOW,3.9,3
CVE-2013-4730,PCMan FTP Server 2.0.7 - 'RENAME' Remote Buffer Overflow,ftp,21,0,1,HIGH,10.0,2
CVE-2015-7601,PCMan FTP Server 2.0.7 - Directory Traversal,ftp,21,0,1,HIGH,10.0,2
CVE-2013-4730,PCMan FTP Server 2.0.7 - Remote (Metasploit),ftp,21,0,1,HIGH,10.0,2
CVE-2013-4730,PCMan FTP Server 2.07 - 'ABOR' Remote Buffer Overflow,ftp,21,0,1,HIGH,10.0,2
CVE-2013-4730,PCMan FTP Server 2.07 - 'CWD' Remote Buffer Overflow,ftp,21,0,1,HIGH,10.0,2
CVE-2013-4730,PCMan FTP Server 2.07 - 'STOR' Remote Stack Overflow (Metasploit),ftp,21,0,1,HIGH,10.0,2
CVE-2013-4730,PCMan FTP Server 2.07 - Remote Buffer Overflow,ftp,21,0,1,HIGH,10.0,2
CVE-2015-1497,Persistent Systems Client Automation - Command Injection Remote Code Execution (Metasploit),other,3465,0,1,HIGH,10.0,2
CVE-2014-2560,PhonerLite 2.14 SIP Soft Phone - SIP Digest Disclosure,other,5060,0,1,HIGH,1.6,2
CVE-2003-0172,PHP 4.3.7 - 'openlog()' Remote Buffer Overflow,http,80,0,1,HIGH,10.0,2
CVE-2005-1173,PMSoftware Simple Web Server - GET Remote Buffer Overflow,http,80,0,1,HIGH,10.0,2
CVE-2005-1173,PMSoftware Simple Web Server 1.0 - Remote Stack Overflow,http,80,0,1,HIGH,10.0,2
CVE-2006-3252,Private Wire Gateway - Remote Buffer Overflow (Metasploit),http,80,0,1,HIGH,10.0,1
CVE-2006-4948,ProSysInfo TFTP Server TFTPDWIN 0.4.2 - Remote Buffer Overflow (1),other,69,0,1,HIGH,10.0,2
CVE-2007-1404,ProSysInfo TFTP Server TFTPDWIN 0.4.2 - Remote Buffer Overflow (2),other,69,0,0,HIGH,5.5,2
CVE-2006-4948,ProSysInfo TFTP server TFTPDWIN 0.4.2 - Universal Remote Buffer Overflow,other,69,0,1,HIGH,10.0,2
CVE-2004-0326,Proxy-Pro Professional GateKeeper 4.7 - GET Overflow (Metasploit),other,3128,0,1,HIGH,10.0,1
CVE-2004-0326,Proxy-Pro Professional GateKeeper Pro 4.7 - Web proxy Remote Buffer Overflow,other,3128,0,1,HIGH,10.0,2
CVE-2004-0313,PSOProxy 0.91 (Windows 2000/XP) - Remote Buffer Overflow,http-alt,8080,0,1,HIGH,10.0,2
CVE-2006-2926,QBik WinGate WWW Proxy Server - URL Processing Overflow (Metasploit),http,80,0,1,HIGH,10.0,1
CVE-2006-2926,QBik WinGate WWW Proxy Server 6.1.1.1077 - 'POST' Remote Buffer Overflow,http,80,0,1,HIGH,10.0,2
CVE-2006-5551,QK SMTP 3.01 - 'RCPT TO' Remote Buffer Overflow (1),smtp,25,0,1,HIGH,10.0,2
CVE-2006-5551,QK SMTP 3.01 - 'RCPT TO' Remote Buffer Overflow (2),smtp,25,0,1,HIGH,10.0,2
CVE-2008-1610,Quick TFTP Server Pro 2.1 - Remote Overflow (SEH),other,69,0,1,HIGH,10.0,2
CVE-2007-4370,Racer 0.5.3 Beta 5 - Remote Buffer Overflow,other,26000,0,1,HIGH,10.0,2
CVE-2007-4370,Racer 0.5.3 Beta 5 - Remote Buffer Overflow (Metasploit),other,26000,0,1,HIGH,10.0,1
CVE-2006-4723,RaidenHTTPD 1.1.49 - 'SoftParserFileXml' Remote Code Execution,http,80,0,1,MEDIUM,4.9,2
CVE-2007-2783,Rational Software Hidden Administrator 1.7 - Authentication Bypass,other,69,0,1,HIGH,10.0,2
CVE-2002-1643,RealServer < 8.0.2 (Windows Platforms) - Remote Overflow,other,554,0,1,HIGH,10.0,2
CVE-2006-2369,RealVNC 4.1.0/4.1.1 - Authentication Bypass,vnc,5900,0,1,HIGH,10.0,2
CVE-2014-6287,Rejetto HTTP File Server (HFS) - Remote Command Execution (Metasploit),http,80,0,1,CRITICAL,3.9,1
CVE-2014-6287,Rejetto HTTP File Server (HFS) 2.3.x - Remote Command Execution (1),http,80,0,1,CRITICAL,3.9,1
CVE-2006-1124,RevilloC MailServer 1.21 - 'USER' Remote Buffer Overflow,pop3,110,0,1,HIGH,10.0,2
CVE-2004-0330,RhinoSoft Serv-U FTPd Server - MDTM Overflow (Metasploit),ftp,21,0,1,HIGH,10.0,1
CVE-2004-2111,RhinoSoft Serv-U FTPd Server 3.x/4.x - 'SITE CHMOD' Remote Overflow,ftp,21,1,1,HIGH,6.8,2
CVE-2004-0330,RhinoSoft Serv-U FTPd Server 3.x/4.x/5.x - 'MDTM' Remote Overflow,ftp,21,0,1,HIGH,10.0,2
CVE-2004-2111,RhinoSoft Serv-U FTPd Server 4.x - 'site chmod' Remote Buffer Overflow,ftp,21,1,1,HIGH,6.8,2
CVE-2009-1943,SafeNet SoftRemote - IKE Service Buffer Overflow (Metasploit),other,62514,0,1,HIGH,10.0,1
CVE-2004-2086,Sambar Server 6 - Search Results Buffer Overflow (Metasploit),http,80,0,1,MEDIUM,10.0,2
CVE-2009-4988,SAP Business One 2005-A License Manager - Remote Buffer Overflow,other,30000,0,1,HIGH,10.0,2
CVE-2007-3614,SAP DB 7.4 - WebTools Buffer Overflow (Metasploit),other,9999,0,1,HIGH,10.0,1
CVE-2007-3614,SAP DB 7.4 - WebTools Remote Overwrite (SEH),other,9999,0,1,HIGH,10.0,2
CVE-2012-2611,SAP NetWeaver Dispatcher - DiagTraceR3Info Buffer Overflow (Metasploit),other,3200,0,1,HIGH,8.6,2
CVE-2005-0338,Savant Web Server 3.1 (French Windows)- Remote Buffer Overflow,http,80,0,1,HIGH,10.0,2
CVE-2005-0338,Savant Web Server 3.1 (Windows 2003) - Remote Buffer Overflow,http,80,0,1,HIGH,10.0,2
CVE-2002-1120,Savant Web Server 3.1 - GET Universal Remote Overflow,http,80,0,1,HIGH,10.0,2
CVE-2005-0338,Savant Web Server 3.1 - Remote Buffer Overflow (1),http,80,0,1,HIGH,10.0,2
CVE-2002-1120,Savant Web Server 3.1 - Remote Buffer Overflow (2),http,80,0,1,HIGH,10.0,2
CVE-2002-1120,Savant Web Server 3.1 - Remote Buffer Overflow (3),http,80,0,1,HIGH,10.0,2
CVE-2003-0264,Seattle Lab Mail (SLmail) 5.5 - POP3 'PASS' Remote Buffer Overflow (1),pop3,110,0,1,HIGH,10.0,2
CVE-2003-0264,Seattle Lab Mail (SLmail) 5.5 - POP3 'PASS' Remote Buffer Overflow (2),pop3,110,0,1,HIGH,10.0,2
CVE-2005-0353,Sentinel LM - UDP Buffer Overflow (Metasploit),other,5093,0,1,HIGH,10.0,1
CVE-2005-0353,Sentinel LM 7.x - UDP License Service Remote Buffer Overflow,other,5093,0,1,HIGH,10.0,2
CVE-2009-4873,Serv-U Web Client 9.0.0.5 - Remote Buffer Overflow (1),http,80,0,1,HIGH,10.0,2
CVE-2009-4873,Serv-U Web Client 9.0.0.5 - Remote Buffer Overflow (2),http,80,0,1,HIGH,10.0,2
CVE-2004-1595,ShixxNOTE 6.net - Remote Buffer Overflow,other,2000,0,1,HIGH,10.0,2
CVE-2004-1373,SHOUTcast 1.9.4 (Windows) - File Request Format String Remote Overflow,other,8000,0,1,HIGH,10.0,2
CVE-2007-4566,SIDVault 2.0e - Windows Remote Buffer Overflow,other,389,0,1,HIGH,10.0,2
CVE-2007-4566,SIDVault 2.0e - Windows Remote Buffer Overflow (Metasploit),other,389,0,1,HIGH,10.0,2
CVE-2007-4566,SIDVault 2.0e - Windows Universal Buffer Overflow (SEH),other,389,0,1,HIGH,10.0,2
CVE-2004-2418,SlimFTPd 3.15 - Remote Buffer Overflow,ftp,21,0,0,HIGH,3.9,2
CVE-2005-2287,SoftiaCom wMailServer 1.0 - Remote Buffer Overflow (Metasploit),smtp,25,0,1,MEDIUM,10.0,2
CVE-2005-2287,SoftiaCom wMailServer 1.0 - SMTP Remote Buffer Overflow (Metasploit),ftp,21,0,1,MEDIUM,10.0,2
CVE-2014-100015,SolidWorks Workgroup PDM 2014 - 'pdmwService.exe' Arbitrary File Write (Metasploit),other,30000,0,1,MEDIUM,10.0,2
CVE-2014-100015,SolidWorks Workgroup PDM 2014 SP2 - Arbitrary File Write,other,30000,0,1,MEDIUM,10.0,2
CVE-2009-1830,Soulseek 157 NS - Remote Buffer Overflow (SEH),other,2242,0,1,HIGH,10.0,2
CVE-2008-0550,Streamcast 0.9.75 - HTTP User-Agent Buffer Overflow (Metasploit),other,8000,0,1,HIGH,10.0,1
CVE-2007-4377,Surgemail 38k - 'Search' Remote Buffer Overflow,imap,143,1,1,MEDIUM,6.8,2
CVE-2005-2297,Sybase EAServer 5.2 - Remote Stack Buffer Overflow (Metasploit),http-alt,8080,0,0,MEDIUM,3.9,2
CVE-2009-1430,Symantec Alert Management System Intel Alert Originator Service - Remote Buffer Overflow (Metasploit),other,38292,0,1,HIGH,8.6,1
CVE-2008-2286,Symantec Altiris DS - SQL Injection (Metasploit),other,402,0,1,HIGH,10.0,2
CVE-2013-5014,Symantec Endpoint Protection Manager - Remote Command Execution (Metasploit),other,9090,0,1,HIGH,10.0,2
CVE-2013-5015,Symantec Endpoint Protection Manager - Remote Command Execution (Metasploit),other,9090,1,1,MEDIUM,8.0,2
CVE-2006-0230,Symantec Scan Engine 5.0.x - Change Admin Password,other,8004,0,1,HIGH,10.0,2
CVE-2004-1638,TABS MailCarrier 2.51 - Remote Buffer Overflow,smtp,25,0,1,HIGH,10.0,2
CVE-2004-1638,TABS MailCarrier 2.51 - SMTP 'EHLO' / 'HELO' Remote Buffer Overflow,smtp,25,0,1,HIGH,10.0,2
CVE-2004-1638,TABS MailCarrier 2.51 - SMTP EHLO Overflow (Metasploit),smtp,25,0,1,HIGH,10.0,1
CVE-2006-4318,Texas Imperial Software WFTPD 3.23 - 'SIZE' Remote Buffer Overflow,ftp,21,1,1,MEDIUM,8.0,2
CVE-2008-1611,TFTP Server 1.4 - ST Buffer Overflow,other,69,0,1,HIGH,10.0,2
CVE-2008-2161,TFTP Server for Windows 1.4 - ST Remote BSS Overflow,other,69,0,1,HIGH,10.0,2
CVE-2007-2711,TinyIdentD 2.2 - Remote Buffer Overflow,other,113,0,1,HIGH,10.0,2
CVE-2004-1641,Titan FTP Server - Long Command Heap Overflow,ftp,21,0,1,MEDIUM,10.0,2
CVE-2005-0478,TrackerCam - PHP Argument Buffer Overflow (Metasploit),other,8090,0,1,MEDIUM,10.0,2
CVE-2013-5019,Ultra Mini HTTPd - Remote Stack Buffer Overflow (Metasploit),http,80,0,1,HIGH,10.0,2
CVE-2013-5019,Ultra Mini HTTPd 1.21 - 'POST' Remote Stack Buffer Overflow (1),http,80,0,1,HIGH,10.0,2
CVE-2013-5019,Ultra Mini HTTPd 1.21 - 'POST' Remote Stack Buffer Overflow (2),http,80,0,1,HIGH,10.0,2
CVE-2013-5019,Ultra Mini HTTPd 1.21 - Remote Stack Buffer Overflow,http,80,0,1,HIGH,10.0,2
CVE-2004-0608,Unreal Tournament 2004 (Windows) - 'secure' Remote Overflow (Metasploit),other,7787,0,1,HIGH,10.0,1
CVE-2005-2611,Veritas Backup Exec (Windows) - Remote File Access (Metasploit),other,10000,0,1,HIGH,10.0,2
CVE-2004-1172,Veritas Backup Exec Agent 8.x/9.x - Browser Overflow,other,6101,0,1,HIGH,10.0,2
CVE-2005-3116,Veritas NetBackup 4/5 - Volume Manager Daemon Remote Buffer Overflow,other,13701,0,1,HIGH,10.0,2
CVE-2017-8895,Veritas/Symantec Backup Exec - SSL NDMP Connection Use-After-Free (Metasploit),other,10000,0,1,CRITICAL,3.9,2
CVE-2013-3520,VMware vCenter - Chargeback Manager ImageUploadServlet Arbitrary File Upload (Metasploit),https,443,0,1,HIGH,10.0,2
CVE-2007-1567,WarFTP 1.65 (Windows 2000 SP4) - 'USER' Remote Buffer Overflow,ftp,21,0,1,HIGH,10.0,2
CVE-2007-1567,WarFTP 1.65 (Windows 2000 SP4) - 'USER' Remote Buffer Overflow,ftp,21,0,1,HIGH,10.0,2
CVE-2007-1567,WarFTP 1.65 - 'USER' Remote Buffer Overflow,ftp,21,0,1,HIGH,10.0,2
CVE-2007-2668,webdesproxy 0.0.1 - GET Remote Buffer Overflow,http-alt,8080,0,1,MEDIUM,8.6,2
CVE-2004-0340,WFTPD Server 3.21 - Remote Buffer Overflow,ftp,21,0,0,HIGH,3.9,2
CVE-2009-0351,WinFTP Server 2.3.0 - 'LIST' (Authenticated) Remote Buffer Overflow,ftp,21,1,1,HIGH,8.0,2
CVE-2006-3670,Winlpd 1.2 Build 1076 - Remote Buffer Overflow,other,515,0,1,HIGH,10.0,2
CVE-2003-0391,Winmail Mail Server 2.3 Build 0402 - Remote Format String,smtp,25,0,1,HIGH,10.0,2
CVE-2007-2079,XAMPP for Windows 1.6.0a - 'mssql_connect()' Remote Buffer Overflow,http,80,0,1,HIGH,8.6,2
CVE-2007-2080,XAMPP for Windows 1.6.0a - 'mssql_connect()' Remote Buffer Overflow,http,80,0,1,HIGH,10.0,2
CVE-2007-5067,Xitami Web Server 2.5 - 'If-Modified-Since' Remote Buffer Overflow,http,80,0,1,HIGH,10.0,2
CVE-2007-5067,Xitami Web Server 2.5c2 - If-Modified-Since Overflow (Metasploit),http,80,0,1,HIGH,10.0,1
CVE-2005-1163,Yager 5.24 - Remote Buffer Overflow,other,1089,0,1,MEDIUM,10.0,2
CVE-2002-0031,Yahoo Messenger 5.5 - 'DSR-ducky.c' Remote Overflow,http,80,0,0,MEDIUM,3.9,2
CVE-2004-1558,YahooPOPs (YPOPS) 0.6 - Remote Buffer Overflow (Metasploit),smtp,25,0,1,HIGH,10.0,1
CVE-2004-1558,YahooPOPs 1.6 - SMTP Port Buffer Overflow,smtp,25,0,1,HIGH,10.0,2
CVE-2004-1558,YahooPOPs 1.6 - SMTP Remote Buffer Overflow,smtp,25,0,1,HIGH,10.0,2
CVE-2014-0784,Yokogawa CENTUM CS 3000 - 'BKBCopyD.exe' Remote Buffer Overflow (Metasploit),other,20111,0,1,HIGH,8.6,2
CVE-2014-0783,Yokogawa CENTUM CS 3000 - 'BKHOdeq.exe' Remote Buffer Overflow (Metasploit),other,20171,0,1,HIGH,10.0,2
CVE-2014-0782,Yokogawa CS3000 - 'BKESimmgr.exe' Remote Buffer Overflow (Metasploit),other,34205,0,1,HIGH,8.6,2
CVE-2014-3888,Yokogawa CS3000 - 'BKFSim_vhfd.exe' Remote Buffer Overflow (Metasploit),other,20010,0,1,HIGH,8.6,2
CVE-2008-6922,Youngzsoft CMailServer 5.4.6 - 'CMailCOM.dll' Remote Overwrite (SEH),http,80,0,1,HIGH,8.6,2
CVE-2017-14016,Advantech WebAccess 8.2-2017.03.31 - Webvrpcs Service Opcode 80061 Stack Buffer Overflow (Metasploit),other,4592,0,1,MEDIUM,2.8,2
CVE-2018-8738,Airties AIR5444TT - Cross-Site Scripting,http,80,0,1,MEDIUM,2.8,2
CVE-2016-5063,BMC BladeLogic RSCD Agent 8.3.00.64 - Windows Users Disclosure,other,4750,0,1,MEDIUM,3.9,2
CVE-2014-7883,Hewlett-Packard (HP) UCMDB - JMX-Console Authentication Bypass,http-alt,8080,0,1,MEDIUM,10.0,2
CVE-2014-2612,HP Release Control - (Authenticated) XML External Entity (Metasploit),http,80,1,1,MEDIUM,8.0,2
CVE-2010-0665,J.A.G (Just Another Guestbook) 1.14 - Database Disclosure,http,80,0,1,MEDIUM,10.0,2
CVE-2017-16542,ManageEngine Applications Manager 13 - SQL Injection,other,9090,1,1,HIGH,2.8,2
CVE-2017-16543,ManageEngine Applications Manager 13 - SQL Injection,other,9090,0,1,CRITICAL,3.9,2
CVE-2013-1081,Novell ZENworks Mobile Device Managment 2.6.1/2.7.0 - Local File Inclusion (Metasploit),http,80,0,1,HIGH,10.0,2
CVE-2013-5795,Oracle Demantra 12.2.1 - Database Credentials Disclosure,http-alt,8080,0,1,MEDIUM,10.0,2
CVE-2014-0379,Oracle Demantra 12.2.1 - Persistent Cross-Site Scripting,http-alt,8080,0,1,MEDIUM,8.6,2
CVE-2014-0372,Oracle Demantra 12.2.1 - SQL Injection,http-alt,8080,1,1,MEDIUM,8.0,2
CVE-2017-1000028,Oracle GlassFish Server Open Source Edition 4.1 - Path Traversal (Metasploit),other,4848,0,1,HIGH,3.9,2
CVE-2013-3803,Oracle Hyperion 11 - Directory Traversal,other,19000,1,1,LOW,6.8,3
CVE-2016-8371,Phoenix Contact WebVisit 2985725 - Authentication Bypass,http,80,0,1,HIGH,3.9,2
CVE-2016-8380,Phoenix Contact WebVisit 2985725 - Authentication Bypass,http,80,0,1,HIGH,3.9,2
CVE-2018-9276,PRTG Network Monitor 18.2.38 - (Authenticated) Remote Code Execution,http,80,1,1,HIGH,1.2,1
CVE-2014-7226,Rejetto HTTP File Server (HFS) 2.3a/2.3b/2.3c - Remote Command Execution,http,80,0,1,HIGH,10.0,2
CVE-2007-6483,SafeNet Sentinel Protection Server 7.0 < 7.4 / Sentinel Keys Server 1.0.3 < 1.0.4 - Directory Traversal,other,7002,0,1,MEDIUM,10.0,2
CVE-2014-3740,SpiceWorks 7.2.00174 - Persistent Cross-Site Scripting,http,80,1,1,LOW,6.8,3
CVE-2018-15657,SureMDM < 2018-11 Patch - Local / Remote File Inclusion,http,80,1,0,HIGH,1.3,2
CVE-2014-1204,Tableau Server < 8.0.7 / < 8.1.2 - Blind SQL Injection,http,80,0,1,HIGH,10.0,2
CVE-2009-4186,Apple Safari 4.0.3 (Windows x86) - 'CSS' Remote Denial of Service (1),http,80,0,1,HIGH,8.6,2
CVE-2013-0662,SEIG Modbus 3.4 - Denial of Service (PoC),other,27700,0,1,HIGH,8.6,2
CVE-2006-3747,Apache mod_rewrite (Windows x86) - Off-by-One Remote Overflow,http,80,0,1,HIGH,4.9,2
CVE-2004-1561,Icecast 2.0.1 (Windows x86) - Header Overwrite (Metasploit),other,8000,0,1,HIGH,10.0,1
CVE-2003-0727,Oracle 9i XDB (Windows x86) - FTP UNLOCK Overflow (Metasploit),other,2100,0,0,LOW,3.9,2
CVE-2003-0727,Oracle 9i XDB (Windows x86) - HTTP PASS Overflow (Metasploit),http-alt,8080,0,0,LOW,3.9,2
CVE-2006-1148,PeerCast 0.1216 (Windows x86) - URL Handling Buffer Overflow (Metasploit),other,7144,0,1,HIGH,10.0,1
CVE-2006-3252,PrivateWire Gateway 3.7 (Windows x86) - Remote Buffer Overflow (Metasploit),http,80,0,1,HIGH,10.0,2
CVE-2008-0621,SapLPD 6.28 (Windows x86) - Remote Buffer Overflow,other,515,0,1,HIGH,10.0,2
CVE-2013-0657,SEIG SCADA System 9 - Remote Code Execution,other,12397,0,1,HIGH,10.0,2
CVE-2015-1486,Symantec Endpoint Protection Manager - Authentication Bypass / Code Execution (Metasploit),https-alt,8443,0,1,HIGH,10.0,2
CVE-2015-1487,Symantec Endpoint Protection Manager - Authentication Bypass / Code Execution (Metasploit),https-alt,8443,1,1,MEDIUM,8.0,2
CVE-2015-1489,Symantec Endpoint Protection Manager - Authentication Bypass / Code Execution (Metasploit),https-alt,8443,1,1,HIGH,6.8,2
CVE-2005-2715,Veritas NetBackup 6.0 (Windows x86) - 'bpjava-msvc' Remote Command Execution,other,13722,0,1,HIGH,10.0,2
CVE-2010-4946,Allpc 2.5 osCommerce - SQL Injection / Cross-Site Scripting,http,80,0,1,HIGH,10.0,2
CVE-2010-4947,Allpc 2.5 osCommerce - SQL Injection / Cross-Site Scripting,http,80,0,1,MEDIUM,8.6,2
CVE-2018-15745,Argus Surveillance DVR 4.0.0.0 - Directory Traversal,http-alt,8080,0,1,HIGH,3.9,2
CVE-2010-4944,Joomla! Component Elite Experts - SQL Injection,http,80,0,1,HIGH,10.0,2
CVE-2017-0144,Microsoft Windows 8/8.1/2012 R2 (x64) - 'EternalBlue' SMB Remote Code Execution (MS17-010),smb,445,1,1,HIGH,2.8,1
CVE-2018-16134,Cybrotech CyBroHttpServer 1.0.3 - Cross-Site Scripting,http,80,0,1,MEDIUM,2.8,2
CVE-2018-16133,Cybrotech CyBroHttpServer 1.0.3 - Directory Traversal,https,443,0,1,MEDIUM,3.9,2
CVE-2018-15740,ManageEngine ADManager Plus 6.5.7 - Cross-Site Scripting,http-alt,8080,0,1,MEDIUM,2.8,2
CVE-2009-3960,Adobe (Multiple Products) - XML Injection File Content Disclosure,other,8400,0,1,MEDIUM,2.8,1
CVE-2015-2682,Citrix Command Center - Credential Disclosure,https-alt,8443,0,1,MEDIUM,10.0,2
CVE-2017-6803,FTP Voyager Scheduler 16.2.0 - Cross-Site Request Forgery,other,52986,0,1,HIGH,2.8,2
CVE-2014-9237,Proticaret E-Commerce Script 3.0 - SQL Injection (2),http,80,0,1,HIGH,10.0,2
